Country Code,Year,Fixed broadband subscriptions (per 100 people),GDP growth (annual %),GDP per capita (current US$),Individuals using the Internet (% of population),"Literacy rate, adult total (% of people ages 15 and above)",Mobile cellular subscriptions (per 100 people),"School enrollment, secondary (% gross)","School enrollment, tertiary (% gross)","Unemployment, total (% of total labor force) (modeled ILO estimate)"
ABW,2000,,7.622920649302216,20681.02302696252,15.4428229480349,97.2900009155273,16.8993138878562,91.5802001953125,28.3303394317627,
ABW,2001,,4.182001630477899,20740.132582817216,17.1,,58.6899950168872,97.5565338134766,28.8601303100586,
ABW,2002,,-0.944953481157384,21307.24825052669,18.8,,67.6304183674586,100.163063049316,28.5816898345947,
ABW,2003,1.51554544469722,1.1105045994428195,21949.48599608684,20.8,,75.7794388473621,101.929069519043,30.3779106140137,
ABW,2004,7.46998809178977,7.293728070961919,23700.63198991973,23.0,,105.552873526225,100.940940856934,30.352689743042,
ABW,2005,13.0255757189855,-0.3831376720637678,24171.83713254216,25.4,,109.74954897591,99.2053527832031,36.204231262207,
ABW,2006,14.6270127474002,1.1274114641162356,24845.658483619995,28.0,,114.296796377055,99.8657531738281,34.2268714904785,
ABW,2007,16.5612349488026,3.089544384850896,26736.308944404624,30.9,,117.599676975162,106.236473083496,34.8968086242676,
ABW,2008,18.8088543530494,1.835755171913675,28171.909400850072,52.0,,123.517202597004,97.0627517700195,35.0970611572266,
ABW,2009,18.9851047715223,-11.677741369385188,25134.7712303589,58.0,,129.26028780611,97.9976272583008,34.4308586120605,
ABW,2010,19.1951175659748,-2.733456792506388,24093.140151062573,62.0,96.8199996948242,131.649919092235,98.2207412719727,36.0625305175781,
ABW,2011,,3.369237184215109,25712.3843015186,69.0,,,96.633918762207,37.8648109436035,
ABW,2012,,-1.0407998843668338,25119.665544983844,74.0,,132.661183337755,108.976188659668,38.8641815185547,
ABW,2013,18.7211139062774,6.431460807192451,25813.571440843843,78.9,,135.338052614131,,17.1258697509766,
ABW,2014,18.573515327987,1.4260995115557478,26129.839061769275,83.78,,135.141671422905,,17.7518997192383,
ABW,2015,18.2369653689626,3.611479065910416,27458.220153750623,88.661226932496,,135.337479843354,,16.7312393188477,
ABW,2016,,1.2343353736342664,27441.55021446005,93.542453865048,,,,17.1416206359863,
ABW,2017,,3.49342985290626,28440.04168814911,97.17,,,,,
ABW,2018,,3.2124711192007567,30082.158422679757,,,,137.829788208008,,
ABW,2019,17.7444058425791,1.2291440889601546,30654.485123539747,,,131.682169673877,139.320587158203,,
ABW,2020,17.6908752327747,-23.940059267749064,22664.370994943685,,,131.284916201117,135.124725341797,,
ABW,2021,17.664887781476,14.833691976225992,26827.344786998598,,,131.09206195727,123.625907897949,,
ABW,2022,17.4862221892338,10.607960762124604,31000.57137987322,,,130.647974615427,131.802169799805,,
ABW,2023,,9.51636022347185,34897.618393200886,,,,,,
AFG,2000,,,174.9309914301663,,,0.0,,,7.897
AFG,2001,,-9.431974070086198,138.7068216761131,0.0047225682421736,,0.0,14.0404100418091,,7.973
AFG,2002,,28.60000117067884,178.95408837923534,0.0045613951702214,,0.116942011309976,,,7.867
AFG,2003,,8.832277802882672,198.87111572872664,0.0878912528559713,,0.879776399549396,13.959529876709,1.37434995174408,7.844
AFG,2004,0.0008488728708464,1.4141179933942851,221.76365387301303,0.105809030021958,,2.54661861253936,19.2143802642822,1.39064002037048,7.794
AFG,2005,0.0009014706140862,11.229714827285903,254.18424914933624,1.22414808372471,,4.91711244047067,20.2735099792481,,7.878
AFG,2006,0.0019666384178724,5.35740324748592,274.21855356157454,2.10712364546412,,9.91329720539894,29.523889541626,,7.897
AFG,2007,0.0019297678736258,13.826319547128136,376.2231520038759,1.899999976,,18.0166833836025,28.8154907226562,,7.841
AFG,2008,0.0018880305734077,3.924983819994665,381.7332380284397,1.84,,29.8267633771309,38.930850982666,,7.879
AFG,2009,0.0036408516811323,21.39052839264923,452.053705477043,3.55,,38.2289426518893,44.2999496459961,3.93815994262695,7.808
AFG,2010,0.0053033350305183,14.362441471073724,560.6215054631456,4.0,,36.1186814254474,50.4406204223633,,7.809
AFG,2011,,0.4263547767773445,606.6946763377257,5.0,31.4500007629394,47.0151842862822,52.4474296569824,3.68686008453369,7.83
AFG,2012,0.0049083715024662,12.752287092669732,651.4171344700457,5.454500198,,50.1966555403702,54.372859954834,,7.875
AFG,2013,0.0047434273805301,5.600744658632209,637.0870991170988,5.900000095,,53.1490159728276,54.8833694458008,,7.921
AFG,2014,0.0045742134571347,2.7245433621956465,625.0549418139383,7.0,,56.1322103822265,54.2936515808105,8.39764022827148,7.915
AFG,2015,0.0208886536333134,1.451314660664309,565.5697304087512,8.260000229,33.75,58.256016446556,53.1501083374023,,9.032
AFG,2016,0.0253626650734575,2.260314202798213,522.0822155838985,11.0,,62.2553342863232,53.4350395202637,,10.116
AFG,2017,0.0257278621511121,2.647003202745097,525.4697708916185,13.5,,67.0507903920361,55.5364303588867,,11.184
AFG,2018,0.043542941562346,1.1892281294451692,491.3372213826032,16.79999924,,59.8109345283062,57.3578491210938,9.99592018127441,11.192
AFG,2019,0.0519942336405782,3.9116034162555167,496.6025042584997,17.60000038,,59.6470805870469,,,11.187
AFG,2020,0.0680079200431626,-2.351100672034661,510.78706336681074,17.04850006,36.0149650316607,58.0461137722591,,10.85435962677,11.71
AFG,2021,0.066424315829547,-20.738839367634327,356.49621411589226,16.51429939,37.2700004577637,56.6944760468967,,,12.006
AFG,2022,0.0796301678593983,-6.2401719924026935,357.2611527981439,15.86629963,,56.2655188632539,,,14.1
AFG,2023,0.0800873028793967,2.266943736491882,413.7578947053032,15.92840004,,55.5474967036959,59.6136016845703,,14.008
AGO,2000,,3.054624234529385,563.733795571487,0.105045562462262,,0.159346765941731,13.3690700531006,,16.646
AGO,2001,,4.205998556948615,533.5862024124473,0.136013867429868,67.4100036621094,0.447835842249048,15.0013399124146,,16.668
AGO,2002,,13.665688761055335,999.065855956628,0.270376745595134,,0.807954939660482,16.1495990753174,0.783640027046204,16.432
AGO,2003,,3.487312400975213,1133.663319604136,0.370682065225727,,1.95054401229801,,2.87620997428894,16.445
AGO,2004,,11.419863390458488,1451.4711787087167,0.464814617985909,,3.97840414704547,,2.14597010612488,16.313
AGO,2005,,14.15477753439542,2145.88621098663,1.143399954,,8.35158651156351,,2.6385600566864,16.295
AGO,2006,0.0372615340510617,11.841817875704225,2930.4442860651648,1.5,,15.2614410221311,,2.55977010726929,16.123
AGO,2007,0.0563080378857804,13.00268894579763,3515.056789854963,1.700000048,,23.8781501760396,,,16.066
AGO,2008,0.0738785619400282,10.786636049658128,4578.155264510585,1.899999976,,31.3891482115081,22.7990207672119,,16.152
AGO,2009,0.0669201512770172,1.995589097889635,3645.1484656516905,2.299999952,,36.1789120059347,24.3320198059082,,16.383
AGO,2010,0.0643919840565448,5.293665728199542,4101.637155646687,2.799999952,,40.3667552771914,28.2108038778932,,16.595
AGO,2011,0.0653099765004654,3.593869602402222,5184.15269151846,4.699999809,,49.8515258181069,29.6869517832747,6.44004138280629,16.77
AGO,2012,0.081469909077961,8.503122838666116,5702.453062774339,7.699999809,,50.7801125088641,,,16.539
AGO,2013,0.0851575464292457,4.883061296883923,5688.579162134709,13.0,,50.7734882643713,,9.22339720175662,16.464
AGO,2014,0.323076272251349,4.655723563155846,5649.687624675351,21.3623407584103,66.0299987792969,51.7384393645114,,,16.372
AGO,2015,0.545394210158053,0.763177710914789,3641.728939202528,22.0,66.2399978637695,49.3097223014385,,8.78320868033121,16.472
AGO,2016,0.290319010302891,-0.2330769548052842,2082.3734359470463,23.20000076,,44.5502272379157,54.4167987304753,9.78287696232453,16.572
AGO,2017,0.32055404693903,-0.1646886569610757,2832.1499795051186,26.0,,44.0682088632918,,,16.617
AGO,2018,0.350066962955579,-0.5066975436161556,2891.830323787466,29.0,,42.4588784507729,,,16.602
AGO,2019,0.367770426844486,-1.0552341449433698,2507.8680721364217,32.12939835,,45.8065312825399,,,16.497
AGO,2020,0.363264238710965,-5.2734912830000695,1749.1794838482042,33.32089996,,43.7804317055698,,,16.696
AGO,2021,0.39092529517689,1.090583699448146,2266.968348615838,34.55649948,,44.3868689341257,53.1351542727131,,15.799
AGO,2022,0.386698155907211,3.557492066756666,3598.536690773412,35.83800125,,66.6008073123779,,,14.124
AGO,2023,0.373668982990052,1.320165870810314,2885.513491308064,37.88589859,68.1800003051758,70.0519587723571,51.4839046246776,10.04935810264,14.051
ALB,2000,,7.46285871776054,1160.4204705403845,0.114097346552109,,0.940922534259296,70.3186492919922,15.3867101669312,19.023
ALB,2001,,8.863730660487604,1326.4165238807702,0.325798377067964,98.7099990844727,12.473224578717,72.4845733642578,15.4820499420166,18.57
ALB,2002,,4.6283958739455215,1479.8388457200615,0.39008127343332,,27.1529999757506,74.5389175415039,16.3895606994629,17.891
ALB,2003,,5.333264260099455,1908.699006876076,0.971900415195857,,35.2780293564518,77.751823425293,16.3662395477295,16.985
ALB,2004,,5.266261738607852,2446.9094994779816,2.42038779776014,,40.6495459161824,78.9801864624023,19.1295795440674,16.306
ALB,2005,0.0088421957382567,5.130821930561893,2741.721365495784,6.04389086404814,,49.7452829974003,82.9714279174805,22.389009475708,15.966
ALB,2006,,6.018981240386395,3057.7725703811257,9.609999657,,62.6025752513514,84.3257675170898,26.2101001739502,15.626
ALB,2007,0.330809586994155,6.50009261158209,3743.055298961872,15.03610039,,76.8284093980357,86.2188568115234,30.2319297790527,15.966
ALB,2008,2.13837276514987,6.907062307137068,4498.504867636008,23.86,95.9400024414062,62.1341628437685,87.8338394165039,31.6839599609375,13.06
ALB,2009,3.10655587968039,2.690751523621458,4213.650075746932,41.2,,83.1929248865178,89.3157196044922,32.9239883422852,13.674
ALB,2010,3.60358545467955,2.9731544268124708,4149.14469936847,45.0,,91.9299271149669,93.6818237304688,43.3279304504395,14.086
ALB,2011,4.40356599200963,2.463516839157137,4465.709143288648,47.0,96.8499984741211,106.474179667965,95.4705276489258,49.3997040639925,13.481
ALB,2012,5.50129828000236,0.984129880204108,4280.933163388727,49.40000153,97.25,120.274748763232,97.6086120605469,58.6214186004979,13.376
ALB,2013,6.27863857588442,1.7072283175405971,4542.929035567388,51.79999924,,126.771812779937,102.903209514161,63.8440585382953,15.866
ALB,2014,7.16191378800303,2.240226953826422,4793.597511315253,54.29999924,,115.700565028176,103.321377531566,65.5507096860696,18.055
ALB,2015,8.37878005900715,2.2277040745779004,4199.539129253976,56.90000153,,117.329657576402,102.440729325166,61.9608485481051,17.193
ALB,2016,9.19224381243169,3.9089355136224526,4457.634122074947,59.59999847,,116.284011654089,99.170755047578,58.4884791901189,15.418
ALB,2017,10.4757297699778,3.283175933300725,5006.360129519591,62.40000153,98.8099975585938,125.099939894598,97.5743697537481,58.0177836674929,13.616
ALB,2018,12.5058089696365,3.6714192809890847,5897.654525887742,65.40000153,,93.8030862083918,98.822387862215,56.0802964109938,12.304
ALB,2019,15.1192543526712,2.062577901761216,6069.439031310275,68.5503911218006,,91.1634968336332,99.01515356567,61.4085141527142,11.466
ALB,2020,17.720931463387,-3.313756368889159,6027.913507163485,72.23767711,,91.1880900599383,95.9294474518951,61.5853024328899,11.639
ALB,2021,19.6303737145283,8.969576190740952,7242.455131466127,79.32371752,,92.4843357131703,97.665033031442,59.9698690125562,11.474
ALB,2022,20.6989441252111,4.826800623435901,7756.961887442532,82.61367544,,98.3950391992101,97.3224714726407,62.647921513098,10.785
ALB,2023,22.5048592377088,4.01541716935742,9740.7023414631,83.13559161,97.6800003051758,92.9973271969712,96.1368771236947,64.7293520237257,10.669
AND,2000,,3.528362361223884,21810.24874261744,10.53883560922,,35.8422775367283,,,
AND,2001,,8.119357721699487,23511.295146632827,,,44.6896069975096,,,
AND,2002,1.72616004571016,4.546362213646532,26528.130157149364,11.2604687170103,,49.3038222115298,82.2911224365234,7.31105995178223,
AND,2003,5.18233888840918,8.694203716124676,34063.57840405706,13.546412876439,,74.6812307515183,82.7032623291016,8.82861995697021,
AND,2004,8.45206861755802,8.135676338373514,39021.12780787717,26.8379543894637,,78.5280861083081,79.4815368652344,8.74967002868652,
AND,2005,13.3568411671252,5.397795985004223,40829.80187892795,37.6057662174867,,83.388228000155,85.7897186279297,8.41534996032715,
AND,2006,18.3652698372809,4.80868869916921,43467.21099039497,48.9368469989479,,86.7047810517057,85.0033187866211,9.89391040802002,
AND,2007,22.6266228611209,1.5531881410322228,48336.22833403636,70.87,,77.5590214590178,82.4481887817383,,
AND,2008,24.7583687645967,-5.559186368505806,49132.51570472033,70.04,,76.8932271393497,82.1809616088867,10.986120223999,
AND,2009,27.3471771886325,-5.302846543482914,43975.018365819575,78.53,,76.9466431432386,82.6435775756836,,
AND,2010,30.3595767353109,-1.974957999653455,42746.83095226303,81.0,,81.1525784947835,85.1478881835938,,
AND,2011,33.1216332617667,-0.0080697534113909,46657.156120407104,81.0,,83.6223853541262,85.8587875366211,,
AND,2012,35.0170497436031,-4.974443718535028,41500.54357827224,82.69999695,,83.1207538329385,86.870361328125,12.870249017038,
AND,2013,36.8832619623906,-3.5475965154934386,42470.31611585625,84.40000153,,85.0214112828151,86.4044036865234,14.5405405405405,
AND,2014,39.0170470727043,2.5044655211451783,44369.65968945791,86.09999847,,89.8341402552314,88.978157043457,13.5399673735726,
AND,2015,42.5277800870119,1.4341403952271603,38654.93472172067,87.90000153,,98.8389170615457,91.2962188720703,13.8206896551724,
AND,2016,45.011845222427,3.70967806978986,40129.819202667066,89.69999695,,105.473739626772,94.6524124145508,15.2011095700416,
AND,2017,46.4785868253731,0.346071889630295,40672.994336232725,91.5674670273926,,108.912327318574,95.1090393066406,15.6664896441848,
AND,2018,47.4481786008887,1.588765490463544,42819.77457935301,93.5,,109.914584497485,95.9804306030273,15.7132150886835,
AND,2019,47.5429557758192,2.015547638483085,41257.80458615429,90.71869659,,114.952794413788,96.2081298828125,15.4352596927579,
AND,2020,48.6559834582579,-11.18393993553839,37361.09006721099,93.20570374,,103.876970793487,97.1500396728516,15.2605749006777,
AND,2021,50.2769128681537,8.28677879049404,42425.69967610831,93.89749908,,119.687611658415,98.0404205322266,15.4117647058823,
AND,2022,51.2050686907973,9.564612256481835,42414.05901113485,94.05169678,,142.426447525249,98.5098724365234,34.6414389161411,
AND,2023,51.7401306025527,2.58355480961319,46812.448450114025,94.21499634,,156.09725932522,99.5086517333984,62.4106937082277,
ARE,2000,0.0564751007206086,10.852837927302003,29865.52850022318,23.6253008751553,,40.8783266424794,,,2.25
ARE,2001,0.224890495462712,1.3989216106107278,27745.168452307946,26.2717542010006,,51.2758654953956,,,2.443
ARE,2002,0.42033690639922,2.4333748723792468,27753.58104667817,28.3164853110439,,61.3641085051503,,,2.659
ARE,2003,0.723370567664737,8.80057809996346,29659.57102969927,29.4779534120864,,70.897113554176,,,2.903
ARE,2004,1.26769966901989,9.566526262779275,33376.6880534412,30.1312961695367,,83.1597300228247,,,2.965
ARE,2005,2.77225770077538,4.855136579968146,38719.31382853881,40.0,90.0299987792969,97.1992951451191,,,3.12
ARE,2006,4.80365734363459,9.837279228602185,44342.603055045016,52.0,,110.185322712663,,,2.964
ARE,2007,6.75243815820938,3.184412814597607,45854.73524369779,61.0,,137.457950604795,,,2.934
ARE,2008,8.84668768634977,3.191812354528849,50054.1700685968,63.0,,148.472693451531,,,2.818
ARE,2009,10.2939917919302,-5.242921907368299,37803.06637378178,64.0,,159.114145128907,,,2.932
ARE,2010,11.3401100518955,1.602850043363247,44795.284623499145,68.0,,157.472576744687,,,2.798
ARE,2011,12.0421872697298,6.736511678975148,51921.889074640814,78.0,,162.893623558443,,,2.587
ARE,2012,12.7380681483205,4.683256429187921,53141.62516610857,84.9999915049492,,183.740632066882,,,2.323
ARE,2013,13.303809433458,4.918450591908496,53247.22787451589,88.0,,205.105475119726,,,2.125
ARE,2014,13.2545793464851,4.632917858796674,52725.23079819358,90.4000107121939,,204.191832969644,,,1.999
ARE,2015,14.230538629127,7.087666226576545,44910.345886077565,90.5,,206.839413263939,,,1.793
ARE,2016,14.3683229738697,5.657901471965857,42721.11361109914,90.6000073180483,,220.411614691071,,,1.64
ARE,2017,29.9082975943997,-1.0613711447254843,43733.62420182154,94.8199225383446,,214.701342068567,,,2.462
ARE,2018,32.3591212887309,1.537206340215107,47135.347879560526,98.4500017817194,,214.842134318761,102.184448242188,53.2113281680102,2.236
ARE,2019,32.480344369022,1.271291205362843,45938.60845722273,99.1499979561243,97.7799987792969,209.033214126867,101.747344264722,53.8814655213653,2.331
ARE,2020,34.345290333178,-8.69343363776639,37991.73838796604,100.0,,194.467749671801,99.1635400791877,54.9746998074699,4.294
ARE,2021,36.5005361093336,4.552801401063562,44118.49362143148,100.0,98.129997253418,186.30089463245,103.210663324826,56.4520334436146,3.105
ARE,2022,36.8485872897377,7.514524142546051,50759.75901902039,100.0,98.2900009155273,195.624592490241,102.380981445312,60.4188226013954,2.872
ARE,2023,37.0968234502256,4.301136484994132,49850.69450820843,100.0,98.0599975585938,199.423843889179,101.944972436447,61.3456114422447,2.151
ARG,2000,,-0.7889989390569099,7637.014892036284,7.0386830862178,,17.4341720574717,96.2141189575195,54.0843505859375,15.0
ARG,2001,0.249835049066673,-4.408839682585565,7141.475076628263,9.78080728532407,97.1900024414062,17.9184647370453,97.6240463256836,58.4697608947754,17.32
ARG,2002,0.389173109431876,-10.89448482859028,2569.699635191236,10.8821243775325,,17.2675582745316,96.9965667724609,61.7228813171387,19.59
ARG,2003,0.673659952839197,8.83704079576924,3320.477751339027,11.9136965509954,,20.4095759030709,96.0464477539062,64.0304870605469,15.36
ARG,2004,1.3985989664652,9.02957330068152,4242.020990894215,16.0366841054923,,34.8114495095259,95.4575576782227,64.5891418457031,13.522
ARG,2005,2.36307465152234,8.851659920134367,5067.653422932756,17.7205833696065,,56.4972976242395,93.6376724243164,63.4893112182617,11.506
ARG,2006,3.99704306546988,8.047151500430274,5869.380289702044,20.9272021035896,,79.5272791470117,92.4075775146484,66.9444732666016,10.078
ARG,2007,6.49727715357687,9.007650875047574,7185.251551470267,25.9466329403819,,100.962116800902,92.1874084472656,66.6672210693359,8.47
ARG,2008,7.70514940723055,4.057233103464057,8944.1102657357,28.1126234799907,,115.051958547154,93.183219909668,68.5610733032227,7.837
ARG,2009,8.59390655660771,-5.918525076349468,8150.235270282207,34.0,,128.461625505194,96.4056777954102,70.6931915283203,8.645
ARG,2010,9.75627371502717,10.125398156100232,10260.13131082542,45.0,,138.251643415992,99.0709991455078,73.803669361107,7.714
ARG,2011,10.956028493199,6.003951692805785,12704.283181968423,51.0,,145.511067881505,100.884559631348,77.0101185060955,7.18
ARG,2012,12.211510531081,-1.026420454432099,12949.71748665402,55.79999924,,152.573579717014,102.709991455078,78.1465174294761,7.217
ARG,2013,14.6798018103935,2.4053237807943617,12963.67577332604,59.90000153,,158.190773641398,104.540863037109,78.5681646081939,7.1
ARG,2014,15.1530476974157,-2.512615320813936,12233.144411918582,64.69999695,,142.325481008062,106.038902282715,81.072589697739,7.268
ARG,2015,15.768878045253,2.731159828289435,13679.626498095417,68.0430641088122,,142.240711022183,107.504867553711,83.75569332589,7.577
ARG,2016,16.5184995378051,-2.0803278437781074,12699.962313775635,70.9689808206024,,145.146584717972,109.598327636719,86.6743832906399,8.088
ARG,2017,17.7082272589602,2.818502977759181,14532.500930851062,74.2949068657957,,139.758240519621,110.377799987793,89.3297346952415,8.347
ARG,2018,18.9758759187853,-2.6173964628203805,11752.799892297908,77.7,,131.224265691711,109.671241760254,91.0846512732766,9.22
ARG,2019,19.551931344405,-2.000861002857846,9955.974786804276,79.9469520347551,,125.302657911726,110.460151672363,95.1928240640628,9.843
ARG,2020,21.1797871590669,-9.9004848136464,8535.59938004389,85.51438646,99.1399993896484,121.180612527028,112.376731872559,99.3697348717996,11.461
ARG,2021,23.1500020932515,10.441811988250564,10738.017922338438,87.15070683,,130.352799939601,115.735778808594,107.219557633976,8.736
ARG,2022,24.6831785056628,6.020745375348554,13962.18940872232,88.37535691,,131.483556254876,114.14811706543,107.103901423423,6.805
ARG,2023,25.3580730689248,-1.855788030463387,14261.84656679479,89.22897166,,137.706086781571,105.574584297051,107.822574129434,6.139
ARM,2000,,5.9000000031209225,593.4505817422821,1.30047002237784,,0.559439575023003,86.0512008666992,32.5305213928223,11.107
ARM,2001,0.0001945305151913,9.599999999275964,659.5889885356293,1.63109466677715,99.4000015258789,0.826884376573468,86.7833099365234,31.3409194946289,11.012
ARM,2002,0.0002618118031306,13.199999997935578,742.6511183198187,1.9604050458212,,2.33500129269578,,33.9618911743164,10.888
ARM,2003,0.0003290590753176,14.000000001550148,882.0301676954736,4.57521722477781,,3.76374479757602,,35.0657081604004,10.769
ARM,2004,0.0330847455832692,10.499999998820186,1130.0879144415808,4.8990085713054,,6.72642653978887,88.6511611938477,35.8360900878906,10.676
ARM,2005,0.0661932023240134,13.899999999113264,1557.4845890865474,5.252999783,,10.5790707738385,92.0563430786133,37.7094497680664,10.584
ARM,2006,,13.199999999466144,2041.6526706899688,5.631800175,,42.1271966711889,95.2676467895508,41.5903587341309,10.497
ARM,2007,0.131100413167994,13.700000001546698,2962.7023459456896,6.021299839,,63.0764762494794,96.8182601928711,44.4558410644531,10.394
ARM,2008,0.466184007378403,6.900000000429586,3777.668593137672,6.21,,48.7163807985838,96.5329437255859,46.5244903564453,17.1
ARM,2009,1.35419350830431,-14.10000000069978,2820.592655334702,15.30000019,,74.4012001967736,102.957763671875,49.0897102355957,19.295
ARM,2010,3.19288671267022,2.2000000002150983,3041.344507233394,25.0,,131.874825576119,107.732391357422,50.5839875932926,19.523
ARM,2011,5.49292214098522,4.699999998674116,3349.553097719061,32.0,99.7399978637695,109.850061797213,94.8774032592773,51.2949290708131,18.884
ARM,2012,7.25580730107633,7.200000000964863,3511.563996874258,37.5,,113.697353797808,,44.4855719494927,17.511
ARM,2013,8.31673235203342,3.299999999999997,3680.1669215888583,41.9,,114.499722499571,86.8721923828125,44.8347790892711,16.576
ARM,2014,9.3376315946157,3.600000000589929,3852.118006103845,54.6228058583362,,118.365417451689,86.5204010009766,47.7150849538629,17.498
ARM,2015,9.80149439763493,3.1999999989662484,3512.3935027670905,59.1008337674937,,118.599112617962,86.442138671875,48.7313687040259,18.261
ARM,2016,10.2497847569184,0.1999999998259909,3524.4247687470715,64.3460297653742,99.7399978637695,117.670797483754,,54.3432877365993,17.617
ARM,2017,10.8172556564183,7.500000001641439,3869.0537386775177,64.7448843250726,99.7399978637695,119.676441862212,,55.5065519523494,17.704
ARM,2018,11.9399374219278,5.199999999653244,4196.005623017693,68.2450522610271,100.0,123.000001718234,83.0249410833595,57.4585357681354,18.966
ARM,2019,13.2819462446608,7.599999998539175,4597.228873995479,66.5439496866159,100.0,124.613701509519,86.8260633029699,53.5944174785534,18.304
ARM,2020,14.8883804721864,-7.199999999206312,4268.6809330458345,76.50770055,99.7900009155273,120.682370700808,88.5080298201293,52.3331534448642,18.175
ARM,2021,16.2565945813558,5.800000000656453,4685.179971285085,78.61225758,,125.395134877327,91.4853735120921,56.6235144830279,15.469
ARM,2022,17.7300708049016,12.599999999776628,6571.974455450988,77.02767465,99.8199996948242,130.540072214196,91.7106609922965,57.1818422625098,13.451
ARM,2023,18.5458075085454,8.299999999595386,8159.0872096799585,79.99663036,99.8399963378906,134.519957069953,89.4111027634947,56.2770051010456,12.405
ASM,2000,,,,,,3.5036496350365,,,
ASM,2001,,,,,,3.77894238690341,,,
ASM,2002,,,8972.69636535698,,,3.56804878903649,,,
ASM,2003,,0.9655172413793168,9197.661968369872,,,3.68608590335434,,,
ASM,2004,,0.4098360655737707,8958.428666971735,,,3.96001267204055,,,
ASM,2005,,-0.4081632653061291,8831.269759966088,,,,,,
ASM,2006,,-4.098360655737707,8745.166211374039,,,,,,
ASM,2007,,1.8518518518518616,9231.372409245629,,,,,,
ASM,2008,,-2.657342657342653,10030.808913090206,,,,,,
ASM,2009,,-4.166666666666657,12156.029390577727,,,,,,
ASM,2010,,0.2998500749625208,10375.172014195698,,,,,,
ASM,2011,,0.0,10383.459331450951,,,,,,
ASM,2012,,-4.3348281016442485,11745.489915395769,,,,,,
ASM,2013,,-2.5,11813.502203458876,,,,,,
ASM,2014,,1.762820512820511,12026.33449294879,,,,,,
ASM,2015,,3.149606299212593,12727.41026513862,,,,,,
ASM,2016,,-1.6793893129770936,12843.334290362714,,,,,,
ASM,2017,,-6.987577639751549,11863.683945256464,,,,,,
ASM,2018,,2.6711185308847973,12552.054686886147,,,,,,
ASM,2019,,-0.4878048780487773,12886.135951721802,,,,,,
ASM,2020,,4.411764705882362,14489.258656377484,,,,,,
ASM,2021,,-0.7824726134585234,15236.160487557136,,,,,,
ASM,2022,,1.7350157728706534,18017.45893839725,,,,,,
ATG,2000,,6.203552125558673,12027.494976822189,6.48222573702907,,29.367791542076,80.2067489624023,,
ATG,2001,,-4.548109771202945,11539.182506330751,8.89928551450583,98.9499969482422,32.8648989733006,,,
ATG,2002,,1.02723486062159,11658.694991595605,12.5,,49.5962716793021,,,
ATG,2003,,6.076636664066015,12173.231986030503,17.2286487816884,,59.1905911355349,,,
ATG,2004,2.11130730827373,5.767103382705557,13037.889577225696,24.2665437161785,,68.5984323987856,,,
ATG,2005,7.28668148873899,6.473689417817411,14368.570879605784,27.0,,108.025272889425,,,
ATG,2006,1.91181579077961,12.70814748736248,16173.8136329968,30.0,,136.689246191256,,,
ATG,2007,2.77342602565358,9.315182723156852,18204.51240430678,34.0,,137.546509350827,112.227951049805,,
ATG,2008,6.01360478579699,-0.0140065981851762,18786.67431422159,38.0,,164.743342338865,122.261581420898,,
ATG,2009,19.0251030615518,-11.962879470347104,16472.247852856835,42.0,,160.294868900954,118.682388305664,14.8930101394653,
ATG,2010,8.34388185654008,-7.840506837309718,15217.39507909222,47.0,,196.870604781997,115.466743469238,16.6952054794521,
ATG,2011,6.94991428439049,-1.95874262217572,14911.72750844715,52.0,,203.8734188945,116.185371398926,15.1060820367751,
ATG,2012,14.9782259912904,3.37314273947959,15639.80781147868,58.0,,145.978684391474,117.228363037109,25.1156271899089,
ATG,2013,17.7677598110465,-0.6009823295993613,15051.511358742462,63.40000153,,129.857830668605,,,
ATG,2014,12.1151354700614,2.198291887387967,15532.106206358443,67.77999878,,135.234608235228,115.270439147949,,
ATG,2015,11.1845563645718,1.4216199759537176,16077.634076940634,70.0,,196.848192016464,117.55770111084,,
ATG,2016,10.2935455545799,4.120367543806097,16556.85518015876,70.27159882,,200.06891262546,,,
ATG,2017,9.94826900119379,2.7127265797362696,16965.728827381565,70.54419708,,203.386832913295,117.209930419922,,
ATG,2018,,6.712004871597259,18273.427068491183,70.81790161,,,121.685249328613,,
ATG,2019,8.75618405498884,3.172221937393701,18896.37218322477,71.09259796,,201.392233264743,,,
ATG,2020,8.71023234544781,-18.86877652081479,15369.60822504014,71.36840057,,200.3353439453,,,
ATG,2021,8.66279006811119,8.17286311186622,17348.600698718186,71.64530182,,199.244171566557,,,
ATG,2022,10.6818181818182,8.49776342254205,20003.390939409896,71.9233017,,200.540715208962,107.799908772997,,
ATG,2023,,3.8655016007932375,22012.26259479935,72.12409973,,,108.880778588808,,
AUS,2000,,3.916057488171504,21908.996801978352,46.7561156116738,,44.7511458399702,,,6.288
AUS,2001,0.634119567582093,2.0314588024889844,19733.651010264537,52.6892664310395,,57.4838682925396,,,6.747
AUS,2002,1.31714888553946,3.949805357729417,20335.096019102304,,,64.6581804718516,,,6.375
AUS,2003,2.60753903715006,3.091280099775105,23757.58984716837,,,72.3884724574148,,,5.933
AUS,2004,5.04821821591678,4.218941475475162,30886.05009494012,,,82.208138535878,,,5.399
AUS,2005,9.93373078111349,3.155481213231681,34535.20727090995,63.0,,90.7635520774358,,,5.036
AUS,2006,18.9407193850347,2.770926173747497,36658.82434761221,66.0,,95.9663115508423,,,4.785
AUS,2007,,3.789471198826533,41128.24766184024,69.45,,101.457683484383,,,4.381
AUS,2008,24.8706294431099,3.623985035656332,49811.206721898845,71.67,,103.506740034166,,,4.242
AUS,2009,23.9682200041124,1.954848262985223,42954.849488457294,74.25,,101.914285403427,,,5.565
AUS,2010,24.8853051640712,2.210047953007347,52313.89390412135,76.0,,101.618759744392,,,5.214
AUS,2011,24.697756094089,2.394734943306148,62799.38950170316,79.4876977139029,,105.824012918279,,,5.083
AUS,2012,25.0955644344698,3.9524713811918417,68301.44025125871,79.0,,106.499711805776,,,5.225
AUS,2013,25.7399315811014,2.6544530259240418,68476.67884961178,83.453497167,,107.332200908321,,,5.663
AUS,2014,27.7000785019208,2.601189781873316,62817.20617517368,84.0,,106.206237340596,,,6.078
AUS,2015,28.5117731324726,2.164347806478517,56970.36130280944,84.5605149091408,,107.608142007003,159.110763549805,119.679389953613,6.055
AUS,2016,30.3083074972206,2.755640655298677,50084.44406063846,86.54000092,,109.128813718295,155.594390869141,119.682777404785,5.711
AUS,2017,32.0326223266488,2.293310301929182,54117.54771860902,86.5450488476768,,107.799761578952,153.576126098633,109.993309020996,5.592
AUS,2018,33.5486251312018,2.874170394995005,57410.173734600896,90.0082016,,110.033134941946,136.105545043945,103.322090148926,5.345
AUS,2019,34.5434163723691,2.194017036227166,55194.75850974282,93.60990143,,109.752830879788,144.056564331055,109.759559631348,5.143
AUS,2020,35.346849265518,-0.1335319043047746,51983.4523666382,94.6934967,,104.930155780087,137.490737915039,110.139221191406,6.394
AUS,2021,35.8359861455454,2.006948443350339,60758.9044397144,96.97219849,,105.118514623956,135.526565551758,112.688293457031,5.022
AUS,2022,36.3933201898066,4.253045592387323,65169.51911186567,96.11940002,,109.469171081514,133.277267456055,106.240760803223,3.728
AUS,2023,36.627426494239,3.583821007989812,65058.37731466737,96.1160965,,112.513177133796,134.099243164062,104.64835357666,3.668
AUT,2000,2.37740810849667,3.189522929887872,24487.29746859561,33.7301329516915,,76.3391359562946,,,4.687
AUT,2001,3.98645500571794,1.3169874957133914,24430.495982840985,39.1854501811114,,81.3331322283251,98.8608627319336,,4.007
AUT,2002,5.58055324441734,1.484368776053245,26334.862215031997,36.56,,83.3494604310315,98.9512710571289,,4.852
AUT,2003,7.39910683793198,1.141565045427754,32110.115966142475,42.7,,89.5525842580986,99.3974533081055,,4.779
AUT,2004,10.6441666113048,2.56525534067859,36614.25065337066,54.28,,97.7795167328134,99.2856369018555,,5.969
AUT,2005,14.266264392036,2.320365142667825,38157.37022862003,58.0,,105.295724835598,100.199432373047,,5.682
AUT,2006,17.3158121176343,3.2693360150605884,40382.20782985749,63.6,,112.226293480282,100.416679382324,,5.32
AUT,2007,19.5493477604788,3.775224687291853,46622.96229136355,69.37,,119.465557954295,100.102569580078,63.8021202087402,4.909
AUT,2008,20.7731280065619,1.453305621421137,51581.39823610713,72.87,,129.949191740297,100.126129150391,66.1983871459961,4.198
AUT,2009,22.510594883252,-3.58626472551299,47857.44466352659,73.45,,137.015093709265,100.594093322754,67.9915771484375,5.371
AUT,2010,24.5113861270145,1.8089824304366289,46611.13934202319,75.17,,146.334314075685,100.263969421387,75.0402526855469,4.883
AUT,2011,24.9926429150975,2.927468001691452,51116.89535220424,78.7399930986888,,155.15499918387,99.6729583740234,77.2625122070312,4.637
AUT,2012,25.2644782408466,0.6282462394796369,48250.40591426372,80.0299939169903,,161.155633431895,100.108726501465,79.5471267700195,4.909
AUT,2013,26.3222866586035,-0.2507264233184543,50305.35457749725,80.6188,,156.483488704585,101.173210144043,80.9616012573242,5.367
AUT,2014,27.597689562142,0.7557988503166655,51314.97226163223,80.9958249574764,,151.531145320495,101.304809570312,81.0195693969727,5.674
AUT,2015,28.4068593397138,1.3035233182619803,43915.22802085699,83.9401419315026,,155.837138171172,101.411582946777,82.2563095092773,5.802
AUT,2016,28.8775983744406,2.11721964494312,45061.49939201917,84.3237425711653,,126.797525496643,100.227989196777,82.8496932983398,6.064
AUT,2017,28.5425998928488,2.272249920382066,47163.7425775142,87.9355865856062,,123.414865109678,100.337898254395,83.8392562866211,5.561
AUT,2018,28.5150396136468,2.484221140800244,51194.07498412994,87.4791372262556,,124.230205900482,100.692596435547,85.8698883056641,4.933
AUT,2019,28.3631930003301,1.7549761964928765,49885.99473552041,87.7522047870069,,120.776373862218,101.543632507324,86.3234329223633,4.56
AUT,2020,29.2106456326106,-6.318255092099363,48716.4098900349,87.52942813,,120.131806593244,101.690559387207,88.7071990966797,5.201
AUT,2021,29.2537339731419,4.923091717179034,53648.643797621386,92.52915104,,121.357731973824,102.307662963867,93.940071105957,6.459
AUT,2022,29.2342573265435,5.330963794003708,52336.772522375766,93.61409139,,121.16645744796,101.458000183105,94.5116882324219,4.992
AUT,2023,29.3725409835617,-0.7862442885946734,56579.50417546799,95.33467117,,121.746207105931,100.504371643066,91.6818237304688,5.264
AZE,2000,,11.0999991434346,655.0972495799167,0.147757575623251,,5.14264289519541,,,11.78
AZE,2001,,9.899999865336426,703.6709985846863,0.305564637615618,,8.84658578140377,,,10.91
AZE,2002,0.0120103774465289,9.438916269065617,763.1088954634868,4.99971367812957,,9.53864176803325,,,10.04
AZE,2003,,10.208299400477642,883.6925807452558,,,12.5837298360937,,,9.17
AZE,2004,,9.253801797289071,1045.0136328105998,,,17.1560025508035,,,7.99
AZE,2005,0.0254034779501534,27.961538108213134,1578.3673303066716,8.030400276,,26.0781124378406,,,7.26
AZE,2006,0.0454003843248716,34.46620962267917,2472.957257322871,11.9921999,,38.1512458416462,,19.7894592285156,6.62
AZE,2007,0.165377046640065,25.4632157314482,3851.330151751412,14.53999996,99.5899963378906,51.1875940935928,,19.3645992279053,6.33
AZE,2008,0.670942958889759,10.591437462476035,5574.468104325748,17.08,,73.2222415801691,,19.0478897094727,5.86
AZE,2009,1.10541991807512,9.369502602771831,4950.399490094231,27.4,99.7600021362305,85.7487495489887,,19.057710647583,5.74
AZE,2010,5.1962691859745,4.788832487615565,5843.5337683582,46.0,99.7699966430664,99.489026332669,83.0853181521079,19.2600431394615,5.63
AZE,2011,10.5213182586713,-1.5729973511110984,7189.81869211976,50.0,99.7799987792969,109.333848306261,82.9176205382172,19.6473062365442,5.42
AZE,2012,14.6071625537092,2.2029389170839835,7495.865276580995,54.20000076,99.7799987792969,107.988529658291,82.762274922741,20.4384614704139,5.19
AZE,2013,18.0145551396199,5.843415904839276,7875.345366615495,73.000001372,99.7900009155273,106.583186813615,83.1376553563209,21.4404253568261,4.97
AZE,2014,19.7076399486748,2.797585214485593,7890.840280620872,75.0000156363396,99.7900009155273,109.566699179266,83.4386600193183,23.1597349800287,4.91
AZE,2015,19.4759070425568,1.0495464121508462,5500.503646284862,77.0,99.7900009155273,109.682113433509,84.8098586425184,25.4831961094662,4.96
AZE,2016,18.2770953995915,-3.0635984225170603,3880.685227683798,78.2,99.7900009155273,103.248460646417,86.5856935803605,27.2368629930846,5.0
AZE,2017,18.1091657629876,0.1536146617455074,4147.198142322201,79.0,99.7900009155273,101.589906615934,89.2625164667822,28.4670565431322,5.0
AZE,2018,18.8342000186458,1.5004016716731314,4739.794312340805,79.7999954887896,,102.987275423455,108.488781124,28.9724903670069,4.9
AZE,2019,19.2178211211639,2.479808791855646,4805.753717659173,81.0999990651547,99.8000030517578,106.328337689377,107.863960509557,32.9221812477847,5.0
AZE,2020,19.5985750948022,-4.19896065333343,4229.910649045028,84.59999573,,101.596683471276,91.365513501165,36.3854742250215,7.24
AZE,2021,20.0856994533421,5.616440271505539,5408.045351750229,85.99998954,,105.693559477177,91.4106367606057,39.0095977224788,6.04
AZE,2022,20.3655958095069,4.71468033247649,7770.594223350996,88.0,,107.506296074404,90.9530364179442,41.0017793895325,5.65
AZE,2023,20.8825041017301,1.3544774911576667,7133.028380483284,89.0,99.7799987792969,107.686732782159,92.7402972401367,41.3907560278377,5.64
BDI,2000,,-0.8568640584241507,134.53786175238898,0.077248447383456,59.2999992370605,0.252233549720457,,1.05474996566773,3.137
BDI,2001,,2.0558071083524254,132.15955454193212,0.106001245363203,,0.503680457737854,9.41998958587646,1.03059995174408,3.154
BDI,2002,,4.446519412247966,120.95230857546832,0.118228412267794,,0.76200167288675,9.92739963531494,1.60111999511719,3.168
BDI,2003,,-1.2237279602344415,111.4066828043908,0.201273196735924,,0.908683808418785,10.2563495635986,,3.145
BDI,2004,,4.833657768094525,125.19496518453332,0.349060461879596,,1.37552635495365,11.8093099594116,2.10109996795654,3.177
BDI,2005,,0.9000000009019118,147.23461929422513,0.542100012,,2.01652788429717,12.9770698547363,2.13503003120422,3.162
BDI,2006,,5.413807144914443,161.89275564031908,0.657599986,,2.54273479009152,14.3381099700928,2.16554999351502,3.185
BDI,2007,,3.444493646636147,166.16274490675522,0.7,,3.30806380985543,15.3361196517944,2.26625990867615,2.404
BDI,2008,0.0018811054363124,4.908741908135454,189.50207457076772,0.81,48.0800018310547,5.65018234377978,,2.49793004989624,1.634
BDI,2009,0.0017881798184684,3.787075830505103,198.43152404822504,0.899999976,,10.2904048729688,20.8934001922607,2.6779100894928,1.622
BDI,2010,0.0037540884369383,5.093736973230548,216.7277053019764,1.0,,17.8962195049637,23.7647094726562,3.05528938002435,1.615
BDI,2011,0.0051142326109402,4.024427938642276,230.0697613811321,1.110000014,,19.7014852266593,26.7943801879883,,1.602
BDI,2012,0.0069704900036024,4.423031184901262,231.09878781150672,1.220000029,,22.3127768088819,29.5732898712158,2.92052732762984,1.593
BDI,2013,0.0146944141397431,4.9239248511745615,234.8447701508713,1.2642181112,,24.3006814319026,34.2124507321275,3.70341642841244,1.584
BDI,2014,0.0157410541043178,4.24490803087248,250.54449215518548,1.04239212643994,61.2900009155273,29.567783062348,40.2641258748146,4.46892058042299,1.572
BDI,2015,0.0250824162395746,-0.4045255952041913,254.4025852267877,2.0,,45.2379254099088,43.9351929825496,5.25856537918645,1.449
BDI,2016,0.0288715169450892,3.200174704089932,232.9378121001527,2.200000048,65.6900024414062,47.6697304877258,47.4715342848197,3.97908916361797,1.352
BDI,2017,0.0340147819169285,3.831857570617842,246.0607257141837,2.6607485347534,68.379997253418,51.4533280518012,48.2243487332289,4.30528005798307,1.25
BDI,2018,0.0331803020141076,5.342244731864085,245.6616783320092,4.019499779,,53.2736942349584,46.330394174756,4.55281922933846,1.147
BDI,2019,0.0317494355111928,4.459342023587837,234.31061590724977,6.072199821,,53.2995504978403,41.8352417514484,,1.043
BDI,2020,0.0335260991567275,0.3064438116517181,252.70245275000605,6.430099964,71.3374789737041,52.5571219738138,44.9151717353101,,1.03
BDI,2021,0.0304886490520483,3.237074793729249,264.1728440853984,6.777999878,,59.700785493419,,,1.118
BDI,2022,0.0300650914860841,2.317701223508223,301.83225575510465,7.144800186,,56.2599912004244,,,0.909
BDI,2023,0.0203441336211462,3.25476897326196,249.79516403902863,7.172299862,,63.1631365759764,,6.02545976638794,0.911
BEL,2000,1.40673996365682,3.7167051067258825,23098.88650774014,29.4316916924341,,54.9078754319886,,,6.586
BEL,2001,4.47176845658853,1.0996036241964475,23015.071263246195,31.2883955056566,,74.8225625264654,155.946166992188,56.7148895263672,6.178
BEL,2002,7.89141711683559,1.7068943034960142,25006.191397109003,46.33,,78.40702767732,157.648773193359,58.1100807189941,6.91
BEL,2003,11.978574168342,1.0379551816220385,30655.209267902366,49.97,,82.937725153379,158.87922668457,59.6124610900879,7.68
BEL,2004,15.5445601178817,3.571206719423188,35429.40779333441,53.86,,87.6254594919709,151.638092041016,62.0411491394043,7.363
BEL,2005,19.1870013663666,2.321737929118342,36809.70134036188,55.81999969,,91.6575960459919,157.343399047852,62.8203315734863,8.44
BEL,2006,23.2412047200904,2.5523408732246224,38705.10679591471,61.9818700222023,,93.3538336751532,158.685104370117,63.3717384338379,8.246
BEL,2007,25.6893868359802,3.676924625158023,44319.16544881302,66.7604202433135,,101.059979052266,159.439895629883,62.461841583252,7.459
BEL,2008,27.8485650589166,0.4469051307272309,48303.397956285975,68.8573221425131,,105.901150619606,160.468811035156,62.7642097473145,6.976
BEL,2009,29.1619435426182,-1.9064410551533515,44923.34001350815,74.5441455527336,,108.89957259523,159.661544799805,64.9798431396484,7.908
BEL,2010,30.842629161864,2.7103115025466167,44197.39367116197,77.6397855126946,,111.131540934105,160.66047668457,66.8578872680664,8.293
BEL,2011,32.1032472233196,1.931155024113252,47760.8298776546,81.6099959955952,,113.201845409997,159.349304199219,67.7034072875977,7.14
BEL,2012,33.2388297727719,0.2158036120897435,44874.17091821225,80.7199905482042,,110.856223685615,160.110534667969,69.7490615844727,7.542
BEL,2013,34.3084525866565,0.3054945490702323,46964.59467770559,82.1702,,110.348677756715,161.845886230469,71.7841110229492,8.425
BEL,2014,35.7819662752911,1.7655403814992354,47995.77869613394,85.0012379539925,,113.600257053471,162.421981811523,74.0397262573242,8.523
BEL,2015,36.5492377831789,1.474164337319266,40893.804537772005,85.0529417508701,,113.29233233425,164.079818725586,76.423942565918,8.482
BEL,2016,37.6812994536783,1.1935027300775405,41854.5498296444,86.5164766644457,,110.74871736226,160.689270019531,77.2435073852539,7.83
BEL,2017,38.4911160919085,1.4744676155678462,44035.3239358548,87.6796808175598,,99.8303971992992,158.670288085938,80.7738189697266,7.09
BEL,2018,39.4006967604533,1.8779684738356508,47487.21003925607,88.6473429951691,,100.164027018171,156.509765625,79.1237487792969,5.941
BEL,2019,39.9517850127817,2.4428900448155986,46716.62274679644,90.275428012141,,100.164960666171,156.635375976562,79.3044815063477,5.364
BEL,2020,41.0239697084264,-4.7929839083518,45906.287580524586,91.52641629,,99.9100614924974,151.727508544922,79.4996032714844,5.545
BEL,2021,43.0218054966431,6.254456864665926,51658.23829495799,92.78867618,,101.462935633736,143.163513183594,82.6882019042969,6.248
BEL,2022,43.5657139519422,4.024608528358868,50639.02648827389,94.00783071,,101.680355820653,142.918075561523,83.5736465454102,5.57
BEL,2023,43.7026445985633,1.5612553954202897,55244.68145810999,94.62625074,,103.196426365374,142.960266113281,82.1475601196289,5.547
BEN,2000,,5.857714205432686,487.4241413842425,0.225247851473369,,0.768193392645056,20.0005397796631,3.49604988098144,0.864
BEN,2001,,5.333135706039371,492.401499509072,0.363417890016082,,1.67884478287568,21.7104396820068,4.20038986206055,0.766
BEN,2002,0.0002736004490174,4.643030870744823,546.4638296581587,0.7029455951039,34.6599998474121,2.85026524912103,23.5846691131592,4.92833995819092,0.69
BEN,2003,0.0002653837259116,3.4435767759165827,676.0028780842815,0.951327114915695,,2.98461911748538,24.9001197814941,5.43203020095825,0.747
BEN,2004,0.0009927572840808,4.429684553850819,758.6958037863709,1.18254096518994,,5.62957112640203,26.7041492462158,5.47938013076782,0.79
BEN,2005,0.0023260936437829,1.7131645636118409,779.4377777532677,1.271000028,,7.07639223825275,,5.41120004653931,0.859
BEN,2006,0.0172317761313903,3.943738828157976,809.1470725062209,1.537899971,,12.1442265152632,,6.20295000076294,0.888
BEN,2007,0.0079294444731716,5.986349321776089,912.3382471883424,1.79,,22.9147096667411,,7.43086004257202,0.902
BEN,2008,0.0912827765741349,4.896577084296467,1060.6025450209872,1.85,,39.2846004959004,,7.34216022491455,0.895
BEN,2009,0.200443286622122,2.319292139128379,1024.1027785811184,2.24,,52.9301199452375,,9.3462495803833,0.95
BEN,2010,0.275927983143427,2.1140647264839174,973.2442549315264,3.13,,72.2115392074128,,12.6081895828247,1.04
BEN,2011,0.371868455954814,2.963752919042008,1059.413588525885,4.14832306562512,44.6881229256471,76.9318013957922,45.7294692993164,11.8088598251343,2.647
BEN,2012,0.401638561456682,4.811223315687997,1071.5258366282956,4.5,,80.8628905531314,,12.8605403900147,2.458
BEN,2013,0.396653828045145,7.191433721449457,1168.926992792259,4.900000095,45.0800018310547,89.9019164924958,52.0378494262695,14.7752199172974,2.198
BEN,2014,0.411776822565069,6.357679097919316,1204.39918670094,6.0,,78.5170340826712,52.5952682495117,14.6916198730469,1.952
BEN,2015,0.644882115781616,1.7781510603027757,1002.4188687961384,11.25500011,,82.0193349324746,55.1333084106445,12.4851799011231,1.886
BEN,2016,0.190616354708843,3.339673426296926,1010.533896199298,14.5,,76.0182091705462,55.2945899963379,11.9529895782471,1.834
BEN,2017,0.237670455772448,5.671561951504444,1054.9740806681434,18.7,38.8699989318848,72.867145412956,,11.337929725647,1.691
BEN,2018,0.218309314921079,6.697253621808883,1151.7409703472013,19.0,,76.4080341122638,,11.5739097595215,1.426
BEN,2019,0.199854558369357,6.8656866284833455,1130.8213533979497,20.50099945,49.0,81.3235345537806,,10.3906803131103,1.214
BEN,2020,0.229384945213792,3.848792400301335,1200.1942655778937,22.12059975,,85.2390738023357,43.9858703613281,10.3808002471924,1.518
BEN,2021,0.154166533404575,7.155451645757395,1318.6515807519838,28.20470047,43.8300018310547,94.9182598289459,44.2737998962402,9.82796955108643,1.833
BEN,2022,0.153072411564925,6.25294705373625,1266.4271103190442,30.53730011,51.3800010681152,105.745019386968,43.5606498718262,10.2350101470947,1.685
BEN,2023,0.170880461346773,6.352777385444199,1394.1778472183137,32.39400101,,116.036046685168,,,1.641
BFA,2000,,1.8884738890652528,248.90852692175216,0.0770801689426014,,0.211688420806896,9.85589981079102,,2.687
BFA,2001,,6.61340574539679,259.485223380436,0.157732464653607,,0.619650213936542,10.0396404266357,1.11434996128082,2.748
BFA,2002,0.0003942938736904,4.352963829880991,285.6540876375328,0.200992597925001,,0.875434916000028,,1.34107005596161,2.862
BFA,2003,0.0011083481393357,7.802493888703594,362.3738999969534,0.373440303233526,21.8199996948242,1.81993821991034,11.2848196029663,1.50508999824524,2.78
BFA,2004,0.0011406957043844,4.478452136703865,403.8128374346103,0.400295285492178,,2.93276569154714,12.3676996231079,,3.48
BFA,2005,0.0027562202831542,8.661873228412247,441.16414801601206,0.469900012,23.5200004577637,4.54743329498311,13.3723297119141,2.14314007759094,4.0
BFA,2006,0.0119315079958149,6.2531646881747776,455.5136556200242,0.632700026,22.4699993133545,7.07267095398563,14.1544599533081,2.25787997245789,3.67
BFA,2007,0.045436423529831,4.111379017615164,514.6844511772381,0.75,27.8799991607666,12.5404933901545,15.2793703079224,2.40549993515015,3.3
BFA,2008,0.0672823268281298,5.799991741053873,619.4375332562643,0.920000017,,19.819973570747,17.9947395324707,2.92968010902405,3.501
BFA,2009,0.0760467842719439,2.961950858666924,601.5695206718585,1.129999995,,24.3386946942171,19.4353504180908,3.26682996749878,3.723
BFA,2010,0.0847216746170896,8.446281577076249,624.9572522247657,2.400000095,,35.2848311173407,21.1780201888507,3.34944579587797,3.725
BFA,2011,0.0844020984871601,6.622562613066933,725.0247677254749,3.0,,46.1057641177709,23.1764371916742,3.91906920981907,3.827
BFA,2012,0.0834367606364837,6.452672379531464,731.470138867833,3.724999905,,58.0942130771516,25.2399681000378,4.33792685706514,3.849
BFA,2013,0.0732506380609795,5.792584845098673,759.7620651684981,5.0,,63.5243073500025,27.6008880705968,4.57338342077701,4.054
BFA,2014,0.0296662638571705,4.326845614529759,764.8616751062254,6.0,34.5999984741211,68.5395525408019,29.5668744354491,4.89539917725699,4.255
BFA,2015,0.049814972578599,3.921228793793503,630.124750752312,6.545700073,,76.9373292602998,32.8931343608996,4.90356866333498,4.472
BFA,2016,0.0640501279140636,5.95797670754024,663.7423648428855,7.140999794,,79.6697942824089,34.9336280775566,5.40541465878063,4.598
BFA,2017,0.062133040708376,6.203489411218683,709.0915358946953,7.790400028,,90.2081424191231,37.1627510802261,5.8341880408112,4.662
BFA,2018,0.0676084024258783,6.604569068123411,777.465618514048,8.498900414,39.3499984741211,94.6219614871852,39.6278467471779,6.31826110291158,4.695
BFA,2019,0.0573181352576325,5.889204970681348,764.8530777749462,9.27180600953186,29.6599998474121,97.1498646690919,40.0770460332282,6.90532594926159,4.493
BFA,2020,0.0650831126106853,2.010772624062213,825.2370387824751,12.97319984,,102.972844247019,39.2540084845692,7.64277062242324,4.59
BFA,2021,0.0740660150924452,6.942524925723475,895.5352884429909,18.1522007,36.9700012207031,112.198419449151,38.1480312365517,9.30513098594236,4.511
BFA,2022,0.214398323020291,1.626732582119189,827.3308434866611,25.3987999,40.9199981689453,113.996146792235,33.6212866168282,9.67069485831779,3.828
BFA,2023,0.459463342299517,3.000274158141252,873.1980616702474,25.36120033,41.5670909952631,116.16313821519,30.8551216331757,10.1078755635882,3.601
BGD,2000,,5.293294718925324,396.6707302497512,0.0710394230507683,,0.207366638129846,46.7210006713867,5.25165987014771,3.27
BGD,2001,,5.07728777526728,394.6564100189103,0.129807973947512,47.4900016784668,0.380100815893711,48.4609718322754,6.17244005203247,3.609
BGD,2002,,3.83312393993225,393.88642232762766,0.13992028850905,,0.773750591091469,49.6199493408203,5.91559982299805,3.966
BGD,2003,,4.739567399630445,426.7488075436204,0.163877665498048,,0.968288714837633,49.5259017944336,5.99128007888794,4.32
BGD,2004,,5.2395329102985215,455.6140169097983,0.199036333744363,,1.94646914544521,46.3084297180176,5.55667018890381,4.316
BGD,2005,,6.535944938755023,480.0858507545197,0.241600007,,6.21908656184889,45.1695098876953,6.13484001159668,4.25
BGD,2006,,6.671904985767881,490.3880265332894,1.0,,13.0670782127175,45.7007904052734,7.07040023803711,3.591
BGD,2007,0.0295359235417042,7.058599354498483,537.9554927929107,1.799999952,,23.2246555051103,46.4658813476562,7.66305017471313,4.015
BGD,2008,0.0334505744748139,6.013789757385354,613.0620410412401,2.5,,29.8646728911139,44.5729598999023,8.62265968322754,4.49
BGD,2009,0.209909991345477,5.045124799193374,679.2114774280559,3.099999905,,34.0412611569965,48.1255798339844,10.4939298629761,5.0
BGD,2010,0.272380817434958,5.571788185331215,757.3852803615082,3.700000048,,44.6274657883724,49.5031106793162,,3.379
BGD,2011,0.30503074280175,6.464379124977285,837.3369446956473,4.5,58.7700004577637,54.9307304807214,49.7515496494472,13.2663245348367,3.737
BGD,2012,0.387219068103915,6.521458779064432,859.6805363754974,5.0,57.8600006103516,62.6684314857059,51.6718482971191,13.4211598649529,4.07
BGD,2013,0.974448436120221,6.013605658343437,958.2629897982828,6.63,61.0200004577637,74.4595169116099,55.6214332189314,13.4900578063704,4.426
BGD,2014,1.95813780918421,6.061059358849505,1094.461997028377,9.052900314,61.0900001525879,80.3128212085608,,13.5777392703559,4.417
BGD,2015,3.06992245398744,6.552639878161969,1224.3864766816523,12.36880016,65.1399993896484,82.4275967039157,59.4217414855957,15.5739926180902,4.397
BGD,2016,4.09944456111627,7.113478212700926,1649.2838085860055,16.89909935,72.7600021362305,84.5595499717024,64.1664546117285,17.3985207411042,4.35
BGD,2017,4.5013092271068,6.590249997940575,1811.0822166864589,21.5,72.8899993896484,93.0689844922452,62.3408639225315,18.5175604399834,4.372
BGD,2018,4.92461851093909,7.319412630141358,1965.243727314668,25.56509972,73.9100036621094,98.9289060885788,65.2714888764112,19.5710492453779,4.439
BGD,2019,4.90288655437254,7.881915151177225,2129.7989695460574,30.38310051,74.6800003051758,100.399571155843,65.1185413488915,22.7094642473405,4.504
BGD,2020,6.04506220711318,3.448017551224453,2248.850788282327,36.10910034,74.9100036621094,106.002140470412,66.4329548486639,22.6923019564501,5.539
BGD,2021,6.64246518111116,6.938679124424453,2482.849178433572,38.91744466,76.3600006103516,110.012054001037,66.8282318620991,23.9006822335243,5.457
BGD,2022,7.17020479104462,7.099828775751576,2716.485927804312,41.61650085,79.0,109.8665408168,67.0384586440383,23.5005059888653,4.593
BGD,2023,7.89245848428319,5.775112370078887,2551.017738273069,44.50274195,,111.280894357567,65.9856598598849,24.2003442708621,3.352
BGR,2000,,4.587225532341293,1621.3452487866969,5.37092346908696,,9.22440041397309,,,16.218
BGR,2001,,3.8237022257177102,1770.9974824957476,7.6122977487982,98.1999969482422,19.549844030083,80.9440765380859,41.0407791137695,19.921
BGR,2002,,5.871931346761912,2093.0896766056426,9.08,,33.0395170761223,83.9819869995117,41.4290084838867,18.11
BGR,2003,,5.237152824931741,2719.6333503737205,12.04,,44.8575798628698,88.118782043457,42.8536109924316,13.733
BGR,2004,0.0858256671781021,6.5104241389717,3389.860479923905,18.13,,61.0332759957829,90.5342712402344,43.6935691833496,12.037
BGR,2005,2.15033040720983,7.056349162583089,3900.025019664916,19.97,,81.1550542231694,91.3667678833008,46.225269317627,10.083
BGR,2006,5.034780075217,6.802592624328625,4523.377973017816,27.09,,108.024848258457,92.4120101928711,47.7948303222656,8.951
BGR,2007,8.29162101773481,6.654385123688115,5888.870945851606,33.64,,130.455029782962,93.1541595458984,51.2403411865234,6.878
BGR,2008,11.1942366306456,6.1295588589974415,7271.674437240767,39.67,,138.396717869014,92.3840713500977,52.6504096984863,5.609
BGR,2009,13.3284392878162,-3.347143085015418,6988.630484464962,45.0,,139.620815193781,92.5213775634766,55.0083694458008,6.817
BGR,2010,15.1221247609612,1.5553626628801709,6854.298783777805,46.23,,137.140251847404,94.1819229125977,58.354850769043,10.279
BGR,2011,17.0296984088807,2.0901759833741806,7849.982197373655,47.9799930506026,98.3499984741211,141.938313217096,96.4361267089844,59.8246803283691,11.26
BGR,2012,18.2006758494654,0.7488145563461046,7432.337533789833,51.8999876658503,,147.337862138845,95.3903503417969,62.1616516113281,12.27
BGR,2013,19.5682074718498,-0.5427534003928258,7796.379452414546,53.0615,,144.355146876635,100.78581237793,68.2013397216797,12.941
BGR,2014,20.5011345688189,0.9494497720020404,8070.012893035437,55.4903766299262,,131.33514197996,104.942199707031,72.981559753418,11.424
BGR,2015,22.4944225140811,3.39755351999294,7269.025865137114,56.6562516053086,,128.103256321093,103.889343261719,78.2999572753906,9.143
BGR,2016,23.8176881048635,3.026628200963046,7822.898864317318,59.825547661014,,125.906027330453,103.003921508789,80.6399612426758,7.575
BGR,2017,25.3925159519229,2.745927377509957,8697.133733337152,63.4101013837926,,120.595632675282,103.46102142334,81.2245864868164,6.164
BGR,2018,27.103417988838,2.3301505421041924,9849.887699891184,64.78201069118,,119.394511829255,104.043922424316,83.134880065918,5.211
BGR,2019,28.8836779290396,3.7933196458919554,10354.2500414088,67.9469809417603,,116.616975862125,102.656936645508,84.7503128051758,4.148
BGR,2020,30.5042854761098,-3.133235431259166,10760.761618023407,70.16248359,,114.596737765322,101.354942321777,85.5331115722656,5.037
BGR,2021,32.7688420838347,7.828173107036648,12966.808519738095,75.27144583,,114.911988483727,98.7087631225586,85.3017501831055,5.166
BGR,2022,34.9667968772891,4.08386398118941,13999.911335845343,79.12686326,,116.679163253179,96.6720733642578,84.1293563842773,4.148
BGR,2023,37.0235717545079,1.681510758329253,15854.019289377176,80.38956462,,117.932685806225,95.6239624023438,79.8532333374023,4.319
BHR,2000,,5.300069403058842,14214.48368393432,6.15373254647607,,30.7247368130219,91.4384078979492,,1.081
BHR,2001,0.168010560663813,2.4909487533835204,13573.233988759745,15.0386342513918,86.5500030517578,42.8008331952294,92.7467269897461,,1.118
BHR,2002,0.662060603804588,3.348550671032683,13501.47088014247,18.0507208881153,,51.7138462397484,85.6890182495117,,1.137
BHR,2003,1.20020806729153,6.296441290757031,14486.026902982188,21.5549449917804,,54.6187733890809,81.412971496582,25.1201400756836,1.126
BHR,2004,1.7162358481689,6.980961758676955,15963.949317161683,21.4586805077435,,74.5619329800492,80.4924011230469,,1.064
BHR,2005,2.29808150082993,6.768997377895019,17966.165783762463,21.30369949,,82.2538826768918,81.2799224853516,19.0136394500732,1.021
BHR,2006,3.88370208461942,6.466999519504199,19267.28261507196,28.24399948,,91.2343231270699,83.5526885986328,17.5358505249023,1.021
BHR,2007,6.45476425778202,8.293961290938427,20908.404254807345,32.91,,105.539410159778,,,1.006
BHR,2008,8.353424691759,6.2450109499579725,23299.4992780392,51.95,,128.559293450425,89.0208892822266,,1.015
BHR,2009,11.7871249276575,2.53988570158225,19465.31407450379,53.0,,118.449482724389,90.1288833618164,,1.07
BHR,2010,12.7684126193907,4.334298975484501,21819.329109809907,55.0,,129.157861073288,90.1969414818577,,1.13
BHR,2011,24.1579709760609,1.928157911707956,25032.786774333345,76.9999665032303,,140.350600963929,93.2938990893653,46.3075025646345,1.21
BHR,2012,24.285642640033,3.8030289904306183,26438.67332304283,88.0,,174.619564368418,98.4732914840696,47.6811679519633,1.2
BHR,2013,23.8669490925491,5.292622249062035,26989.760114846904,90.0000397,,175.802157646776,107.610472634995,44.1274788546413,1.184
BHR,2014,21.9044398132914,4.308856926570769,26451.79656474528,90.5031334814656,,177.400125528622,104.203846916518,44.7866602427761,1.144
BHR,2015,18.4748658416384,2.5078720526761487,23734.05511430191,93.4783007986129,,183.919614500055,100.303914816394,45.6439860607554,1.164
BHR,2016,16.2552007409045,3.81499327422425,23800.00144063101,97.9999807024146,,209.489131255928,100.583649344321,46.7631772606016,1.19
BHR,2017,13.1014612060095,4.953835341236569,24784.76935146067,95.8781357543453,,159.546894557674,100.923412884105,48.7280981931009,1.18
BHR,2018,8.43441553498671,2.052588649798608,26324.40665495586,98.6446725799886,,139.735421260048,100.701887411111,50.2628341348842,1.188
BHR,2019,9.49012903269232,2.052877744186546,27259.743859932696,99.7015043807778,,129.142743677937,102.128281941881,52.9045782700327,1.217
BHR,2020,10.1824112975928,-5.911362952415203,24342.8444554718,99.67103159,,119.41160169027,,54.4077922369055,1.765
BHR,2021,16.5057891919103,4.350040916689864,27147.80838822855,100.0,,128.078912532195,,47.5015525503536,1.548
BHR,2022,18.0025680504011,6.180161254751852,30470.52192760228,100.0,97.870002746582,139.636142863944,103.393222951005,50.3073760962771,1.265
BHR,2023,17.1582362107608,3.878116148455661,29290.12842150983,100.0,97.8499984741211,153.899937948583,104.392938701638,57.0562240948353,1.049
BHS,2000,,4.148419307542667,24940.077508607777,8.0,,9.7345870582241,,,7.118
BHS,2001,1.26252150465477,2.626009826834249,25371.92376676143,11.8,,18.4711258068058,,,6.87
BHS,2002,2.27372788844862,2.7049562473102924,26781.61959386516,18.0,,36.7170867333707,93.4659576416016,,9.05
BHS,2003,3.25995625979536,-1.2649166761237185,26429.12477876633,20.0,,36.4187856432015,,,10.84
BHS,2004,3.76800419092242,0.8823737445183184,26650.29342343032,22.0,,54.7430411263693,85.4551467895508,,10.2
BHS,2005,3.89131534717093,3.3960842053601112,28602.418186999483,25.0,,66.2329089777664,86.3187637329102,,10.2
BHS,2006,4.76239684248296,2.516592217127055,29184.78650879081,26.0,,72.6191603875135,86.5019989013672,,7.54
BHS,2007,5.80187584551727,1.4460999123575815,30051.84895877555,27.0,,105.848573870615,89.3580932617188,,7.88
BHS,2008,7.12051826203507,-2.323648070418514,29392.382441639675,31.54,,99.9804534792807,89.3178863525391,,8.18
BHS,2009,8.706761114633,-4.175428056473422,27512.913095008407,33.88,,98.8980458091012,89.0210571289062,,14.25
BHS,2010,6.72203506060227,1.5386624869383496,27473.100430501963,43.0,,116.572148536783,91.0886370856719,,14.435
BHS,2011,4.16862822109655,0.6131707358906482,27090.83768013795,65.0,,80.3784477401548,89.2416368950958,,14.52
BHS,2012,20.7553752773198,4.52003886739061,28552.024268315094,71.74819946,,79.9000716437309,92.1807628524046,,14.02
BHS,2013,19.1290212770449,-2.863200815494394,27642.74197591786,72.0,,75.734985605075,84.6595407759303,,16.18
BHS,2014,20.1853004724063,1.8469701294557976,29137.21756326217,76.91999817,,82.3551261058127,91.6218404766036,,13.8
BHS,2015,21.0247414012342,0.9974116754867453,30719.405417468977,78.0,,80.7521033045627,76.0440338812974,,12.0
BHS,2016,21.9370965455928,-1.1565081126962866,30616.53631572844,80.0,,92.8218938037134,85.0686327399149,,12.7
BHS,2017,22.2461810312816,3.3713988456488977,31875.488174961905,80.59999847,,90.5386890661613,92.6182585115999,,9.8
BHS,2018,20.678503859013,2.397955108235479,32642.335320345184,83.0,,98.9789084760782,80.8808929269834,,10.0
BHS,2019,20.8513333755622,-0.838585871193203,33640.336986127826,90.69329834,,107.811997212897,78.566734376867,,9.336
BHS,2020,20.9668496424268,-20.08936648913992,26178.75376077077,92.4437027,,117.717493173143,,,12.016
BHS,2021,20.7423310871326,17.586139003740882,30367.860575770803,92.34980011,,100.257333370336,72.6381880061026,,11.078
BHS,2022,21.135589553703,10.877900941026766,34957.16132797368,92.2559967,,101.623744145214,,,9.25
BHS,2023,23.816342880032,3.048241805537728,38231.77448427799,92.38729858,,100.047566593231,87.1455240465819,,8.645
BIH,2000,0.0006490741918245,5.414315988147635,1338.4805963626086,1.08296074971207,96.6600036621094,2.24497935102678,,15.3945398330688,25.446
BIH,2001,0.0016270130098831,2.423313129967042,1387.8936294212144,1.20052695129649,,10.6404497446786,,16.782470703125,26.485
BIH,2002,0.0050859574565628,5.027444647202998,1606.5467454132015,2.64826791361244,,17.879170067254,,17.0357398986816,27.477
BIH,2003,0.0358978519443354,3.8671355201177695,2033.947009358639,3.96503683387051,,25.7217681941681,,18.8590297698975,28.424
BIH,2004,0.160275798982223,6.3252679485834165,2452.686091738601,15.4689716227665,,33.9880564705951,,21.1273002624512,29.279
BIH,2005,0.334481225770433,3.897183205449736,2739.610768660567,21.3267010007738,,38.9202910880111,,24.1594295501709,30.218
BIH,2006,0.984428312945823,5.414002996072824,3166.128653448332,25.1223856852117,,46.4605864436346,,27.0378398895264,31.11
BIH,2007,2.11019319164883,5.859116894125975,3931.489487375052,27.92,,61.0557219969781,80.9894485473633,30.7171401977539,28.984
BIH,2008,4.77410764769183,5.441847301659635,4841.693119346486,34.66,,80.5319966034577,85.227912902832,34.473949432373,23.405
BIH,2009,7.52908530710651,-3.004455538908104,4539.918637749675,37.74,,83.953916109979,87.0009307861328,36.9575691223145,24.068
BIH,2010,10.2559326160601,0.8656672362805438,4506.478285483886,42.75,,81.6018850459875,85.5183715820312,38.5334587097168,27.312
BIH,2011,11.4984026395866,0.9595117097268968,4982.693757682627,43.88769913,,84.7529182494619,87.7279968261719,41.9769592285156,27.582
BIH,2012,12.7897151940553,-0.8218372529629931,4693.788991153808,45.0644989,,91.4833140015035,90.7853088378906,44.7015495300293,28.01
BIH,2013,14.2931086481084,2.3498587317239696,5034.566348170675,48.52130127,96.9899978637695,96.6063476862431,92.2983932495117,51.3600883483887,27.49
BIH,2014,15.2154563374569,1.1538479337129814,5206.065734751322,49.91770172,,97.9342347136426,90.2868576049805,54.1655807495117,27.517
BIH,2015,18.0468836372803,4.284130161378542,4662.258692194478,52.59999847,,97.8678378339204,85.716178894043,55.5336608886719,27.695
BIH,2016,19.0747891666088,3.2422582223156557,4928.566590311397,60.2565354318987,,98.0143984902979,83.1699523925781,56.9546089172363,25.408
BIH,2017,20.4261287573476,3.244098953065944,5345.019787664728,64.8920205128383,,100.332576774399,83.668083190918,54.528678894043,20.527
BIH,2018,21.1504576321228,3.829003993490645,6047.847072073918,70.1201350394885,,102.186536758193,85.6409912109375,49.7987518310547,18.4
BIH,2019,22.2950124838105,2.8858524208397824,6122.375413523533,69.9463476317266,,112.254788698841,85.5401306152344,46.6677894592285,15.692
BIH,2020,23.3507882918721,-3.0150933546043888,6130.311879682659,73.21175294,,106.374742411306,85.5591125488281,43.8039207458496,15.868
BIH,2021,24.5890868366952,7.391642564728457,7295.34378682258,75.67620138,,114.911613799718,85.6761474609375,45.0589485168457,14.897
BIH,2022,27.3190356221695,4.226813333903252,7655.594210243828,78.8455371,,118.944352880459,87.0373992919922,45.6063499450684,12.657
BIH,2023,28.440133083292,1.9943941485089312,8663.023264586292,83.3771539,,117.733690876159,87.8663787841797,45.5027618408203,10.668
BLR,2000,,5.800003274857019,1276.288034099996,1.86039812615388,,0.493959102272144,,54.5108413696289,12.193
BLR,2001,,4.725306051110948,1244.373185234307,4.30061602151712,,1.39191079953693,,56.5885696411133,11.561
BLR,2002,0.0002025634403374,5.045267583117024,1479.3806633717477,8.95097131467325,,4.6855962201662,,58.9719886779785,10.874
BLR,2003,0.001254695417077,7.043192465863939,1819.5265311469911,,,11.4044672869282,,61.6584510803223,10.191
BLR,2004,0.0077040882309163,11.44974320881667,2378.337004701288,,,23.0022194964587,,62.9585113525391,9.463
BLR,2005,0.0161773500962676,9.40000151584914,3126.0717666524847,,,42.4034825573205,,65.4601211547852,8.759
BLR,2006,0.118848430626197,9.99999473022963,3848.2235030016295,16.2,,62.0314078756574,,68.3140869140625,8.066
BLR,2007,1.77563147976714,8.600006598114263,4735.481075560663,19.7,,72.7794960082642,,71.1050872802734,7.41
BLR,2008,5.01586780557515,10.199999486093716,6376.175691620632,23.0,,85.2943083888757,115.713592529297,71.3163528442383,6.728
BLR,2009,11.4889164021429,0.199995231733979,5352.488091906969,27.43,99.620002746582,101.881315451425,113.701538085938,75.3678512573242,6.1
BLR,2010,17.5605789720351,7.750017075008955,6034.67885177216,31.8,,108.873353765855,111.028998547015,80.1169697729485,6.052
BLR,2011,22.1484924892336,5.549974716380774,6527.659342878603,39.6488956598961,,112.901923256589,108.98986744867,87.3373753061346,6.024
BLR,2012,26.7549579016379,1.707852533688282,6953.215916831005,46.91,,112.822416305227,107.657786407767,93.4729592664074,5.962
BLR,2013,29.4347914242904,0.9987192996611612,7998.0802045456,54.17,,117.433516760028,104.523124130077,95.4975003100193,5.942
BLR,2014,28.3376939308168,1.651124702280967,8341.318092948832,59.0163187101542,,120.366076944418,103.510351178762,94.316359554493,5.908
BLR,2015,30.6040616643757,-3.82957056812593,5967.055950587775,62.230360906803,,120.669626204229,102.895731001158,93.7888271999214,5.881
BLR,2016,32.2929606538076,-2.526446446042499,5039.775609494454,71.1130457603832,,120.431507778029,102.969005936733,91.5206757734477,5.844
BLR,2017,33.3125100702522,2.532183494719092,5785.544919351936,74.4364454136036,,120.212652133209,102.480850468241,89.4706479354735,5.648
BLR,2018,33.7711870351479,3.149197582752961,6360.037502312003,79.1298866919307,,122.56975741957,101.596010989492,84.7097808751504,4.763
BLR,2019,34.0723501521236,1.4464554820430493,6837.773396456351,82.7891520910901,99.870002746582,123.229810991965,100.438744155791,81.2921953254514,4.165
BLR,2020,34.8152229336418,-0.6727429185858682,6542.855799767677,85.08791245,,125.164732031333,100.575710351095,79.900160036935,4.049
BLR,2021,35.0097634241001,2.438862102349475,7489.718947138883,86.88841196,,127.117317282369,100.42063921059,78.6027133367864,3.9
BLR,2022,34.0671782490739,-4.6583959132899935,7994.648060748886,89.50733148,,128.314999383533,99.0602032881737,77.0977334087936,3.574
BLR,2023,35.0931910729644,4.1265400715388125,7896.753882955836,91.51249979,,128.979176539764,97.4265999006565,72.8250212584046,3.461
BLZ,2000,,12.24061206633587,4726.506754596157,5.96383530272428,76.9000015258789,6.98175656875651,67.7030181884766,,10.841
BLZ,2001,,4.993562061438638,4718.777151047391,,,15.7642151711699,69.2901992797852,15.1962203979492,9.07
BLZ,2002,,5.399073206638107,4858.860625993618,5.68425121358763,,20.2059302602643,,17.0946197509766,10.04
BLZ,2003,0.356357570702858,9.665226796141257,4959.740124346046,,,22.8990067480476,75.2354507446289,16.2938194274902,10.342
BLZ,2004,1.04053178646094,4.78066505273344,5153.713082653632,9.8,,27.6051941933394,76.6425094604492,15.6906204223633,10.586
BLZ,2005,1.79529619527332,2.219190536705696,5270.4147913531215,17.0,,34.3186847364075,75.2656326293945,16.1422500610352,10.91
BLZ,2006,2.51669109831248,4.511454601933011,5524.7816783498565,24.0,,40.989585866235,76.0926818847656,16.941520690918,9.39
BLZ,2007,2.52617359000338,3.339397383407644,5762.210233029382,24.60000038,,39.9574468085106,75.4892196655273,17.9253196716309,8.51
BLZ,2008,2.6438998426211,-1.6274777644908198,5711.8145885970935,26.29999924,,52.5796669087038,75.4095230102539,18.78537940979,8.18
BLZ,2009,2.66782677679183,-0.446709636828217,5399.671000019193,27.20000076,,51.751680986776,75.1112899780273,22.0563106536865,8.323
BLZ,2010,2.78380614841762,1.4174109923346094,5461.407359990008,28.2,,60.6413839404206,75.6223037349759,21.5657311669129,8.412
BLZ,2011,2.96304896455218,-0.1300711230086904,5596.052221522894,30.70000076,,67.9524470054812,76.1272789038614,21.5464009784327,8.424
BLZ,2012,2.98223160513615,3.943893218166167,5732.665199423469,31.0,,51.5597433121819,78.8095397154118,24.0271611386785,8.378
BLZ,2013,2.89789741443153,4.066465616088649,5957.349536190055,33.59999847,,51.1127633354507,80.6694303700292,24.0045345047471,8.349
BLZ,2014,2.83730221280913,3.892260672499887,6128.12053089077,38.70000076,,49.3805223502033,80.3583033664053,24.0154633440872,8.244
BLZ,2015,4.87717949221655,2.7602602736022988,6154.622642303688,41.59000015,90.9199981689453,59.4797562953754,81.2936199454549,23.4350622690571,7.578
BLZ,2016,5.03804444688173,-0.0187414958130318,6140.867139194692,44.57569885,,61.1255672392756,87.7313726328389,24.4760136680388,7.0
BLZ,2017,5.09268439075889,-1.8332372905778411,6071.854518464531,48.8771019,,64.1585522049721,86.323893201399,24.731690676743,6.596
BLZ,2018,6.48509044620831,0.8220685925125082,6011.990368885873,53.59360123,,64.7801570644827,86.2833561409511,24.5883446033139,9.346
BLZ,2019,7.67179242617844,4.25658710030072,6171.614497614228,58.76520157,,66.0704612665196,87.4526596660355,25.138736158351,9.053
BLZ,2020,9.21159022752628,-13.522899705550556,5238.540781756958,64.43589783,,67.551661668526,86.1886596150512,25.9421694120047,10.763
BLZ,2021,9.10594770150703,17.989924414360686,6142.989305570311,70.65370178,,66.7769498110516,88.8215546932903,23.6813942822198,10.302
BLZ,2022,9.75385677359442,9.250513295309943,7068.217280431452,69.98329926,87.879997253418,67.1750266305468,87.4381668552162,23.9767727412258,8.682
BLZ,2023,,0.5001279416386666,7424.758213210218,70.18720245,,,83.619553808705,22.3734089825019,8.278
BMU,2000,,9.317156410860832,56542.9569455727,42.9498600152711,,21.1210398050366,,,
BMU,2001,,7.222435537526081,59490.24520342024,47.5096998970623,,21.5510692291529,85.5536804199219,,
BMU,2002,,-1.4777905976886672,63358.5658652763,52.0315973700393,,48.2765279521097,84.8986434936523,,
BMU,2003,,3.410706676875307,67106.80280832238,56.5220121836337,,64.1169493155516,85.6302795410156,,
BMU,2004,,2.32126722323136,71692.15890016785,60.9908670086326,,78.3310686595796,87.598030090332,,
BMU,2005,29.4796766117587,1.6742061141050757,77628.10352250801,65.4470657898838,,84.0681858047233,86.630241394043,,
BMU,2006,37.6277174777986,5.543866380440605,97781.45589967216,69.8996551617012,,95.6488525320686,82.0112533569336,32.5518684387207,
BMU,2007,45.7054435803841,3.345139708776074,107395.65148389144,74.3505940302669,,109.506427551182,,29.2320194244385,
BMU,2008,53.6413902053713,-1.8659558263518647,110268.56240126384,82.3,,124.80252764613,,29.9917602539062,
BMU,2009,62.92771179108,-5.626697710516098,104711.71242035711,83.25,,133.721387556045,,38.3707885742188,
BMU,2010,62.9266378972146,-2.502878289473685,104111.82424480189,84.21,,138.407218517066,89.5964279174805,36.5495414733887,
BMU,2011,,-3.7427443174070314,99049.0169927667,88.336,,,88.0554428100586,37.8277206420898,
BMU,2012,,-5.305299106752969,100213.49338528737,91.2993045243401,,142.978348992867,86.2392807006836,36.9150810241699,
BMU,2013,63.0761002925724,-0.2797085454230341,101704.40746217009,95.3,,148.331078742882,85.0652008056641,35.1997718811035,
BMU,2014,54.6695210061547,-3.701067593642577,100961.57660281131,96.8,,93.6438476916054,85.4845428466797,33.3333282470703,
BMU,2015,47.2708937350309,0.7755296995689775,104855.3668221354,98.3236096537251,,59.8764653977058,86.8070526123047,30.6167392730713,
BMU,2016,35.9296442812337,-0.6572063042592049,108747.35614430488,98.0,,100.6966224842,,,
BMU,2017,35.8740444807952,3.611419837061149,112339.42558746735,98.37,,102.231904117777,,21.8093700408936,
BMU,2018,,-0.4328013003393067,113204.82210837994,,,,,22.3407592773438,
BMU,2019,35.8775172758045,0.3071064612406644,115798.04077557832,,,104.512767716474,,,
BMU,2020,35.7242707589078,-6.971625714798634,106976.5462396322,,,105.619583113293,,,
BMU,2021,35.5772800395991,4.764978996683553,112765.08167306028,,,105.185001856206,,,
BMU,2022,35.5804722852863,6.256955212408769,119969.17326908524,,,105.274212729154,,,
BMU,2023,,4.334472803538318,132961.76079631518,,,,74.3967514038086,17.3357105255127,
BOL,2000,,2.507810814846636,975.7770603587506,1.4427635847914,,6.76967151836916,72.7576370239258,,2.439
BOL,2001,,1.6837991452715926,930.1682272143124,2.1204625341365,86.7200012207031,8.91055094087152,75.7862701416016,,2.623
BOL,2002,0.0374142379714068,2.4855657660192207,888.2213289743515,3.11719294696997,,11.4976649807789,80.6306991577148,,2.603
BOL,2003,0.063420508910913,2.7113398065361025,893.0137602111491,3.50859640072336,,14.1297800170153,83.4697265625,,2.654
BOL,2004,0.0947710561393837,4.1732955905708025,953.1918932462772,4.43992460120042,,19.5646767642078,86.3809967041016,,2.615
BOL,2005,0.138589263215335,4.421433135501957,1020.1232620073686,5.22758395663196,,25.8675957086363,87.4255523681641,,2.598
BOL,2006,0.184725630085167,4.797008810674768,1202.7115044632694,6.20067125473576,,30.2062270674877,86.5906295776367,,2.575
BOL,2007,0.350786086252679,4.564384251431264,1354.5490594992878,10.49919987,90.2900009155273,33.5992508744616,86.0495986938477,,2.614
BOL,2008,0.805148140395486,6.1484978777765775,1692.6724845587646,12.5,90.6999969482422,51.1488440905351,85.3683776855469,,2.603
BOL,2009,0.959777961367874,3.3569995834604924,1731.181721122093,16.79999924,91.1699981689453,64.5388630004667,83.7523803710938,,2.973
BOL,2010,0.942297673080219,4.126722589962739,1929.783730771584,22.39999962,,70.5072652714085,87.7601876397411,,2.609
BOL,2011,0.710624258800113,5.204092452823275,2315.5212193060715,30.0,92.2300033569336,80.7163040735906,85.300407946135,,2.255
BOL,2012,1.10983398611253,5.12227560125973,2575.598570980836,35.34,94.4599990844727,90.2755917829226,87.0108512162742,,2.066
BOL,2013,1.44251291444936,6.796011412684976,2870.0237700075613,36.99,,97.5951190945133,88.7650557098116,,2.437
BOL,2014,1.59263327264509,5.460569491367664,3041.435031624083,34.6016202324676,,96.3263792565653,89.4564819756877,,2.021
BOL,2015,1.64281294868996,4.857187185086033,2996.0128981134417,37.4868176324391,92.4599990844727,92.2660116634989,90.6139031958796,,3.111
BOL,2016,2.57234781333128,4.2639208699217335,3035.8734773213155,39.69749832,,90.3953302409119,90.6152852803158,,3.498
BOL,2017,3.34957984808085,4.195206333646468,4048.4011973983856,43.83229828,,96.6383703523099,89.4000212849504,,3.655
BOL,2018,4.38026486466196,2.868084048147935,4206.855293666104,44.2861422024283,,99.4565867202022,88.7218999579042,,3.519
BOL,2019,6.39917144373428,1.5067210266686288,4203.15492855788,47.4748191121692,,100.14945954148,88.8235046622532,,3.682
BOL,2020,7.88671647526861,-12.719469009271748,3580.9676177830274,59.94010155,93.8499984741211,99.898817726261,88.8672369779995,,7.903
BOL,2021,9.44574009663778,10.029048882788617,4010.7605368620434,65.9773785,,100.809064985893,90.4144137410078,,5.089
BOL,2022,10.9975247479663,3.7474178124146102,4219.461137424454,72.62270355,,101.57150434614,90.3729338176816,,3.552
BOL,2023,11.1529423948186,2.516365901548909,4274.70820547613,77.30039978,95.5500030517578,,91.3676827044767,,3.024
BRA,2000,0.0574652265559086,4.38794944745618,3766.548114660316,2.87068515854108,86.370002746582,13.3251349993215,,,10.889
BRA,2001,0.187746875442478,1.389896400956374,3176.289357475236,4.52849486902851,,16.3049193714237,,,10.649
BRA,2002,0.409515816509217,3.053461859093119,2855.9401888576867,9.14942508560748,,19.540774901626,,,10.641
BRA,2003,0.534956051589709,1.1408289982488782,3090.607009745496,13.2075861035303,,25.6741091130257,,,11.168
BRA,2004,1.7284595748202,5.75996463670954,3663.823188064,19.073672274442,88.620002746582,35.9134794819895,,,10.072
BRA,2005,1.75095200096296,3.202132061304312,4827.781730747141,21.022747248827,,46.6788794368512,,,10.551
BRA,2006,2.55393928456781,3.96198871122617,5934.144709249681,28.17840004,89.620002746582,53.5317215669585,,,9.692
BRA,2007,4.03572440795213,6.069870606783383,7409.69130673473,30.87999916,90.0100021362305,64.1626170391327,,,9.28
BRA,2008,5.26188788450655,5.094195446587364,8908.331765386483,33.83,90.0400009155273,79.1319735150735,,,8.268
BRA,2009,6.10682944207956,-0.1258120021611688,8678.6592244676,39.22,90.3000030517578,88.1849371150662,,,9.419
BRA,2010,7.27968486054674,7.5282258181536434,11403.282127874663,40.65,90.379997253418,101.666503279892,,,8.42
BRA,2011,9.13182030910824,3.974423079447021,13396.624356298567,45.69,91.4100036621094,120.008104166504,,,7.578
BRA,2012,9.71151141846763,1.9211759857653727,12521.721351996648,48.56,91.3399963378906,126.131962754994,94.5829467773438,43.8344116210938,7.251
BRA,2013,10.7622017659472,3.004822669444323,12458.8912138813,51.04,91.4800033569336,136.589138644321,104.086219787598,44.9966697692871,7.071
BRA,2014,11.9790772854396,0.5039557402422474,12274.993968936304,54.5510018796392,91.7300033569336,140.304679417776,102.780311584473,47.8131904602051,6.755
BRA,2015,12.6353840484725,-3.545763392694255,8936.196617121128,58.3279517340924,92.0500030517578,127.83616904008,101.086227416992,49.0805015563965,8.538
BRA,2016,13.217709027651,-3.275916907821923,8836.286527356575,60.8725400681261,92.8099975585938,120.101181531485,102.692901611328,48.9665794372559,11.58
BRA,2017,14.1218273097456,1.3228690540439914,10080.509281930525,67.4712845236305,93.0800018310547,108.092570205646,102.989486694336,50.7326316833496,12.792
BRA,2018,15.1537620986579,1.7836667616339952,9300.661649232186,70.4342825404361,93.2300033569336,101.602460284017,104.818481445312,52.05712890625,12.329
BRA,2019,15.8621991239093,1.2207778236084152,9029.833266810732,73.9124399133589,93.8926266999537,97.3747376780285,103.667556762695,53.6215400695801,11.936
BRA,2020,17.418059685583,-3.276758796473601,7074.1937833764405,81.34269353,94.7444114331042,98.6456198619193,103.882659912109,55.529109954834,13.697
BRA,2021,19.8363162401481,4.762604379086085,7972.536649864598,80.68989314,94.7726170886975,104.824727184587,106.298461914062,57.6311988830566,13.158
BRA,2022,20.9534469027015,3.0166943539301485,9281.33334441234,80.52775094,94.376866160108,101.245468903076,105.702369689941,61.0000915527344,9.231
BRA,2023,22.4192301618889,3.2416553290698147,10377.589279255684,84.15060238,94.5725490635077,101.020256020808,,,7.947
BRB,2000,,4.447189491831935,11674.673647176442,3.97367835457927,,10.8626551630715,107.564750671387,41.9254302978516,9.35
BRB,2001,,-2.3654641554416718,11639.516052205392,11.9364503383984,,20.2385443460036,108.259826660156,41.2074584960938,9.85
BRB,2002,,0.7874016454495063,11760.452473613275,27.836322424146,,36.794902857489,107.798782348633,,10.32
BRB,2003,10.2789567154295,2.1754810199559955,12075.958702064896,39.6896271159532,,52.6759376316898,107.189636230469,,11.0
BRB,2004,11.0850062477085,1.411597864065996,12886.366527246744,49.8,,74.8744846575732,108.061492919922,,9.57
BRB,2005,11.8873415554547,3.9554570948749728,14214.420221357172,52.5,,76.7344234963119,108.776031494141,,9.08
BRB,2006,14.3702639239709,6.070546793596179,15619.600595551145,55.29999924,,87.8212013244346,107.878128051758,,8.73
BRB,2007,17.3737872666686,2.0791836050701136,17235.439643478516,58.20000076,,94.9529651145646,109.740669250488,60.2387390136719,7.41
BRB,2008,18.0467449415872,0.6334604257918386,17565.692997059192,61.40000153,,105.84788459705,110.919006347656,,8.12
BRB,2009,20.9048492829861,-5.017275449962824,16294.909949183397,64.69999695,,122.959766236325,110.282241821289,74.2060775756836,10.02
BRB,2010,20.4146881119593,-8.080721211343871,19723.238193160225,65.09999847,,127.182525986129,107.682540893555,69.5953279239237,10.69
BRB,2011,22.6820550519847,-0.074211165126286,20146.238126450808,66.5,,125.993430844611,107.300071716309,66.9463967271583,11.19
BRB,2012,24.1512540713084,-2.857970513872573,19811.29530797507,71.19999695,,126.127869775907,,70.0289730657796,11.59
BRB,2013,24.4171933805125,0.1953220073104091,20384.491023355484,71.80000305,,110.819872868385,,73.1807704972012,11.55
BRB,2014,27.9254745857703,0.8073253503945637,20423.717792116346,71.92459869,,109.738888010692,108.186309814453,71.2682628742848,12.17
BRB,2015,28.0544105523495,-0.7726200784109949,20429.47471235528,72.04940033,,120.001433743145,108.196029663086,57.2814457564167,9.803
BRB,2016,31.0756872366755,1.4163244682154073,20311.40941637637,71.57299805,,118.816300545784,108.310737609863,52.0533712473342,8.247
BRB,2017,31.8876686023893,0.6546556028603732,20870.75964321789,71.14849854,,117.629947424965,109.804237365723,51.0106696691866,8.62
BRB,2018,31.8263267203636,-0.2520853258278492,21378.220126749577,70.72650146,,117.318523321138,108.216751098633,45.8751983077737,8.321
BRB,2019,37.98020675161,0.2410997891486772,21929.435611489047,70.30709839,,117.111593950364,106.086326599121,48.935497470489,8.41
BRB,2020,45.43873225937,-17.405931465174675,19180.991522836517,69.89009857,,104.722078254017,104.318992614746,52.971630831,10.586
BRB,2021,36.3512637029634,8.0198770096479,21084.40139359979,69.4756012,,112.222706603295,103.569473266602,54.672,11.015
BRB,2022,37.4843261853654,15.945320622547342,24393.219348394363,69.06359863,,114.580721030894,104.222328186035,55.0600902713579,7.261
BRB,2023,,1.81419817804516,25583.872230250483,69.67510223,,,102.513702392578,54.2600399378744,6.54
BRN,2000,,3.4746762767258588,20130.25723466236,8.99628453448726,,29.1032522118472,82.8583526611328,13.4959297180176,5.53
BRN,2001,0.568780092696756,1.4660608198711031,18287.82722819137,12.9177690823013,92.6699981689453,42.8996985105521,84.982307434082,14.6684103012085,5.558
BRN,2002,0.810646311809208,3.9614389000248025,18621.29225775249,15.329879855735,,45.1771395975878,86.768928527832,14.1154699325562,5.652
BRN,2003,1.10721013625204,3.583429099789967,20677.90011431882,19.5950032207342,,51.16735951442,87.8041305541992,14.257490158081,5.743
BRN,2004,1.77438504325453,0.1045383726033151,24423.094699554786,29.7156041447864,,57.3668715341828,90.8928298950195,15.1707801818848,5.847
BRN,2005,2.26403949670675,-0.0039253166074644,29386.27038228621,36.4663919475782,,64.8898349474529,93.6873092651367,15.2498598098755,5.973
BRN,2006,2.45815999978062,4.098412573085881,34674.79952364521,42.1863491609307,,82.6516537186389,97.5592575073242,15.2068796157837,6.061
BRN,2007,3.13233910260386,-3.7636232625464734,36217.329070601496,44.68,,98.7232826331386,98.3408584594727,15.4847002029419,6.187
BRN,2008,4.47096690515706,-3.9007110171511385,42156.56858386719,46.0,,105.575540044416,98.7723617553711,15.7385101318359,6.312
BRN,2009,5.20298634634968,-1.900253672025471,30946.467377382756,49.0,,107.255450030134,100.720039367676,16.5658493041992,6.457
BRN,2010,5.53077495590469,2.7413643945616286,34937.55553571547,53.0,,110.901991170743,101.011688232422,15.3331604003906,6.487
BRN,2011,5.80511731670126,3.7444062552487054,46382.827425534895,56.0,96.0899963378906,110.959741004384,102.111122131348,17.4244594573975,6.506
BRN,2012,4.8942565410041,0.9131351896644871,46968.59711649224,60.27310181,,115.8258888393,105.229759216309,22.0733509063721,6.571
BRN,2013,6.70157246316895,-2.12478292664558,44003.06442734612,64.5,,114.010632244007,102.392692565918,23.4649200439453,6.709
BRN,2014,7.26070785842831,-2.507887275907109,41026.508424795655,68.76999664,,108.471265746851,96.2848663330078,30.0799102783203,6.862
BRN,2015,8.15348687389274,-0.3923837495020308,30625.12877446564,71.19999695,,109.751499246824,92.8161697387695,28.6641292572021,7.703
BRN,2016,8.44785809843673,-2.477917718332236,26663.29729506015,90.0,,122.42681797345,90.0986175537109,28.6644096374512,8.537
BRN,2017,9.49044762600168,1.3287266105782294,28024.38245802521,94.86669922,,125.870435240727,88.6814727783203,31.2433910195239,9.316
BRN,2018,11.2953107512391,0.0523710418528935,30988.119026722685,95.0,,129.268175692652,89.1818084716797,27.9285989469629,8.7
BRN,2019,12.2424776362158,3.868844361770755,30426.573065652785,95.0,,129.845260684919,88.2910308837891,27.7715019255456,6.6
BRN,2020,15.886760064729,1.133573349524596,26834.359223394295,96.30549622,,119.933885258067,86.6857810342997,27.4692556634304,7.409
BRN,2021,17.580984722871,-1.590762600996058,31006.963628978527,97.62879944,,133.597065445264,,27.4258937503291,4.905
BRN,2022,19.8049937413532,-1.6283315451510845,36632.92809521554,98.97042579,,116.108439291126,,31.1925368707703,5.191
BRN,2023,20.2120497048692,1.1276441816271898,32890.54918120193,98.97039795,,118.673752421293,91.8381544399811,36.4182725443167,5.296
BTN,2000,,3.355068381742882,771.9249114106186,0.40094444691941,,0.0,30.5185794830322,,1.655
BTN,2001,,7.328374356730819,812.2382107720562,0.864628564215099,,0.0,33.8684310913086,,1.9
BTN,2002,,10.443779716891342,895.7994899309724,1.67580258375242,,0.0,,,1.854
BTN,2003,,7.786560408773639,1022.3824031101774,2.43691239949767,,0.35363507056235,,,1.8
BTN,2004,,5.157257361775606,1130.3593460679604,3.15698419613711,,2.94184559384146,,,2.49
BTN,2005,,6.935071467666589,1299.9493857835896,3.847100019,52.810001373291,5.43917566271067,43.8849105834961,4.87233018875122,3.1
BTN,2006,,5.640805153913902,1405.6071618158026,4.518300056,,12.235856046297,46.4304084777832,5.12222003936768,3.13
BTN,2007,,16.104783654201242,1850.4157043339765,5.92,,22.0203318101912,50.2249412536621,5.54621982574463,3.7
BTN,2008,0.300137976050155,4.529448776962354,1919.5977489639492,6.55,,36.9241102584538,53.5040893554688,6.58204984664917,3.848
BTN,2009,0.486751932310069,7.667492385531347,1918.3959921109315,7.17,,48.8391730116371,58.5537414550781,6.29682016372681,3.96
BTN,2010,1.23640312870565,11.93187383762293,2435.579805667197,13.6,,56.1998312505701,62.9354400634766,6.57718143152316,3.32
BTN,2011,1.86543967453131,8.489258484280796,2787.979676085619,14.39999962,,68.2555256231877,66.9861221313477,7.70502526511554,3.23
BTN,2012,2.33744470422249,5.164820126838947,2751.2128864293954,15.60000038,55.3199996948242,78.1969080371794,72.1302185058594,7.60806024678839,2.05
BTN,2013,2.82390217200971,1.7363403950569278,2679.9521720153784,22.39999962,,75.052704292039,76.680793762207,10.362939215902,2.87
BTN,2014,3.40713016222026,5.8810855065828775,2849.4999864730285,30.29999924,,85.1865744422272,84.1404190063477,,2.63
BTN,2015,3.76361363077862,6.660801288661972,2954.0408191109696,39.79999924,,91.2409636276731,85.2313079833984,,2.45
BTN,2016,2.20480674345404,8.475943392329626,3152.309051067865,46.50320053,,93.382103211003,85.6766128540039,,2.707
BTN,2017,2.21479846487303,2.08684522733067,3435.2880473566224,54.33549881,66.5599975585938,96.8565690310008,86.5600433349609,14.8354989456323,3.027
BTN,2018,1.42176663915794,3.501871857327373,3400.204172453423,63.48680115,,92.6022594006784,87.5722870683987,14.9303808051574,3.35
BTN,2019,1.14719203372279,5.755148512465055,3576.8798710050314,74.17939758,,95.3472955869586,90.6185575459377,15.9420291550317,2.72
BTN,2020,0.414152616992595,-10.21839742085686,3191.6690699933065,76.85079956,,96.7702849068709,89.7711428873908,16.8650740250552,5.03
BTN,2021,0.364566273170656,4.421367389450154,3570.612579808724,85.63688389,,100.330908049861,92.5248380307052,14.7382447141292,4.803
BTN,2022,0.631823734751842,5.213867837862239,3711.327679815909,88.35620117,64.9100036621094,95.129809428439,89.9829129407455,14.5780698560857,5.947
BTN,2023,1.31881966212479,4.632157029699329,3831.325355643264,90.02140045,,95.6260610260877,86.8564415582911,15.0074996948242,3.126
BWA,2000,,1.9876958337855228,3450.811806229918,2.90266662177209,,13.2462372912074,76.1968231201172,6.98083019256592,15.88
BWA,2001,,0.250573949689084,3206.071236898528,3.43088678702599,,19.4050649027539,75.3002014160156,7.48678016662598,18.54
BWA,2002,,6.069530876483171,3117.250871830112,3.38592235064273,,19.0435033296786,75.8795700073242,7.80341005325317,21.277
BWA,2003,,4.625894749592987,4230.123269099257,3.3451901740614,81.1900024414062,25.0587925232129,76.5648727416992,9.07960033416748,23.8
BWA,2004,,2.7058217061117347,4956.692877352137,3.30488925316113,,28.9318073913231,78.3988189697266,9.56877994537354,21.755
BWA,2005,0.0869623349821754,4.556645653231811,5391.070766196335,3.262599945,,30.6423744630755,79.5636215209961,9.23077964782715,19.852
BWA,2006,0.0960247871984021,8.36387109282306,5291.583791448487,4.28993297515968,,43.9084008885494,81.6948394775391,10.0698099136353,17.782
BWA,2007,0.185223846157469,5.792555777271176,5529.125746325323,5.28,,60.2637294559808,82.4867095947266,10.2232799530029,16.976
BWA,2008,0.456417278214537,3.2520729579683234,5503.073953143129,6.25,,76.195582496141,77.806510925293,14.2659397125244,16.293
BWA,2009,0.502342675065166,-14.144234616342333,5082.933883324043,6.150000095,,94.1440909682303,,21.9871006011963,16.169
BWA,2010,0.589146386990184,10.119723322694014,6215.732160779186,6.0,,116.2460387062,,19.5398902893066,17.86
BWA,2011,0.92233793979846,6.838410524935739,7287.382953349189,9.0,,139.870462760455,,17.5134506225586,18.049
BWA,2012,1.05453005453337,-0.1708570993356915,6595.538450154237,16.0,,146.149158429435,,21.6663608551025,17.916
BWA,2013,1.00855708601278,11.102906873782189,6666.912195834866,30.0,,151.670682520804,,26.3370990753174,18.167
BWA,2014,1.53265771779946,5.697144220728845,7122.364234215034,36.74474744423,,157.018320070864,,24.8355648460166,18.484
BWA,2015,1.67228482353299,-4.851325074097787,6141.203947266163,38.89379883,,157.734742812171,,26.8692925538756,18.915
BWA,2016,2.64263621946898,7.204424759142668,6749.05994339013,41.16859818,,147.172960511479,,22.6605855291776,19.328
BWA,2017,1.43086105330679,4.114378564450831,7104.964010880272,43.57640076,,142.962095019868,,21.4762885165012,19.671
BWA,2018,1.74169396309317,4.188692371592225,7407.95940141786,46.12509918,,147.06483856362,,,19.665
BWA,2019,2.10301262862428,3.031773394546704,7172.089564800282,48.82279968,,160.661520194607,,21.4965480211896,20.094
BWA,2020,3.58604400704343,-8.728882439963968,6323.2974967658965,51.67819977,,161.858815314634,,22.4017870513653,21.017
BWA,2021,5.5483769953124,11.916272437600767,7807.887945704713,54.70069885,,173.25235140068,70.6292572021484,21.2032904951187,23.106
BWA,2022,4.53192190474005,5.486017064467717,8328.7090572666,57.9,,178.205018910673,,20.7095613715302,23.615
BWA,2023,6.16495796381324,3.2080681222443843,7827.300279607343,,,179.027305378019,,20.5658232475186,23.381
CAF,2000,,-2.489432440288738,239.1541337260706,0.0533941742150456,50.6500015258789,0.129571118814133,,1.94369995594025,5.722
CAF,2001,,4.464739026408665,237.9517025447346,0.0785434278394038,,0.280648972684436,10.9798498153687,,5.77
CAF,2002,,3.616542191505957,248.63929097840335,0.128537116506299,,0.31452216220507,10.9962396621704,,5.809
CAF,2003,,-5.397485218558771,278.403992150941,0.151563337940017,,0.974875983588938,,,5.809
CAF,2004,,5.994884227986958,303.461321152782,0.223401395464406,,1.43101573974212,,1.66786003112793,5.729
CAF,2005,,0.9082105148719536,311.9500231386868,0.26820001,,2.33164910546282,,,5.691
CAF,2006,,4.771085430441048,333.94251990303104,0.311199993,,2.51280445195849,,1.08675003051758,5.61
CAF,2007,,4.607534854520253,380.8870488394754,0.375815961044797,,7.61858666254367,,,5.562
CAF,2008,,2.054130962004848,437.24827472489,1.0,,12.5027857083947,,2.16495990753174,5.51
CAF,2009,,8.58726042640994,456.471673898404,1.799999952,,19.0689343696367,11.9955196380615,2.30814003944397,5.575
CAF,2010,,4.63081843223307,476.8737869507277,2.0,,21.7946380977499,,2.53881001472473,5.658
CAF,2011,0.0177436204565105,4.19461533741989,534.0572814716355,2.200000048,,21.7401847658532,15.9189596176147,2.95497989654541,5.638
CAF,2012,0.0131212306282922,5.053761253569178,544.3958491427853,2.400000095,,24.7918387246771,15.6197595596313,2.77519989013672,5.58
CAF,2013,,-36.39197709838867,364.3669626083801,2.5,,29.3015343940304,,,5.566
CAF,2014,,0.0810705153264876,409.8504859646996,2.700000048,,24.9962039132355,,,5.633
CAF,2015,0.0401354842611874,4.337121030202312,366.3228539381206,2.900000095,,26.8396654368244,,,5.775
CAF,2016,0.0156141837038414,4.750316841223423,387.17620344431776,3.099999905,,26.4835649048309,13.9465503692627,,5.793
CAF,2017,0.0129132904879117,4.52727821346231,432.3240256842626,4.0,,24.5204193752763,15.8074398040772,,5.836
CAF,2018,0.0124624461199055,3.789443592754623,455.243962859534,5.099999905,,26.2215810621653,,,5.825
CAF,2019,0.0100916071197805,3.0999999999999943,449.2284676024388,7.509200096,42.439998626709,32.2626859489842,,,5.916
CAF,2020,,0.899999996857062,462.87907129401145,,,36.426009643045,,,6.519
CAF,2021,0.0097611549069853,0.9829199962642292,492.2631428305074,,,35.8169832358522,,,6.701
CAF,2022,0.0160846160651184,0.4539018764477873,467.3598250262384,13.75360012,,38.8217901039988,,,6.287
CAF,2023,,0.6999684007605396,495.9788972887206,13.8416996,,,,,6.181
CAN,2000,4.56733457739582,5.138539189941582,24271.002056382134,51.3,,28.2502125240149,101.992736816406,58.5191192626953,6.829
CAN,2001,9.08578981511795,1.875098130998467,23822.09621093203,60.2,,34.1165640836358,,,7.219
CAN,2002,11.1461413881852,2.999255338326435,24256.059874220115,61.5932992681952,,37.6463700029969,,58.4131507873535,7.665
CAN,2003,14.1755612319225,1.806385119510296,28301.909705589835,64.2,,41.7477031538849,,,7.574
CAN,2004,16.8551155306757,3.0923638103815563,32145.5653280273,65.9559634648989,,46.743691888986,,,7.185
CAN,2005,21.5905137127351,3.2104544150279253,36383.96713413962,71.66,,52.4553306173799,100.274856567383,,6.758
CAN,2006,24.5549559236404,2.637943753027216,40504.8490329826,72.40000153,,57.2331332804484,100.449310302734,,6.484
CAN,2007,27.4243778082737,2.0499045944361853,44660.08388922812,73.2,,61.2755204244533,101.272247314453,63.8298110961914,6.156
CAN,2008,29.4247301533061,0.9954063712645222,46710.3654423328,76.69999695,,66.0481445157618,102.278419494629,64.3074111938477,6.284
CAN,2009,30.4200539401656,-2.915086270595552,40874.96123185467,80.3,,70.3944880872526,102.979949951172,63.6236991882324,8.46
CAN,2010,31.6318242774001,3.0908063374485124,47560.83788312584,80.3,,75.5197130593625,102.510261535645,61.8845901489258,8.178
CAN,2011,32.6506480077297,3.1371944343875957,52224.12377674064,83.0,,77.6722584904981,102.823951721191,63.1586990356445,7.637
CAN,2012,33.4738596726536,1.755661332052341,52670.14295409521,83.0,,79.3757242462141,110.873832702637,63.603271484375,7.392
CAN,2013,34.2683042479886,2.3258135661276214,52637.73132226223,85.80000305,,80.3548920843149,111.407608032227,65.7477188110352,7.143
CAN,2014,35.2694249557112,2.8734667557973097,50960.89420866846,87.12000275,,80.790219211487,111.68155670166,67.1677017211914,7.023
CAN,2015,36.4698589080979,0.6499710149109603,43594.23790807062,90.0,,82.767383138656,111.737281799316,67.2690963745117,6.945
CAN,2016,36.8232874759276,1.0385509198932257,42314.103362390495,91.16000366,,84.5919452304565,111.607330322266,69.2459411621094,7.038
CAN,2017,37.8276923396247,3.033834918413916,45129.73352810513,92.70140076,,86.1024018448784,111.974517822266,70.2687072753906,6.426
CAN,2018,38.7333531661948,2.742963414022455,46539.21779031782,94.64,,89.0494584998715,111.833679199219,69.3507232666016,5.837
CAN,2019,40.076756874499,1.9084319388725104,46352.969520892686,91.91290283,,90.9589210049458,110.980072021484,73.1128768920898,5.69
CAN,2020,40.7949805592606,-5.038233427940867,43537.8981198851,92.3,,84.7747749116615,109.628059387207,75.2389068603516,9.657
CAN,2021,41.6930962576979,5.950528049847591,52886.640781378825,93.93710327,,87.4056019628826,108.337341308594,79.7657318115234,7.527
CAN,2022,42.1792116530791,4.695419850459032,56496.92753406634,94.0,,91.2386689983444,107.467987060547,78.8488311767578,5.279
CAN,2023,42.5241770773151,1.9530855219902463,54847.5370112652,94.14530182,,94.1497268194785,104.320877075195,76.2666931152344,5.415
CHE,2000,0.785299902965017,3.6332167347091087,39298.096804244415,47.1,,64.5672951042503,94.5499114990234,38.1127586364746,2.658
CHE,2001,1.93734327411844,1.59219781357001,40133.61019652606,55.1,,73.0072729250327,94.758171081543,39.2238006591797,2.49
CHE,2002,6.25409410844057,0.380410134195273,43094.24928484937,61.4,,78.808880973002,93.588623046875,39.9602890014648,2.924
CHE,2003,10.6890252291999,-0.2842223578576153,49947.39101751519,65.1,,84.3941464361848,93.3511962890625,43.0505409240723,4.117
CHE,2004,16.6219495316618,2.5869289552909294,55349.61645950284,67.8,,84.9755978783873,93.2228698730469,44.8805198669434,4.316
CHE,2005,22.4603976709348,2.952084874603344,57080.07043381926,70.1,,91.9590388522439,93.8099594116211,45.2465286254883,4.437
CHE,2006,27.4143415485627,4.134322514679155,59910.29340550398,75.7,,99.4336839067788,94.1694793701172,46.2847785949707,3.995
CHE,2007,31.5502689658746,3.983193848070556,66082.12339775318,77.2,,108.793498963141,95.0716171264648,47.8155517578125,3.641
CHE,2008,33.4518187509422,2.531596154172334,75147.53767091548,79.2,,116.422699159143,95.5135726928711,49.6888809204102,3.35
CHE,2009,35.4267868324277,-1.9349094490391248,72788.20495243785,81.3,,120.4834287435,95.8478317260742,50.3034515380859,4.109
CHE,2010,37.2298614586992,3.2606308212204738,77956.1262043942,83.9,,123.236153760539,96.6068572998047,52.8040618896484,4.808
CHE,2011,38.8955434493097,1.4076606748381266,91910.39645652026,85.1930281804854,,127.39653885362,97.1951599121094,53.1352806091309,4.409
CHE,2012,40.1600289838911,1.1241357502770484,87269.5594780124,85.2,,132.03116268359,98.3727416992188,54.835620880127,4.491
CHE,2013,42.4917583320748,1.836123929279992,88851.2374497983,86.34,,136.551244178553,101.221382141113,56.1812400817871,4.747
CHE,2014,43.1731934431674,2.543423476759912,90511.64845588426,83.6172512621702,,136.137729869778,,58.0650596618652,4.826
CHE,2015,44.6715654663593,1.454503364910991,85265.06205192996,87.4790555978675,,135.723075533919,103.913391113281,60.8185615539551,4.801
CHE,2016,45.0860971371482,1.911590942148521,83432.4111596314,89.1346877351392,,134.235676338144,104.09513092041,61.1939888000488,4.918
CHE,2017,46.3318234490564,1.4203461223126084,83610.24861148397,89.6861476710225,,131.169694242519,103.900062561035,62.4597206115723,4.797
CHE,2018,45.6049920012625,3.3274325610149305,87002.33822935325,91.80000305,,126.681143927488,104.188026428223,64.3533935546875,4.713
CHE,2019,46.912372381587,1.1153218719747429,85872.97023034544,93.1460869535177,,126.920635838501,104.071113586426,66.3093414306641,4.394
CHE,2020,46.4813712779996,-2.255257942510596,87529.70163948924,94.34999847,,127.376373489656,104.211616516113,68.0676422119141,4.817
CHE,2021,47.9433096708255,6.176228360501511,96582.86870806928,95.56937154,,123.21236546636,103.605186462402,71.893928527832,5.013
CHE,2022,46.6747503634479,3.5343028684242626,97809.09556720297,96.45279694,,123.971228075124,103.392356872559,74.1526794433594,4.122
CHE,2023,46.8364627671237,0.8255609341246242,104449.75451771976,97.34436623,,130.221876609608,102.965591430664,74.0060882568359,4.043
CHI,2000,,,43479.19407676891,,,,,,5.351
CHI,2001,,,41873.74061461271,,,,,,5.041
CHI,2002,,,44459.73181889767,,,,,,5.313
CHI,2003,,,48570.77966321663,,,,,,5.644
CHI,2004,,,56259.53442263336,,,,,,5.848
CHI,2005,,,57647.11889080056,,,,,,5.833
CHI,2006,,,62745.10065935568,,,,,,5.571
CHI,2007,,,74139.97799443004,,,,,,5.23
CHI,2008,,,,,,,,,5.295
CHI,2009,,,57778.54070630521,,,,,,6.674
CHI,2010,,-3.606632315727424,56123.459796345145,,,,,,7.024
CHI,2011,,1.1250431089537187,60415.26320756576,,,,,,7.244
CHI,2012,,-5.753661221391127,58809.56989454127,,,,,,8.028
CHI,2013,,0.4939311205287851,59308.466658867386,,,,,,8.572
CHI,2014,,2.427101784823108,64697.54850243251,,,,,,8.319
CHI,2015,,0.3743670838293838,61847.82122388566,,,,,,7.928
CHI,2016,,1.2130240765719549,55947.579811974014,,,,,,7.469
CHI,2017,,1.806481313835846,55806.35542574283,,,,,,6.881
CHI,2018,,1.1222435658518035,60784.81253971616,,,,,,6.344
CHI,2019,,1.573355961563422,60564.62939936814,,,,,,6.185
CHI,2020,,-8.89677926591959,56785.94020050392,,,,,,6.633
CHI,2021,,9.936801369850755,66915.39639257225,,,,,,6.643
CHI,2022,,5.341961403758688,67627.1417347907,,,,,,5.923
CHI,2023,,3.7150059036726617,74585.52240962943,,,,,,5.928
CHL,2000,0.0495367699252466,4.971621488297103,5052.992457663253,16.6,,21.940177255205,86.9013595581055,35.4313201904297,10.491
CHL,2001,0.425424906858004,3.154034924599671,4563.595298668896,19.1,,32.5225204603793,,,10.39
CHL,2002,1.18839003211328,3.2027991352011327,4430.847411579841,22.1,95.7200012207031,39.3765893078697,89.4216384887695,40.2664985656738,10.168
CHL,2003,2.1980620979345,4.7232452686104125,4773.401775207537,25.4737788864723,,45.3565896058797,90.6209564208984,43.5181999206543,9.765
CHL,2004,2.95838310994246,6.674254168229226,6120.59152055344,28.1779101232438,,57.2138183202879,91.0151062011719,44.3284606933594,10.162
CHL,2005,4.33404869770695,5.837045719177581,7480.3233099863555,31.1753006,,64.650532290548,92.0045623779297,50.2735595703125,9.34
CHL,2006,6.12777303799489,6.049990825639682,9318.656552961203,34.4977511736017,,75.4173719554466,91.9973297119141,49.3216896057129,9.024
CHL,2007,7.81155668439604,5.168230985284311,10346.413818453251,35.90000153,,83.706530292478,91.5507965087891,54.7230491638184,8.427
CHL,2008,8.47543807264427,3.7893928063523816,10683.218877251113,37.29999924,,87.8710347676476,91.5420074462891,56.7743988037109,9.285
CHL,2009,9.72781991672884,-1.1180372364287765,10098.801716728622,41.56,,96.7106593278871,89.8597564697266,59.9912910461426,11.313
CHL,2010,10.4144501306757,5.851651022240475,12632.870472419238,45.0,,115.54453101319,90.99951171875,66.3445205688477,8.547
CHL,2011,11.5909712274496,6.223896785091384,14487.392783203197,52.2496072877744,96.6999969482422,128.604683221629,90.9826202392578,70.8241806030273,7.492
CHL,2012,12.3655190651996,6.155340018554938,15241.906998111876,55.04999924,,136.656261082535,89.5031433105469,75.0770721435547,6.79
CHL,2013,12.9765829219485,3.3085082471008462,15683.548636915511,58.0,96.2699966430664,133.778091102587,99.1520767211914,79.8703384399414,6.361
CHL,2014,13.9369112350151,1.7926494713925931,14529.676720633584,61.11000061,,132.559670334991,99.8654403686523,83.6629791259766,6.761
CHL,2015,15.0681266925704,2.151942499811838,13433.920298703231,76.6295919508796,96.870002746582,128.583971575207,100.921676635742,86.4181137084961,6.605
CHL,2016,15.9005028734256,1.7530387490709956,13649.85204528032,83.5585860244169,,127.565123343064,101.488136291504,88.8458862304688,6.926
CHL,2017,16.5009633130641,1.3576953734395687,14879.90862271865,82.3274869338464,96.4000015258789,124.000811902967,102.294822692871,89.921989440918,7.257
CHL,2018,17.2066645597348,3.990029477899768,15659.480867562766,84.90000153,,133.270134198082,103.173049926758,91.1974792480469,7.623
CHL,2019,17.8649532986793,0.6442234026319227,14496.934564036184,85.01760101,,130.492770400522,104.405769348145,92.0659713745117,7.493
CHL,2020,19.4305872645094,-6.139696941188603,13117.99302300864,87.45929718,,129.413740104604,103.691688537598,89.1124877929688,10.934
CHL,2021,22.0140443723879,11.337403240991335,16216.18408602887,90.23280334,,136.571581265001,106.673522949219,96.2227935791016,9.281
CHL,2022,22.7901897178525,2.063918642541978,15399.104471755862,92.31819916,,135.114280974065,106.068328857422,99.3372802734375,8.249
CHL,2023,22.9954165646133,0.6770248315958582,17081.518074004885,94.45742345,,135.871118507277,105.83097076416,104.734062194824,9.013
CHN,2000,0.0017848405794139,8.573573289261006,969.1995136962868,1.77591320677415,90.9199981689453,6.71560052077804,59.4924812316895,7.57777976989746,3.26
CHN,2001,0.0262980690478576,8.324046953470557,1065.4059757451932,2.63965021485872,,11.3253430460055,62.2098388671875,9.28069019317627,3.8
CHN,2002,0.256319449692495,9.236048703838604,1163.5595767342556,4.59570433077551,,16.0082608205277,62.8378982543945,11.8050804138184,4.24
CHN,2003,0.866655839568114,10.113811902524162,1306.9724540855702,6.2,,20.8535640719574,64.0541305541992,14.513970375061,4.58
CHN,2004,1.91533860283619,10.14042918722062,1530.927262157233,7.3,,25.7141478183928,,16.9004402160644,4.49
CHN,2005,2.85108597933654,11.453513003064543,1777.644968284641,8.52325700269541,,30.030370302192,,18.6565208435059,4.52
CHN,2006,3.85818779891054,12.675284228159484,2129.256969996132,10.5231526193851,,34.9802047114251,74.0575637817383,20.5667705535889,4.43
CHN,2007,5.00930152637401,14.15077105061033,2734.727098776927,16.0,,41.280765820364,78.1607131958008,21.4715595245361,4.35
CHN,2008,6.21365228211399,9.668776081644538,3523.44302065213,22.6,,48.075790702641,82.6792526245117,21.8667392730713,4.59
CHN,2009,7.74497137074886,9.406100143364156,3898.244591588106,28.9,,55.6574567487616,88.2874984741211,23.2886295318604,4.72
CHN,2010,9.34748427588032,10.59169038857044,4629.245517100773,34.3,95.120002746582,63.5563376954813,90.7829173331445,25.2883066277701,4.53
CHN,2011,11.504276685286,9.46205248298186,5703.760279733456,38.3,,72.5052393725573,92.0329425203903,26.7875039907406,4.55
CHN,2012,12.791553937217,7.857820148121704,6405.057424134903,42.30009842,,81.2075981633238,92.2603063015232,29.3081906903292,4.58
CHN,2013,13.6989049026864,7.778429547572571,7147.035186223441,45.79999924,,89.130227261039,,32.7191603158803,4.6
CHN,2014,14.4445199866037,7.461007357781611,7781.065974849738,47.90000153,,92.6612034094217,,43.7110051016854,4.63
CHN,2015,19.8437947555032,6.981622555623673,8175.332850773929,50.29999924,,92.5401171363348,,47.1192619330726,4.65
CHN,2016,22.9761329915729,6.773688686772701,8254.868593203568,53.2,,97.2138770934621,,49.309077375597,4.56
CHN,2017,27.9101271418763,6.891239166361913,8979.676527098563,54.3,,104.073181609424,,51.0678812273407,4.47
CHN,2018,28.7089097131815,6.757806142324,10085.663814881918,65.35839844,,116.229125477063,,53.3987984572814,4.31
CHN,2019,31.5611222411202,6.067378063336719,10342.90095243346,64.080881297515,,122.670391850252,,56.6050917923292,4.56
CHN,2020,33.9069794578039,2.3395038520302336,10627.463798961868,70.05275998,96.7399978637695,120.496715387079,,61.6124675996947,5.0
CHN,2021,37.5611751315805,8.570384149817812,12887.435724294062,73.05323517,,121.491918368395,,66.8186077597542,4.55
CHN,2022,41.3736197056022,3.1338543839406867,12970.605641432652,75.61131603,,124.195248970763,,71.5799465086024,4.98
CHN,2023,44.728886496649,5.41600334492955,12951.178239704272,90.6,,128.247014127486,,74.5933014618366,4.67
CIV,2000,,-0.2657894622759471,936.6365413487983,0.231461670612799,48.7400016784668,2.67219556535498,,,4.835
CIV,2001,,-2.154012490773056,924.7272949620664,0.395747702246439,,4.00763786041553,,,5.195
CIV,2002,,-2.7305264744190083,967.8158644159912,0.497929360753307,,5.50560497365526,,,5.508
CIV,2003,0.0021594159266179,-4.725866586306808,1111.171350878869,0.758669629452205,,6.69625990207232,,,5.847
CIV,2004,0.0042153610614952,3.1850382257539707,1199.8252452854629,0.849282414747704,,8.54468997193162,,,5.915
CIV,2005,0.0061738674690402,0.9960655648547884,1197.746169794149,1.039199948,,11.7071226897453,,,6.023
CIV,2006,0.0486693744359828,2.8155785925232664,1230.4305683858356,1.52489996,,19.7861496888908,,,6.017
CIV,2007,0.0475498557860424,1.1014297679347749,1367.5381772232606,1.799999952,,35.5088438452275,,7.9370698928833,6.284
CIV,2008,0.0464804125266757,4.782665978767199,1583.9706670137175,1.899999976,,48.5675503786085,,7.48366022109985,6.382
CIV,2009,0.0454588020514648,3.6033215666705294,1540.45393569596,2.0,,59.9342847557544,,7.18858003616333,6.573
CIV,2010,,6.848049399070135,1553.5488704814325,2.700000048,,69.3658791896946,,6.53099472386889,6.607
CIV,2011,,-5.370447240005788,1596.6282656599792,2.900000095,,75.4688103733356,,2.92101759305363,7.144
CIV,2012,0.196730926619837,7.62041176451649,1546.9460184731029,4.400000095,,77.1273355805099,,,7.223
CIV,2013,0.235094105938757,10.760213131125582,1786.1586203132365,6.599999905,,80.9986810652982,,7.35426503598509,4.255
CIV,2014,0.517205353442549,9.371999942403749,1991.3653942340416,10.0,43.9099998474121,90.1219840101242,40.4629922041554,7.73897659286671,3.274
CIV,2015,0.434546121572781,7.194949427281912,1814.7185508801676,38.4400001654616,,100.638777689061,43.9865647318392,8.46433224598306,2.573
CIV,2016,0.524752298099937,7.172759639563324,1862.595970812868,41.2078149304414,50.0400009155273,105.624772864173,46.2425069943643,8.89557845705252,1.896
CIV,2017,0.534257331996876,7.410762425925043,1964.299303383425,43.8399208514876,,118.755063895419,49.0863555848622,9.52488768872621,3.272
CIV,2018,0.640536308885034,4.843146058891776,2130.8661938114374,37.5465361301281,,123.098008449044,51.072614509286,,2.852
CIV,2019,0.768711846259475,6.721371675849781,2141.7683617011467,36.2889545655205,56.9592400560829,132.574011521792,53.791930617454,10.3256981639741,2.401
CIV,2020,0.903911262107671,0.6997285934942283,2179.7293483293465,36.01660156,,138.663750301785,55.4380323721262,10.2664091345849,2.588
CIV,2021,1.13037781443128,7.062537134468158,2455.9812764114818,35.95069885,50.0,150.343798608733,57.135967003236,10.7725833415282,2.623
CIV,2022,1.25179133069312,6.399883627309208,2333.3712830125887,38.41328122,,161.231833444196,54.0714108290486,11.1134926507622,2.31
CIV,2023,1.36336622359986,6.600000452091763,2591.965904811898,40.65284979,,171.988943341282,63.9607557764462,11.5724272130065,2.263
CMR,2000,,3.8324177943061386,708.5657316259653,0.252120077733662,68.4100036621094,0.692560554874589,28.4606399536133,4.69010019302368,7.533
CMR,2001,,4.324261192215488,715.4702964705854,0.277051321848797,,2.72572763691018,33.5832786560059,4.71602010726929,7.46
CMR,2002,,4.4770268336915535,789.6238110725543,0.360871584267755,,4.4609440140897,29.3418807983398,5.15587997436523,6.711
CMR,2003,,5.453153688813472,988.2412767918462,0.587622611130454,,6.66446374271828,30.9356803894043,5.22031021118164,5.908
CMR,2004,,7.048862818583743,1133.3932674967289,0.976075415490902,,9.2162740321822,27.5096206665039,5.22725009918213,5.087
CMR,2005,0.0011830442351952,2.228270209241174,1142.624662521058,1.402699947,,13.1921614065904,28.0079002380371,6.03904008865356,4.4
CMR,2006,0.0023988047684592,3.809583275661368,1191.4545899096834,2.028700113,,17.8682237967473,24.4080104827881,7.07693004608154,3.729
CMR,2007,0.0035457268008635,4.327589009728712,1325.672482159333,2.93,70.6800003051758,25.1303387011205,33.4497184753418,7.57396984100342,3.063
CMR,2008,0.004630114176462,2.8476778892105017,1492.142698014529,3.400000095,,33.1693465336812,37.8488082885742,8.20874977111816,3.386
CMR,2009,0.0047085969668055,2.5792517773875403,1461.3899923233655,3.84,,41.8757501710529,41.7743606567383,9.40400981903076,3.743
CMR,2010,0.0302724223113752,2.899024721220144,1398.5870202504714,4.300000191,71.1900024414062,43.9120552066482,,11.5745716750246,4.11
CMR,2011,0.0529499754452088,3.3792112850604497,1513.9605699487818,5.0,,51.831042080032,49.8732461065506,12.5102445161105,3.988
CMR,2012,0.0665368255091213,4.625978722095709,1449.0987436227924,7.5,,62.9906520229266,53.102088720007,13.5363302230835,3.836
CMR,2013,0.0789631954882019,4.995529161307829,1575.9288211889684,10.0,,73.1912475512065,54.9012784916851,15.7712802886963,3.686
CMR,2014,0.0762968342593502,5.719818145091978,1649.443390594896,16.2148722257524,,77.2399893326772,59.1253563645436,16.7535896301269,3.534
CMR,2015,0.0898239605008282,5.666952987039323,1415.0000971056854,18.29999924,,79.7800672605612,60.4960883608074,17.2970758627753,3.518
CMR,2016,1.55529332300567,4.535794236788007,1441.7201725688024,20.60000038,,79.8046154795305,61.4037045147156,12.7046554004596,3.529
CMR,2017,1.58466709279995,3.541176549260072,1496.089517712422,23.2029719748646,,83.4502920413828,,12.9818161813936,3.573
CMR,2018,1.59560948486525,3.955514238920486,1610.6964159101708,29.70000076,72.5500030517578,74.3995446655806,,14.5449548868213,3.608
CMR,2019,1.57189487453881,3.475059981949812,1555.2266047647745,36.53919983,,83.9044001051513,,15.0528614131463,3.632
CMR,2020,2.75682417749367,0.2599329159071146,1555.6037066074864,37.69749832,,85.2721639882676,,15.5519566247682,3.881
CMR,2021,2.23385126289217,3.338857471795052,1672.3265734087215,38.89260101,,80.8081013360278,45.5255767078224,17.1581831920239,3.976
CMR,2022,2.12862474053,3.736784005641198,1604.8772695489472,40.12559891,,89.8274190453067,45.6066724321371,16.4371527754335,3.646
CMR,2023,,3.347562907502194,1720.4751015450624,42.24380112,,96.4817325902196,44.840795775403,16.0404395184936,3.607
COD,2000,,-6.91092731714194,377.9254214813948,0.0059021136806903,,0.0296985937240694,,,3.245
COD,2001,,-2.1001730242929426,142.67814260441207,0.0114757819210493,67.1699981689453,0.287727578607846,,,3.251
COD,2002,,2.947765182531768,162.38052907429022,0.0927907024606925,,1.04185030828723,,,3.179
COD,2003,,5.577822312271266,161.4915535243958,0.134914837437335,,2.25178518877259,,,3.057
COD,2004,,6.738373933207882,180.66476496363276,0.196208375178039,,3.49263315540874,,,2.976
COD,2005,,6.135151155071597,214.5397404735186,0.238000005,,4.672156824474,,,2.948
COD,2006,,5.10894433184896,255.44522956875124,0.296099991,,7.28434192555525,,4.20873022079468,3.174
COD,2007,,8.583322984453872,294.1016151244193,0.370000005,,10.5509558026352,33.6185607910156,4.20303010940552,3.404
COD,2008,,7.433335742006022,352.9003633719953,0.439999998,,15.4333274152911,35.8376388549805,5.27932977676392,3.627
COD,2009,,0.5415701974215636,280.1789910357925,0.560000002,,14.2422314241676,37.3938407897949,6.261549949646,3.882
COD,2010,0.0,8.618677175105432,352.4003987546921,0.72,,17.2401170438218,37.0387916564941,,4.098
COD,2011,,-0.4031640812544452,372.5142738757892,1.200000048,,22.081904226281,38.9499206542969,7.55883979797363,4.317
COD,2012,,8.668593605869262,409.93142478378354,1.679999948,75.0199966430664,27.4285479176207,38.8012313842773,7.63979005813599,4.485
COD,2013,0.0005937506164285,17.51591246883477,460.3703349301071,2.200000048,,37.2504622843341,38.5140419006348,6.37279987335205,4.469
COD,2014,0.0006377287306563,7.30227750870263,489.17595209731945,3.0,,47.3232446178692,41.1783905029297,,4.436
COD,2015,0.0012340265901385,6.359737561648288,495.8266330148833,3.799999952,,46.5879368397055,42.1804618835449,,4.441
COD,2016,0.0011910942123958,0.3938327981545626,459.7650365903877,10.1,77.0400009155273,34.4098982787676,,5.9003701210022,4.528
COD,2017,0.0011483245061245,4.2412104727271895,431.05255912878806,,,40.6222618919854,,,4.613
COD,2018,0.0051306172985492,6.071688706466148,518.1696268753709,11.69999981,73.5500030517578,40.5014483221793,,,4.632
COD,2019,0.012802934372309,0.5553842945808185,504.00419142286,13.02970028,,39.9399996397964,,,4.605
COD,2020,0.0322950314052512,0.7754279923546221,486.4255726822558,14.51049995,65.6828744335957,42.5027574227056,,6.37987995147705,5.355
COD,2021,0.0312660957356555,6.42961005647355,595.743074403567,16.1595993,,47.2882541992485,55.3636283874512,,5.289
COD,2022,0.0322275167366284,9.31116944064918,687.7385875546851,17.99620056,,48.6773534153863,,,4.54
COD,2023,0.0219936280960956,8.533489831845102,660.2120523899703,18.96789932,68.5,53.1888827659463,55.4860992431641,,4.469
COG,2000,,7.575980395264196,1024.3015910918073,0.0263547320580279,,2.22127377357922,,5.24350023269653,19.872
COG,2001,,3.8026018991356096,854.5983144080948,0.0322236164306931,,4.58359981873391,,4.20174980163574,19.88
COG,2002,,4.5818700610888925,905.5381355447043,0.157249517243982,,6.61937207884394,36.9716186523438,3.7616400718689,19.644
COG,2003,,0.8132640763037813,1016.8236341214334,0.460014186837522,,9.57700682550374,38.03369140625,3.79619002342224,19.877
COG,2004,,3.4766316211808856,1306.1013632459944,1.07750492958505,,10.7599828806407,42.6813201904297,,19.896
COG,2005,,7.755758978066481,1799.0515836615414,1.463400006,76.1100006103516,15.1009916964998,,,19.796
COG,2006,,7.986238363342906,2103.5821381210976,2.007999897,,23.9093357002081,,,19.563
COG,2007,,-6.613994804410012,2206.4710186341385,2.75970437370903,,32.3490426913675,,,19.909
COG,2008,,6.306375955852587,2832.0917777764325,4.28750990276481,,43.9283464733463,,,19.962
COG,2009,0.0029197291705937,11.637288861575756,2271.1521917596647,4.5,,68.8659935406248,,5.87968015670776,19.844
COG,2010,0.0056025045436311,9.931265430955776,2946.557980677078,5.0,,83.3372102664775,,,19.3
COG,2011,0.0284398805655176,2.205919362867178,3396.16505817952,5.6,,84.2730931396327,,7.95887994766235,19.435
COG,2012,0.0293643008575135,9.947153142575644,3732.327373203891,6.106699944,,90.3528989863831,50.520320892334,9.09545040130615,19.491
COG,2013,0.0090177284836071,-0.7124344518764474,3697.417058842495,6.599999905,,95.9371427265534,,8.56632041931152,19.845
COG,2014,0.0100484738377935,6.646065409284475,3601.236580871796,7.110000134,,99.0799617354116,,,19.696
COG,2015,,0.4151930612937633,2439.351894036956,7.616000175,,102.323043027664,,,20.02
COG,2016,,-8.685243439137864,2093.107285588428,8.121899605,,103.857589492921,,,20.298
COG,2017,,-5.594773719155469,2211.633098747971,8.649999619,,94.4868175378447,,12.1461896896362,20.737
COG,2018,,-2.3043178012584207,2694.434131914268,11.8071003,,91.1889913731567,,,20.84
COG,2019,,1.124473919765293,2488.424667249158,16.11639977,,91.0654212529473,,,20.494
COG,2020,,-6.267772279632254,1993.5866719310015,21.99850082,,97.6561289989503,,,22.286
COG,2021,0.256899692355108,1.0150703699090826,2516.162551454316,30.02739906,,95.8614998889206,,,21.998
COG,2022,0.435883126454822,1.4753561324713331,2620.8380426740187,40.98669815,,93.6259259161068,,,20.131
COG,2023,1.26798412068153,1.90686426346754,2477.978455448662,43.15039825,,94.8715365076336,,10.3812103271484,19.919
COL,2000,0.0226963800962161,2.9248614817677776,2555.00751039968,2.207532992624,,5.7733558721281,76.4044799804688,25.5096893310547,20.52
COL,2001,0.0348281466424634,1.6778983078757932,2472.9908403583336,2.85419997133433,,8.22292038567728,,26.3812599182129,15.04
COL,2002,0.0865177355406168,2.5039804665965875,2428.9296977158447,4.6,,11.3989596445651,78.1551971435547,26.5130996704102,14.481
COL,2003,0.157401189019467,3.9182719032251327,2311.942187602908,7.38892371052557,,15.1113691091837,,,13.221
COL,2004,0.305978087228825,5.333022067599046,2818.5719541304416,9.1186903029666,92.8000030517578,25.0355900853115,82.9504623413086,29.5034599304199,13.717
COL,2005,0.756446091724468,4.828761107737407,3456.066108745124,11.0072638904585,92.8499984741211,51.8645230811088,86.9616470336914,32.253978729248,11.062
COL,2006,1.47121352083728,6.716868698444017,3789.853612170272,15.3416745365682,92.3000030517578,69.7164658550249,90.2876663208008,34.3662109375,11.088
COL,2007,2.79190368516299,6.738194690909751,4769.926147194003,21.79999924,92.6500015258789,78.5031210785872,93.012809753418,35.4785308837891,11.204
COL,2008,4.0496715541246,3.2834461861654063,5541.836296658978,25.6,93.379997253418,94.5289757435806,94.2315521240234,37.9448013305664,11.273
COL,2009,4.77684298362237,1.1396486454806194,5250.972924335177,30.0,93.2399978637695,95.2296035956824,98.2700805664062,39.5088005065918,12.066
COL,2010,5.90261556302645,4.494658970709224,6398.295844710204,36.5,93.370002746582,99.3307638628387,99.9543685913086,41.529670715332,11.153
COL,2011,7.39763710755465,6.947891981735552,7400.994069566899,40.3509157546318,93.5800018310547,102.07868984477,101.20581817627,45.2873306274414,10.288
COL,2012,8.61552491359116,3.9126357671611487,8108.598382442293,48.98,,107.329081558437,97.2326889038086,47.4669914245605,9.959
COL,2013,9.83199406546913,5.133993519956718,8279.102556429807,51.7,,108.978088379372,98.1015014648438,50.7474899291992,9.246
COL,2014,10.7989878070274,4.499030001109716,8187.208248900844,52.568136539247,94.1900024414062,118.822639860142,97.3632888793945,53.1794395446777,8.799
COL,2015,11.7644668057911,2.955901375275232,6248.514905345122,55.9049725142924,94.25,122.051401385652,97.6741180419922,54.7961311340332,8.572
COL,2016,12.4647515240681,2.0873825016279426,5959.842503675744,58.1364935728703,94.6500015258789,123.709953422515,98.4156265258789,57.1437492370605,8.922
COL,2017,13.1537299039926,1.3593608678874602,6479.532312924286,62.2598803162841,94.8873885601748,129.272014227481,99.2193298339844,58.3960418701172,9.086
COL,2018,13.622877883522,2.5643242827770365,6816.968183095439,64.1263768204459,95.0899963378906,131.595473810882,100.373336791992,57.3205413818359,9.36
COL,2019,13.9253307862459,3.186855392455328,6472.545449247049,65.0069007159493,95.25,132.810761644655,101.989349365234,56.6663017272949,10.28
COL,2020,15.3363074463544,-7.185914137608592,5339.687113579434,69.79533474,95.6399993896484,133.661019178018,101.499450683594,55.7331085205078,15.983
COL,2021,16.4767904492313,10.801198190487838,6222.621643976142,73.02837449,95.6606500324449,146.627837254516,102.987998962402,58.3159217834473,13.898
COL,2022,17.007465545983,7.328277294279786,6680.445068544809,72.79637855,95.31030793119,156.195161137443,101.573776245117,59.2901382446289,10.541
COL,2023,17.0369815251774,0.8418195557520392,7012.491691377558,77.33686322,95.4566254983696,166.980107777443,,,9.591
COM,2000,,-1.0070188710965482,633.3090327762441,0.271740607285909,68.25,0.0,,1.60367000102997,4.4
COM,2001,,5.419599718087412,681.1638576199628,0.443068372538977,,0.0,,,4.379
COM,2002,,4.597682632632427,764.6134983254302,0.554869674985088,,0.0,35.0426712036133,,4.372
COM,2003,,1.9344281231349785,959.691049354812,0.848189370151537,,0.351001583017139,38.9220008850098,3.42070007324219,4.559
COM,2004,0.0001722047721386,3.10041210399676,1072.2840902962091,1.32732717785355,,1.44273158097757,42.5534706115723,,4.571
COM,2005,0.0006749038683802,5.665202401931509,1105.7879686678848,2.0,,2.61913318721665,,,4.527
COM,2006,,-1.754446794493944,1138.4790840434505,2.200000048,,6.09786144095193,,,4.482
COM,2007,0.0132916860503755,0.8035997882477517,1289.7363105636107,2.5,,10.0666691521039,,4.39438009262085,4.474
COM,2008,0.0174795449597732,3.964611188718152,1455.0276859558574,3.0,,14.578099401405,,,4.416
COM,2009,0.0102812225931424,3.240740740740748,1410.3051695947322,3.5,,19.097526742862,,6.19504022598267,4.303
COM,2010,0.0502415872065677,3.777766736844228,1386.5753355337638,5.099999905,,25.2396019766781,,7.90405216581276,4.19
COM,2011,0.0598752200414337,4.143506687659766,1531.4396932046811,5.5,,32.3981821883195,,9.48193229364778,4.12
COM,2012,0.180889925619471,3.168409884334196,1490.314256508712,5.975299835,,41.5930930270088,,10.5360636883691,4.091
COM,2013,0.186730097444383,4.466247298697041,1603.32653496691,6.5,,49.9143914322486,58.998580844006,9.13247966766357,3.98
COM,2014,0.222486763934938,2.1066576032101665,1615.717097563165,6.980000019,73.6494960644007,53.8297097833741,61.5078774291294,9.5927242808028,3.984
COM,2015,0.220178840263004,1.1473563226004728,1329.3704823598596,7.459199905,,58.4555555249752,,,4.031
COM,2016,0.220292527984836,3.320446554887696,1365.4840344449694,7.938300133,,61.2597928387402,,,4.117
COM,2017,0.217268052477371,3.815762874895484,1423.9248027796975,8.478199959,,61.9708221164076,56.9502144763063,18.8190281456697,4.049
COM,2018,0.198421441439106,3.642451147336885,1540.7113225752598,,,64.6590805998004,61.7014685443494,,3.975
COM,2019,0.162475940084772,1.760780235645683,1519.2638643606815,16.38380051,,73.1291747290161,,,3.926
COM,2020,0.148099575772006,-0.1955568419187585,1527.1699101191573,22.42040062,,97.4339379901591,,,4.468
COM,2021,0.150456993255713,2.042452383208442,1587.7298865800844,30.68120003,75.6201980162165,104.311430086999,,,4.394
COM,2022,0.219375008990779,2.453811745502591,1533.8775539361363,31.37409973,,100.549036907747,54.8057289123535,,3.879
COM,2023,0.387941019794517,3.186613180055403,1723.8947494647398,31.92749977,,109.855630436495,,,3.833
CPV,2000,,14.28486884509188,1189.5147934589058,1.82244385164396,,4.3521420992374,65.0551376342773,1.77746999263763,13.024
CPV,2001,,2.231654545288976,1223.3305533157543,2.68533271272311,,6.84498786642421,63.2078514099121,1.54462003707886,13.242
CPV,2002,,5.250891169602113,1328.5787427066589,3.5187571749658,,9.19588220432249,66.3999862670898,3.76713991165161,13.379
CPV,2003,,4.17625932578332,1717.9756536965494,4.32488539053715,,11.2682542465615,67.3274078369141,4.45262002944946,13.604
CPV,2004,0.0590358178442539,10.19707263392604,1929.490814687812,5.31883206957883,,13.7221770240107,66.9400405883789,5.89057016372681,13.456
CPV,2005,0.1931500778166,6.912457957202008,2004.1468041756325,6.07408710659813,,16.8456963812704,70.2636032104492,7.33844995498657,13.439
CPV,2006,0.36965488009651,7.983750447950484,2256.9966619107527,6.80891100753313,,22.182960825549,81.5834884643555,8.3322696685791,13.378
CPV,2007,0.772486345956186,15.17068797355168,3324.5767521249763,8.28321981953034,,30.6761522803765,80.4710464477539,9.42763996124268,13.294
CPV,2008,1.47201085059489,7.039011295651278,3908.648858225763,14.0,,55.3839096049705,82.10888671875,11.6451501846313,13.307
CPV,2009,2.16777538274908,-1.5035867238567846,3659.720463616276,21.0,82.2189574366152,57.4189800865767,81.2256927490234,14.5845203399658,13.517
CPV,2010,3.15251165199379,1.8364191498997824,3579.46006137809,30.0,,72.9467774586884,83.5471330073283,17.2396798150949,10.67
CPV,2011,4.17091115990513,3.924718213382832,4002.013868887853,32.0,,77.511257275925,86.7000153273789,19.8174684695304,10.956
CPV,2012,3.87787989178736,1.0836484837616638,3736.8151701108713,34.74,85.3300018310547,83.0756609467629,89.9634082592786,19.8951290654347,11.145
CPV,2013,4.13919664210064,0.6321367273851308,3960.975967913446,37.5,,97.5075406315584,94.7526092529297,22.2468122776255,11.398
CPV,2014,3.72341048473043,0.6966668401185814,3985.607065481337,40.25999832,,119.724160007495,93.6074664791524,23.2703965538205,11.689
CPV,2015,3.23344925974933,0.9360265078088332,3415.062667309312,42.6830141582781,86.7900009155273,119.335511344785,96.6012286324786,22.524027665499,11.923
CPV,2016,3.0320707671777,4.280714826623708,3608.9660523490647,50.3228178676892,,117.442454843782,98.2528458088996,23.6934975221505,12.085
CPV,2017,2.9232218025982,4.551314810297399,3893.095713825062,57.1621463484891,,119.373631537182,99.462782259485,24.5594648459854,12.24
CPV,2018,3.04957977464624,3.706964583108416,4294.965100357294,59.5,,118.876152819844,94.8972015380859,24.2905954414767,12.17
CPV,2019,3.93928076809362,6.9478263405185885,4380.781173311284,61.9433977593088,,115.867801067488,95.2902285572104,,12.123
CPV,2020,4.82611491823059,-20.80527589907352,3539.226612482986,69.37339783,,105.838590655535,98.3093023666237,,14.65
CPV,2021,5.90962142576488,7.033530106945136,3971.4440920342254,70.28250122,,114.230551109167,97.0059250429478,,13.932
CPV,2022,6.56769429388869,15.843675684641951,4323.313620327087,73.32740021,,113.247367438782,96.4315940376876,,12.239
CPV,2023,7.23008973237277,4.794761391107301,4794.901197728428,74.59919739,,113.022968194497,,,11.882
CRI,2000,,3.8020721066483816,3812.753861836886,5.80025302331829,94.870002746582,5.37399761639865,,,5.08
CRI,2001,,3.4911701351572475,3985.129879800559,9.55948213497093,,8.15535850187094,,,6.051
CRI,2002,0.220550800413671,3.416876158918953,4067.718541770941,19.8948511346293,,12.3286155401335,65.6379089355469,,6.396
CRI,2003,0.359477566357655,4.317180000966545,4173.148537669774,20.3336148143541,,18.8050161593357,,,6.654
CRI,2004,0.665011459310994,4.424599786674577,4431.011720240631,20.7923067055542,,21.977782317376,77.7891998291016,25.8056793212891,6.445
CRI,2005,1.05401244708113,3.976666314334622,4703.007204637943,22.07,,25.8447071744375,79.1932067871094,,6.749
CRI,2006,1.92826762069173,7.326695137269496,5256.596412755833,25.10000038,,33.4090120194199,85.9572372436523,,5.926
CRI,2007,2.1688269705277,8.215132092074967,6137.711994350224,28.39999962,,34.4322741543401,86.9762496948242,,4.557
CRI,2008,2.47607237386195,4.738175112148468,6937.242616602536,32.29,,42.4897794081876,88.2622985839844,,4.934
CRI,2009,4.05916630350165,-0.8734560899456199,6832.6982818748575,34.33,,43.3424130142933,94.3034362792969,,7.824
CRI,2010,8.69765814552448,5.360343477222671,8265.788205802994,36.5,,68.6654541894774,97.5067367553711,,7.171
CRI,2011,9.10623009553708,4.403159218361424,9276.39109377477,39.2121959961842,97.4100036621094,90.0914848759163,99.7109375,44.6711883544922,9.518
CRI,2012,9.61836080870784,4.882592529325748,10126.99911550661,47.5,,115.312137778965,103.267303466797,46.6885414123535,9.11
CRI,2013,10.2813377106354,2.494765962332892,10803.240179500946,45.96,,150.800664186252,108.534126281738,47.5057106018066,8.218
CRI,2014,10.8312169257784,3.5421099770384927,10911.497870345633,53.0,,147.26739567441,114.289863586426,50.3342781066895,8.499
CRI,2015,11.5950932724067,3.6520809300635904,11714.710612167237,59.7629501371681,,156.403893036958,115.72087097168,51.2845802307129,8.415
CRI,2016,13.131030668186,4.204323207751841,12091.03015608924,65.8804491942718,,171.166374015358,118.203712463379,51.6516418457031,8.085
CRI,2017,15.1437857826005,4.157699146769332,12317.09027799112,71.5816646195022,,179.931274611112,121.514961242676,54.4492301940918,7.729
CRI,2018,16.8377298238862,2.852859597604578,12620.020732158076,73.4797284369906,,171.357339055205,125.964347839355,52.6140899658203,9.01
CRI,2019,18.0962978090241,2.708139129483285,12951.858842184089,81.2025964435269,,144.514079558713,132.849334716797,55.0202903747559,10.807
CRI,2020,19.7191477697087,-4.141593405743578,12475.68520768138,80.53018608,,142.481526800044,132.678680419922,,16.432
CRI,2021,20.9242986347003,8.218179539690823,12962.27160756592,82.74901607,,140.788061157457,138.903381347656,,15.139
CRI,2022,21.7575979999075,5.461194552350676,13971.764999129402,82.59801121,,136.518375013406,131.907592773438,,11.325
CRI,2023,22.5231293549635,4.79187732359398,17140.771430122,85.39514799,,133.527658761832,125.510070800781,,8.325
CUB,2000,,5.914760174048595,2751.381771481403,0.541182548811058,,0.0588346014068275,81.8830108642578,22.9956703186035,5.45
CUB,2001,,3.1850299044946127,2842.9670431039403,1.07975172188907,,0.0769822180857154,84.3682479858398,26.0719394683838,4.08
CUB,2002,,1.4248212614128164,3005.211042478684,3.77058503769014,99.8000030517578,0.159705935664212,88.5996932983398,27.423469543457,3.31
CUB,2003,,3.7927402230433382,3202.781098656367,5.2412690536929,,0.315414327443357,91.7871322631836,32.568790435791,2.33
CUB,2004,,5.7705380702155935,3399.219628934021,8.40798475900703,,0.674425176594278,91.1237411499023,52.4411582946777,1.854
CUB,2005,,11.201656421909362,3786.337992252912,9.73806220781346,,1.20340377502297,92.3748474121094,60.115119934082,1.95
CUB,2006,,12.065863112995316,4329.982659643831,11.1596013147617,,1.35403043830989,93.1539993286133,84.7447280883789,1.913
CUB,2007,0.017240658327362,7.262136966479431,4807.438889606839,11.69,,1.75642086059413,93.1459197998047,105.017448425293,1.788
CUB,2008,0.0198906069752444,4.116828041646812,4986.12436479175,12.94,,2.93785859106843,93.1690521240234,117.163070678711,1.583
CUB,2009,0.0255252034158619,1.4513054307407032,5089.235197571668,14.33,,5.49952592888765,92.1000823974609,113.827087402344,1.67
CUB,2010,0.032803981868763,2.3903522965072312,5272.2675582483525,15.9,,8.87827465571973,92.4079409432897,93.544739814446,2.5
CUB,2011,0.0391184553014798,2.802300836476263,6104.461052361658,16.0172907996413,,11.6367981053254,92.221518431358,78.4791611574931,3.18
CUB,2012,0.0443503705817171,3.014900288987718,6470.83673392653,21.20000076,99.6699981689453,14.8776339391366,90.9268566341812,61.3519866952141,3.46
CUB,2013,0.0474413238890875,2.747602562572112,6828.364282453959,27.93,,17.663909552762,91.3310039372362,47.9938388668246,3.29
CUB,2014,0.069051527254442,1.047576631876538,7146.704590513279,29.0701843656523,,22.4242641732624,95.9867990183168,40.8057214253261,2.7
CUB,2015,0.0723454809351432,4.438333588839498,7727.919972079983,37.3050974155373,,29.5816121680895,96.0929099069438,36.7510276842099,2.4
CUB,2016,0.128071160270743,0.5128430957007453,8110.558742836164,42.9786751910106,,35.3988758000897,97.8005641142909,35.0523986816406,2.0
CUB,2017,0.298155315127924,1.809791783802737,8610.608296054288,57.1484043170788,,41.0193113711099,98.8916381409707,41.1702416547293,1.7
CUB,2018,0.880350593981465,2.2479485291321737,8911.462059987256,62.6789236230601,,47.8601543156489,99.5805926474392,42.3506387045364,1.7
CUB,2019,1.6311212347291,-0.1630872236066238,9232.261159351829,67.9708086565152,97.6500015258789,53.9383385257639,100.467809909244,44.7791807576091,1.705
CUB,2020,2.07271530590388,-10.949435903020628,9605.27914559614,71.11907507,,59.6058696780721,101.487990578922,46.7357262964117,2.233
CUB,2021,2.67322881654008,1.254487356503219,,67.64354869,,63.8661095570576,100.016181545784,51.8885571735926,2.11
CUB,2022,2.89200005063374,1.7746522772431632,,67.88410187,,68.7180442358013,103.627148989561,,1.829
CUB,2023,2.97118012807884,-1.9293712316968052,,69.55580139,,69.5767786567811,95.5986574273359,49.7285704304293,1.73
CUW,2000,,,15841.261235994916,,,,,,
CUW,2001,,-0.6957537040980526,16609.84545364854,,,,,,
CUW,2002,,0.3970652167636359,16723.692525346774,,,,,,
CUW,2003,,0.2881866816517515,16695.735113775718,,,,,,
CUW,2004,,0.2084610731093619,16671.340339165494,,,,,,
CUW,2005,,0.6764253452016646,17032.33566207436,,,,,,
CUW,2006,,1.6359346898703535,17400.163778018647,,,,,,
CUW,2007,,2.469963228367874,18005.716585077247,,,,,,
CUW,2008,,2.188043080191676,19423.335243017525,,,,,,
CUW,2009,,-0.5313082423381843,19540.24765793481,,,129.053104444088,,,
CUW,2010,,0.0823066088131412,19847.23101279792,,,130.051823379802,,,
CUW,2011,20.0547406127417,0.5084574820372296,19426.326382752028,,,130.099769181287,,,
CUW,2012,22.11573124495,-0.3489508243024204,19809.822319862447,,,127.231027410032,,,
CUW,2013,22.68421730254,-0.6356969075911394,19721.29216465756,,,124.764421337878,86.3066389722286,23.0842005676443,
CUW,2014,23.4282874923497,-0.6373973733271328,19623.029993395012,,,116.689390220994,,,
CUW,2015,24.0078745828632,0.4581515441600459,19361.8130008678,,,114.330900535376,,,
CUW,2016,25.4574388194204,-1.0677084865527746,18944.09614939977,61.855510740634,,111.241968745157,,,
CUW,2017,29.2838662204182,-1.2762081008495016,18938.244046970274,68.1272162511339,,111.077879845237,,,
CUW,2018,28.546725189032,-2.1041113310102872,19119.12439416876,,,102.647274249241,,,
CUW,2019,28.1186854697879,-3.206132303481624,19220.686695830263,,,97.200107627293,,,
CUW,2020,31.5936827768109,-18.438469612476936,16299.813468860468,,,91.8829519290015,129.470256951777,,
CUW,2021,32.5704880878504,4.183710186142591,17795.582648309166,,,90.6602271807463,,,
CUW,2022,32.9115972915374,6.906000554610969,20057.140496010503,,,92.7324718767703,,,
CUW,2023,31.5126707545287,4.201999297611309,21217.8109173312,,,93.7975591472655,123.429739994157,,
CYM,2000,,,,,,26.9698039017997,94.2075576782227,21.135799407959,
CYM,2001,,,,,,41.3736036408771,86.3955612182617,21.8025798797607,
CYM,2002,,,,,,44.6911605588747,81.6817932128906,19.2189903259277,
CYM,2003,,,,,,47.890016843447,,19.8089809417725,
CYM,2004,,,,,,74.5281354736285,87.4393005371094,,
CYM,2005,,,,38.0343830823064,,173.003761648286,88.3051910400391,,
CYM,2006,,,87085.09373762159,44.5,,191.903715375684,88.0352325439453,19.4577903747559,
CYM,2007,,3.162625226527993,89888.26182124621,52.0,98.870002746582,204.272747398716,89.9581604003906,22.1045207977295,
CYM,2008,34.2710797442865,-0.3574012010929834,89655.11962221842,61.0,,192.201520986882,94.58740234375,33.0195503234863,
CYM,2009,34.769470523395,-7.200482446647058,81373.5711516642,64.5,,206.581398000684,,,
CYM,2010,34.847224532801,-2.7156352621757662,76837.66996366715,66.0,,185.896227287011,,,
CYM,2011,33.8380750278747,1.1690621983910603,75280.960764889,69.46594499,,174.040571161385,92.3470839260313,,
CYM,2012,33.8228087370484,1.2297536570114858,75101.59136128004,69.7,,172.980257630916,89.14686825054,,
CYM,2013,34.6688261870258,1.2793310199902097,75113.73323986177,71.4,,167.140056261188,88.6417168280555,,
CYM,2014,39.0109707446808,2.654527984512711,75845.30604079863,74.1,,151.361369680851,,,
CYM,2015,44.4226339184322,2.833122226296098,76379.2095108681,77.0,,151.2669932838,,,
CYM,2016,38.8827258320127,3.239974338956685,77802.25415671869,79.0,,151.594294770206,,,
CYM,2017,48.3954443325327,3.184045923345224,80053.94445068909,81.0676932508161,98.870002746582,149.772991400015,,,
CYM,2018,,4.267267452496412,83865.55315681841,,,,89.0140845070423,,
CYM,2019,75.7496992291354,3.915635342494156,88254.29036770435,,,147.043533797733,88.1225128173828,,
CYM,2020,46.5901811193291,-4.954806965167265,82338.79774390228,,,145.594315997903,84.0909118652344,,
CYM,2021,45.6438637530667,4.86941655353661,86449.67490373024,,,142.637074228333,85.4616444648599,,
CYM,2022,56.3604363676998,5.6607936693813485,92937.88383231532,,,139.314997695241,85.6012268066406,,
CYM,2023,,5.804369611986445,100065.23384110708,,,,86.0370923044127,,
CYP,2000,,5.965304454942256,14388.3525390625,15.2553943710137,,31.3009318996416,,,4.766
CYP,2001,0.354358610914245,3.952562582009378,14821.44921875,18.8187590408455,96.8000030517578,44.557760453579,93.4450607299805,21.6125202178955,4.043
CYP,2002,0.823735463079725,3.7229749112898105,16093.2158203125,28.32,,58.5586380832282,96.9152069091797,25.1022891998291,3.336
CYP,2003,1.38788214137502,2.6232996231532866,20252.24609375,30.09,,76.3248028772998,97.5562286376953,31.9552307128906,4.153
CYP,2004,2.32878581173261,5.026272266655269,23792.619140625,33.83,,89.8,96.2935333251953,36.0204582214355,4.77
CYP,2005,4.28172043010753,4.852987621755858,24959.26171875,32.81,,105.175134408602,94.0052337646484,34.102180480957,5.481
CYP,2006,8.3235255310727,4.713783585939595,26729.28125,35.83,,114.498614592954,93.1404724121094,34.3019485473633,4.593
CYP,2007,12.5725141679547,5.09822614854798,31244.87890625,40.77,,127.29417825863,92.9139404296875,36.2316017150879,3.946
CYP,2008,18.4811143179822,3.646989221039391,35541.88671875,42.31,,127.586773748275,92.3691635131836,40.8491706848145,3.756
CYP,2009,21.4899279697229,-2.015082036836944,32236.462890625,49.81,,119.340861921621,91.9261779785156,47.6964492797852,5.594
CYP,2010,23.1549178375804,2.2826710011978832,31105.02734375,52.99,,123.133007859014,91.440803527832,48.311580657959,6.359
CYP,2011,24.611252900232,0.416711868408683,32485.8046875,56.8598923503507,98.6800003051758,126.559628770302,92.8256225585938,46.5397300720215,7.942
CYP,2012,25.5626376173369,-3.447381513745867,28991.9296875,60.6898684001903,,128.74435044617,95.2998504638672,45.8635902404785,12.097
CYP,2013,26.6505813953488,-6.587477511183465,27764.7265625,65.4548,,127.862906976744,97.9726409912109,47.470890045166,16.131
CYP,2014,28.3005343866171,-1.7760586772861586,26993.095703125,69.3286967086473,,129.042983271375,97.8358383178711,52.1083793640137,16.277
CYP,2015,30.1736513081732,3.418920388890129,23088.4296875,71.7157409175171,,128.631974994212,98.9578094482422,59.8640594482422,15.026
CYP,2016,32.0132199103345,6.573590809246781,24280.044921875,75.9002054030125,,130.334521209334,98.830940246582,68.3754730224609,13.006
CYP,2017,33.6542226269064,5.75083236554525,26247.46484375,80.743188971932,,133.940473480537,99.5133590698242,79.827522277832,11.155
CYP,2018,35.2355650415637,6.27166360056404,29120.38671875,84.4335825186889,,134.843630644799,99.4265899658203,86.5899276733398,8.504
CYP,2019,36.1884973404255,5.875595833866072,29227.16796875,86.0636299618935,,137.76052748227,101.017471313477,93.9260711669922,7.155
CYP,2020,36.3127392017496,-3.220630186375672,28130.330078125,90.80194644,,135.588846364133,101.935836791992,102.390762329102,7.755
CYP,2021,36.6502473650247,11.397559080151185,32937.8359375,90.75951564,,142.051408905141,102.047653198242,106.362930297852,7.513
CYP,2022,36.7656727425982,8.738546848816739,33231.05078125,89.60099194,,146.71583605521,103.827629089355,105.384979248047,6.806
CYP,2023,36.9005587748344,3.620453682360818,36623.70703125,91.22110357,,148.333712748344,105.159156799316,107.26212310791,5.835
CZE,2000,0.0244216847367596,4.010669619984,6062.9215284279335,9.78052788834393,,42.454744664448,,,8.764
CZE,2001,0.0605945932421782,2.917219528995602,6669.0749484749695,14.6971721171129,,67.8967401672567,94.5851364135742,32.0267791748047,8.128
CZE,2002,0.149421825430774,1.5134594913999564,8101.260185881106,23.93,,84.0881284066711,95.2897491455078,36.8876609802246,7.28
CZE,2003,0.338474952268104,3.300836832613001,9852.456779458013,34.3,,94.7289136642016,96.0471115112305,39.2078895568848,7.777
CZE,2004,2.2998309205814,4.736339696834378,11782.554667611654,35.5,,105.078395353483,95.4745712280273,45.4242782592773,8.298
CZE,2005,6.8973973441835,6.375028860867914,13442.49162843091,35.27,,114.549637539441,96.0492401123047,49.1181411743164,7.927
CZE,2006,10.7961618649867,6.623172991774467,15259.078816200416,47.93,,120.394905647853,97.459716796875,49.8811302185059,7.141
CZE,2007,14.4784887472778,5.488825951645168,18452.65328121963,51.93,,127.966877622661,97.7152786254883,54.1809005737305,5.316
CZE,2008,16.9544853816023,2.6122680720513927,22774.704507620518,62.97,,132.778736616777,98.0813293457031,57.9171714782715,4.392
CZE,2009,19.5385560961848,-4.798324166849255,19817.42158365543,64.43,,125.349158452872,97.9063034057617,61.4115715026855,6.662
CZE,2010,21.6090542510609,2.71466509907701,20160.435507705894,68.82,,123.605282283555,98.6544189453125,64.9327697753906,7.281
CZE,2011,23.9064110361087,1.7723808533847318,22049.108078868237,70.49,,125.460303933748,99.4467315673828,66.7968215942383,6.712
CZE,2012,25.2869067180213,-0.770668190622743,20014.035401516467,73.4300078241036,,128.69010077246,99.7749633789062,66.9287719726562,6.979
CZE,2013,27.1727115258321,-0.041812416044749,20260.49549993748,74.1104,,130.521237278882,106.875068664551,66.3243179321289,6.953
CZE,2014,28.475360327904,2.245212198626348,20038.41631802569,74.2317116367383,,132.288685248373,106.118507385254,67.3959732055664,6.108
CZE,2015,27.9980000790543,4.95875848915604,17931.59876707676,75.668838699279,,118.339820565816,104.810516357422,67.2303619384766,5.048
CZE,2016,29.14911847267,2.580870139213758,18753.96867180957,76.4811986951838,,118.544499080322,103.015083312988,67.5056381225586,3.952
CZE,2017,29.8452606888193,5.173565299678813,20913.197632212043,78.7191728513432,,119.874291148129,102.204696655273,67.7142181396484,2.893
CZE,2018,30.5512773467128,2.8303058826786582,23705.932981129885,80.6881675434288,,120.431679514249,101.514892578125,66.7902221679688,2.246
CZE,2019,35.4302064212035,3.5657765812826057,24062.719001334302,80.8669444139622,,124.126150238634,100.21556854248,66.8802185058594,2.015
CZE,2020,36.4490898642092,-5.30487955463876,23472.891545441667,81.33889705,,123.219460160155,99.3292617797852,67.1843719482422,2.55
CZE,2021,37.4984794433561,4.029018320551487,27696.461952754424,82.67062427,,126.173145654465,102.089942932129,69.8369293212891,2.803
CZE,2022,37.7136856539825,2.847170658381401,28282.22367158567,84.54009378,,128.105295003482,102.935562133789,70.8145904541016,2.224
CZE,2023,37.9099783935119,0.0475803308973752,31761.594410249065,85.99404818,,126.004753501387,97.6154174804688,66.7282867431641,2.579
DEU,2000,0.323971739981797,2.876523124765896,23925.855990199118,30.2163466048889,,58.9286257003872,,,7.917
DEU,2001,2.5630421406235,1.6361417069095552,23878.36414716509,31.650939416316,,68.5015729450642,99.554801940918,,7.773
DEU,2002,3.90528253250834,-0.2282557157936366,25486.59420087475,48.82,,72.0472841129963,100.853607177734,,8.482
DEU,2003,5.44380962425352,-0.5298013942912974,30711.102251133085,55.9,,78.916971734145,101.226783752441,,9.779
DEU,2004,8.52694492670409,1.1620868450727784,34566.73591437353,64.73,,86.8798237231984,101.377777099609,,10.727
DEU,2005,13.1471417185409,0.8854852925515644,35084.43635462689,68.71,,96.6168901963931,101.436492919922,,11.193
DEU,2006,18.331503899704,3.8666824152320913,36980.33499489538,72.16,,104.834680181706,102.486396789551,,10.277
DEU,2007,24.2949006391775,2.889117413802495,42350.92172114887,75.16,,118.369804221089,102.009773254395,,8.732
DEU,2008,27.9989131407285,0.8879023307436285,46379.16479534788,78.0,,130.097465346683,103.240730285645,,7.508
DEU,2009,30.8451383310787,-5.544554519206741,42471.88686252258,79.0,,129.733283319711,103.314292907715,,7.88
DEU,2010,32.3662636839336,4.134637785227582,42396.96659762935,82.0,,109.364084468464,104.891357421875,,7.043
DEU,2011,33.7098845809377,3.7579688448933695,47630.97618835724,81.26999953602,,112.41947815744,105.34651184082,,5.967
DEU,2012,34.5501078335304,0.4635120367092042,44718.01592140687,82.3499984738392,,114.191945537857,104.442237854004,,5.372
DEU,2013,35.3423024244517,0.3969955837791445,47206.83535142419,84.17,,123.435398879553,103.935333251953,60.8984489440918,5.316
DEU,2014,36.3409222955935,2.1801860216801714,48959.59912031329,86.1937006578756,,122.308668591557,103.303871154785,65.1844787597656,4.979
DEU,2015,37.412701768023,1.663006023347748,41929.75491107217,87.5897993525767,,117.401165117624,102.192413330078,68.23291015625,4.612
DEU,2016,38.4991067314054,2.222222162593709,42948.938193269365,84.1652066441212,,125.024012174369,100.852310180664,67.9464111328125,4.104
DEU,2017,39.9888046312857,2.7979067205509978,45553.93414953386,84.3941537010844,,132.003261888443,101.095642089844,68.4692306518555,3.781
DEU,2018,40.9651498488548,1.1356960459984862,48916.16866121543,87.037112092841,,128.945577229674,100.837303161621,69.1634292602539,3.384
DEU,2019,42.1155574684512,0.977734697038784,47656.19973974703,88.1345169091916,,128.292298108313,101.152557373047,72.705078125,3.163
DEU,2020,43.3048696627,-4.131914432399469,47394.87345044692,89.81294133,,128.424798814302,101.307800292969,72.3894195556641,3.881
DEU,2021,44.0643361489671,3.9099999420410825,52349.24599944222,91.43060973,,127.125099449404,101.203536987305,75.6655426025391,3.594
DEU,2022,44.6186317766404,1.8092581243060977,50506.51796385433,91.62984383,,124.158264349285,100.81729888916,77.3656997680664,3.137
DEU,2023,45.380522509099,-0.8696475785733213,54776.76682354909,92.4763763,,124.662572774586,100.603057861328,78.5947494506836,3.071
DJI,2000,0.0005352473779569,,737.6121836440517,0.194500528399956,,0.0307767242325222,,0.257360011339188,26.664
DJI,2001,0.0006482452648924,,742.1337911070628,0.343526262964202,,0.388947158935478,,0.654820024967194,26.597
DJI,2002,0.0007541724591301,,743.0132704203476,0.48697170451894,,1.88543114782534,,0.934469997882843,26.589
DJI,2003,,,764.634465224597,0.625940229399888,,2.82722345759595,,1.14007997512817,26.484
DJI,2004,,,806.2616529449637,0.781317175068661,,4.17394967341464,,1.43494999408722,26.441
DJI,2005,0.0050049632552281,,844.4483573908004,0.953599989,,5.24961062577532,,2.15187001228333,26.448
DJI,2006,0.0177619063199667,,898.4646281367736,1.269999981,,5.23707470751282,,2.43639993667602,26.382
DJI,2007,0.124867357020015,,969.573220191902,1.62,,7.95160360788906,,2.70820999145508,26.292
DJI,2008,0.274549865917507,,1119.152333469688,2.26,,12.6407194080208,,2.89696002006531,26.183
DJI,2009,0.579796319801827,,1150.937585748896,4.0,,14.1275025314664,,3.63386988639831,26.325
DJI,2010,0.866217827231575,,1213.2335255342946,6.5,,17.8030445546417,,3.61855006217956,26.368
DJI,2011,1.1914927711326,,1306.3455284497677,7.0,,20.3518393182072,,5.16012001037598,26.31
DJI,2012,1.54197530481088,,1400.193578589536,9.399999619,,21.9776218597006,,,26.179
DJI,2013,1.79778315719357,,2075.944984247476,12.69999981,,24.7884901261545,,,26.149
DJI,2014,2.0047530858657,7.1929872846369705,2214.620841424321,17.0,,28.6271201146485,,,26.16
DJI,2015,2.36839087613311,7.308985634507991,2376.1255471987265,22.89999962,,30.8091732634986,,,26.063
DJI,2016,2.33941404303751,7.123432337287198,2510.430007624096,30.79999924,,33.271816300825,,,25.982
DJI,2017,2.31210201347881,5.458091517211997,2618.95521147369,55.6814092453962,,35.3657091447905,,,26.064
DJI,2018,2.3797395608845,4.774339349431926,2718.0833879920333,57.06169891,,36.8545231657962,,,26.18
DJI,2019,2.24265621024535,5.545080811549781,2837.169023409324,58.4762001,,38.0143821719119,,,26.257
DJI,2020,2.26685414608193,1.202115172896896,2844.888106478533,59.92570114,,39.2725038635961,,,27.701
DJI,2021,1.39112845686235,4.407156675611532,3025.9112641354923,61.41120148,,43.6423520933817,,,27.628
DJI,2022,1.41245769926198,5.166537028543743,3133.2577977246297,63.77600098,,46.7770531248021,,,26.272
DJI,2023,1.47205761945073,6.807335294033081,3381.297797107218,64.75869751,,48.4504884885996,,,26.074
DMA,2000,0.116769569850097,2.340219377768804,4867.398963237587,8.81484419762881,,1.75154354775146,106.89208984375,,
DMA,2001,0.256267572633552,-0.0638434428881566,5527.515273004963,13.2452280386761,,11.2904170571696,109.117523193359,,
DMA,2002,3.27350914915091,-3.087420523592684,5488.027849693565,18.4248927671241,,17.8053739377185,112.225051879883,,
DMA,2003,3.86832236506107,5.804954686295332,5447.440114962842,23.6204198529629,,34.7083801491296,117.79776763916,,
DMA,2004,4.73859779457822,4.097836622739166,5778.833065465062,30.3196130921568,,60.9448061879998,114.818801879883,,
DMA,2005,4.94660575552128,0.915286472779144,5695.224423946745,38.54359818,,75.6539703785608,114.346900939941,,
DMA,2006,6.24945498939046,4.400774798120594,6055.78109574854,39.39820099,,103.915356218934,113.30908203125,,
DMA,2007,7.26248057286447,5.357937557587803,6459.035036896091,40.2745018,,129.272154196988,112.818580627441,,
DMA,2008,10.1664391320766,7.121312177622315,6971.326338392885,41.15999985,,132.163708716995,110.860000610352,,
DMA,2009,10.6006040892193,-1.13575145648322,7487.490103951535,42.02000046,,143.035548327138,111.792961120605,,
DMA,2010,12.0695914840471,-0.1056108576949839,7549.619646803747,47.45,,153.308935651113,108.655853271484,,
DMA,2011,12.0298900844279,0.0427388878891434,7705.407172483186,48.59999847,,157.73970718144,109.177848815918,,
DMA,2012,12.2978095431002,-0.1573917931422102,7528.510019901552,49.79999924,,158.135362713041,102.783400809717,,
DMA,2013,15.3008678189773,0.0045039972976042,7822.217972113976,51.0,,134.225059169476,,,
DMA,2014,15.3254799425916,2.3352174206769263,8131.748760967352,57.5,,104.991971352649,93.3871994018555,,
DMA,2015,21.5296122709842,-3.3733826247689507,8282.598747021415,65.0,,109.720210197415,95.9454803466797,,
DMA,2016,22.2495187196506,1.4472455648926257,8802.561720413629,67.02999878,,112.697181277476,,,
DMA,2017,22.5166433076384,-7.544363754728195,8224.648965714136,69.61969757,,109.83123102079,,,
DMA,2018,16.8891366209992,2.964010610466005,9215.308540564503,,,112.682254231819,,,
DMA,2019,22.3998232174425,3.94809757938053,9491.149959623735,73.38200378,,115.103123158515,105.625543006082,,
DMA,2020,27.0611042872153,-15.706402454586184,7827.748426804263,75.65670013,,110.409483077561,105.181579589844,,
DMA,2021,20.9562215410256,5.379838389547118,8376.404141411134,78.07949829,,92.5136156662004,105.535634244733,,
DMA,2022,20.86014425523,10.39680766161213,9323.66089490562,80.57980347,,85.1898961482058,105.387588500977,,
DMA,2023,,3.65221012208734,9912.962127666682,81.33650208,,,102.585807800293,,
DNK,2000,1.25476200910246,3.72400899471576,30722.02518375665,39.1724308555053,,62.9918994812027,,,4.476
DNK,2001,4.44126962089472,0.95003224600012,30768.47754711116,42.9575247201878,,73.8998340681955,129.876510620117,61.3673095703125,4.164
DNK,2002,8.39472548060727,0.4565300187799863,33257.16225865088,64.25,,83.2921530837568,125.105667114258,64.2234725952148,4.274
DNK,2003,13.3249793159228,0.4410910066251006,40519.09749059236,76.26,,88.4332414453254,124.619468688965,68.1712493896484,5.398
DNK,2004,18.8283013833776,2.776351807440534,46625.05009801095,80.93,,95.6021520934582,121.348091125488,74.9665069580078,5.204
DNK,2005,24.7964085612195,2.3596088299252784,48925.80766987841,82.74,,100.547111340322,122.080146789551,80.8124618530273,4.83
DNK,2006,31.9143454064612,3.816487699081719,52119.17879842821,86.65,,107.186073542231,118.173477172852,78.5057678222656,3.897
DNK,2007,34.853130223394,0.9871738159451268,58631.656643363545,85.03,,115.497142141498,117.994140625,78.243293762207,3.801
DNK,2008,36.5083210709452,-0.4171784399910052,64616.665758366296,85.02,,119.353288564998,117.272972106934,74.8606262207031,3.683
DNK,2009,36.6222278389614,-4.974479056690583,58412.7472358513,86.84,,123.727484183458,117.131889343262,73.1106262207031,6.409
DNK,2010,38.076030356193,1.5828970310880237,58104.54455949811,88.72,,115.734472895239,118.944053649902,72.4951477050781,7.746
DNK,2011,38.4725380278661,1.3108037609605958,61809.73789822204,89.8100133895232,,128.762868998962,121.816520690918,75.9300231933594,7.769
DNK,2012,38.9767051263458,-0.0054323016167074,58443.77471039677,92.2600117153012,,130.416027276514,124.577186584473,77.7465515136719,7.798
DNK,2013,40.467787039522,1.392673431619713,61377.59405904119,94.6297,,125.21344682497,131.692306518555,80.4186782836914,7.384
DNK,2014,41.4926377539648,1.2779998319283123,62520.45097470115,95.9935053764454,,126.869141573913,132.451354980469,81.3143615722656,6.925
DNK,2015,42.3133095847231,2.104414564453009,53094.01336075736,96.3305016195436,,124.553508356615,133.795471191406,83.300407409668,6.278
DNK,2016,42.9699132415221,3.0730454920909267,54500.92604102175,96.9677852516645,,121.941164424922,131.441299438477,82.1714935302734,5.989
DNK,2017,43.5697797531659,3.0564772392271777,57521.55149922252,97.0993621555621,,123.86211468599,130.324432373047,81.3220062255859,5.833
DNK,2018,43.7690892923223,1.860007490092101,61324.76650455651,97.3192043651002,,124.550124408336,129.849563598633,81.1405487060547,5.131
DNK,2019,43.6229516711158,1.711400939327362,59404.266324772296,98.0464347521549,,124.573359763273,129.311126708984,81.6945877075195,5.018
DNK,2020,44.4185659681079,-1.7801060183129067,60985.48856015139,96.54914573,,124.370019531752,129.995193481445,82.6643295288086,5.644
DNK,2021,44.9598379722906,6.500254457562946,69340.73349221384,98.8658506,,125.604137839658,131.772018432617,83.982292175293,5.065
DNK,2022,44.8863644064006,0.4438326149083309,67781.0940939514,97.86011812,,126.48354098254,130.326995849609,84.5866088867188,4.434
DNK,2023,44.0352069959396,0.6045877661755839,68043.54669712431,98.77559197,,126.717092547985,126.98078918457,81.2308197021484,5.094
DOM,2000,,4.651725502991283,2831.458836380334,3.70469235587688,,8.21779340858019,59.4400787353516,,6.432
DOM,2001,,2.46937023763239,2935.893673126681,4.42939069666645,,14.564687866208,,,7.262
DOM,2002,,4.486503670456514,3065.60329524196,6.8237257325842,87.0,19.2110692949295,67.816276550293,,6.779
DOM,2003,0.167026330030666,-1.349357447827657,2383.2617178039336,7.89839293716387,,23.293647877318,,33.6751098632812,6.938
DOM,2004,0.409197604979828,2.585566674495766,2451.691616165686,8.8655534607044,,27.8318842222401,68.8893127441406,,6.303
DOM,2005,0.657710313046001,9.431789319772848,3878.312067352443,11.4831977789344,,39.2767007687993,70.5230407714844,,6.587
DOM,2006,1.10135943166941,9.171206509552988,4055.142703473711,14.8449283654589,,49.3048792642217,,,5.654
DOM,2007,1.83754530885106,7.41840577774235,4649.645588758138,17.66,88.2399978637695,58.3022249747188,79.9215469360352,,5.158
DOM,2008,2.49780374861722,3.2680867128821234,5023.585134035155,20.82,,75.320015501722,78.7571563720703,,4.764
DOM,2009,3.25512505331211,1.0034529301871942,4973.951869999516,27.72,,89.0106149754545,80.7119979858398,,5.467
DOM,2010,3.97655846255286,8.401145412095957,5478.624703989543,31.39999962,89.5400009155273,90.5562579078275,77.9718275378447,,5.212
DOM,2011,4.2623683327567,3.1919622747552268,5826.510141091945,38.0,90.1100006103516,88.1873540123839,77.4272200156803,,6.087
DOM,2012,4.80243557090172,2.7756710084881604,6013.819650026031,42.32,90.1600036621094,88.7172926705772,77.986106386808,48.6290038507636,6.722
DOM,2013,5.1668984571358,4.934733007098814,6136.594293293015,45.9,90.8600006103516,90.2546667185935,79.1714978028552,,7.351
DOM,2014,5.81643518392854,7.11122629673892,6496.451669711419,49.58000183,91.7600021362305,80.495501539039,80.11454424521,49.3192689674723,6.719
DOM,2015,6.57516285125516,6.987711312363871,6800.953093954736,54.2157663369785,91.9899978637695,84.3065756036826,79.9378896410207,51.7471143700009,7.605
DOM,2016,7.21470928585035,6.719740786812949,7160.442009823075,63.8708647408206,93.7799987792969,82.5303394895289,80.0944728713855,54.498998211862,7.284
DOM,2017,7.69279157853922,3.93386176401576,7412.715715715117,67.5712453277737,93.2332153385684,82.2092066040533,79.9406801126231,59.9155940980465,5.832
DOM,2018,7.98202346065262,7.09751640210159,7882.982215849437,74.8220483597284,93.4360584896058,82.8937401810212,80.2159299988463,,5.861
DOM,2019,8.53570157562257,4.894030114958397,8183.016236003749,79.71549988,93.6726916249429,82.1376141070859,81.8562360431581,,6.356
DOM,2020,9.37345457518418,-7.929052342310612,7135.222732558986,81.61730194,93.6926372060753,81.6619005659366,80.0444119218853,58.7264105314523,6.126
DOM,2021,10.3195260186654,14.012428906220691,8527.075485820502,85.24298638,93.7309714425844,87.5207623947766,75.7044807816311,56.4690832383051,7.702
DOM,2022,10.6744492390257,5.237956529025951,10104.246400858476,81.51269675,93.7022375646963,90.3760163850377,76.5283197247412,55.1665311527454,5.504
DOM,2023,11.1345555858062,2.1922984823793854,10630.431743829022,86.12689972,94.3123758236054,91.8676246650308,75.4805556926418,58.2428049803824,5.555
DZA,2000,,3.8000000015847633,1772.928691227614,0.491705679141589,,0.278282092162305,64.5954208374023,,29.77
DZA,2001,,2.999999998630429,1896.3002087801287,0.646114016703792,,0.319170453012348,68.763298034668,15.2947797775269,27.3
DZA,2002,,5.400000000000006,1937.4641141301884,1.59164126035832,69.870002746582,1.41805404487787,72.5830688476562,16.9754199981689,25.9
DZA,2003,0.0559426336884427,6.500000000620432,2283.7729934612557,2.19535973086144,,4.49693928527318,75.4358673095703,18.211820602417,23.72
DZA,2004,0.110333714740639,4.499999999766985,2816.9938496055483,4.63447508776537,,14.963746486714,79.6298599243164,18.8709297180176,17.65
DZA,2005,0.407741051450608,5.399999999695254,3233.1333963421216,5.843900204,,41.2614463106668,81.8563690185547,20.7098693847656,15.27
DZA,2006,0.505598672547711,2.8999999990585223,3660.661047453223,7.37598495634886,72.6500015258789,62.4502215801053,83.4811935424805,21.3458003997803,12.27
DZA,2007,0.839555141860276,3.100000001286745,4167.451699375306,9.45119062555304,,80.6177005187804,73.517822265625,23.5956306457519,13.79
DZA,2008,1.39299923390786,2.4999999992937063,5180.918815146864,10.18,75.1399993896484,77.6388036853647,80.2311401367188,,11.33
DZA,2009,2.30484571269816,1.1999999996951942,4235.42990456612,11.23,,92.2215091977573,96.3929595947266,30.5014705657959,10.16
DZA,2010,2.48699605031867,4.80000000093564,4912.785855036717,12.5,,90.5823787597715,100.739776611328,30.7344437013341,9.96
DZA,2011,2.65762135149911,2.9999999994190887,5916.313643643432,14.89999962,,96.5112947931918,103.184272766113,32.3866003582095,9.96
DZA,2012,3.06737211964693,2.4000000003443205,6033.648846895432,18.20000076,,99.6853251935403,,33.5570987119466,10.97
DZA,2013,3.33210366559778,2.600000000611644,5979.601389605846,22.5,,102.871008201635,,35.4386275633738,9.82
DZA,2014,4.08032326259352,4.099999998665012,6094.693923149557,29.5,,110.440351392657,,36.0427983596258,10.207
DZA,2015,5.67060147059702,3.200000000890228,4685.059027290017,38.20000076,,108.016371207167,,38.2444735695552,11.206
DZA,2016,7.00004046440209,3.900000000176206,4424.985290275557,42.94549942,,115.154200093555,,43.9040620880927,10.202
DZA,2017,7.70045809597326,1.4999999989558717,4554.667539578281,47.69110107,,109.96986300969,,49.177689984383,12.0
DZA,2018,7.21566750856693,1.4000000008828124,4577.210291804906,49.0384680793271,,110.938066513767,,52.8819387317527,12.112
DZA,2019,8.27526635803041,0.8999999992191476,4468.453418836562,55.79069901,,104.922068012909,,53.8645018203122,12.302
DZA,2020,8.6064465013707,-4.999999999085972,3743.541952292898,63.47269821,,103.436671524065,,53.3752192208988,14.08
DZA,2021,9.33184191925225,3.7999999990070714,4160.559267369248,72.21240234,,105.037092587919,,54.2222597146723,13.656
DZA,2022,10.3517244580598,3.6000000009491515,4960.303343328876,74.78150177,,107.787115922596,104.550270080566,53.3875786756,12.382
DZA,2023,12.0086836084024,4.100000000059637,5370.477235078005,76.19760132,,111.60623555659,101.264892578125,55.5320185816789,11.645
ECU,2000,,1.0918016472027716,1382.2342175990902,1.46218853556457,,3.80018261189865,55.9612693786621,,4.8
ECU,2001,0.0203164187335505,4.206271857487892,1791.303596850374,2.67044367376705,90.9800033569336,6.6545527212228,56.2870216369629,,4.252
ECU,2002,0.0494654172874898,4.928095496113755,2059.1585535974045,4.26079691519764,,11.8800801189058,57.2436103820801,,4.825
ECU,2003,0.051718828450381,2.884500365120644,2315.622152230139,4.46022834472698,,17.9337879345567,56.8165702819824,,5.662
ECU,2004,0.0853865479151904,6.832397366465145,2586.2091466334664,4.83444263759525,,26.0434408838874,57.409610748291,,5.002
ECU,2005,0.193454316549646,5.398622439943424,2909.0260601438827,5.994299889,,45.1123679534901,59.8716011047363,,3.779
ECU,2006,0.326562347034825,4.341131985776386,3243.6701035933856,7.199999809,,60.2369096240834,61.9531517028809,,3.55
ECU,2007,0.69789646329103,1.9024285970048425,3478.9248877067143,10.80000019,92.0999984741211,69.3707479349418,63.4471893310547,,3.142
ECU,2008,1.07029734476407,6.564920682247191,4194.757506619805,18.8,92.3899993896484,80.1668409123935,,38.1871795654297,3.917
ECU,2009,1.62709934214014,1.0910129698310982,4053.36331139298,24.6,92.25,89.3147112152108,85.9710388183594,,4.608
ECU,2010,1.46796098216486,4.029137879866212,4520.30959039763,29.03,91.8499984741211,98.0369371404011,91.5583877563477,,4.088
ECU,2011,4.29931645929556,8.48147656332823,5153.691642437503,31.3668083587433,91.5899963378906,100.042332662827,95.6929702758789,,3.458
ECU,2012,5.41801624099982,5.783212336171999,5634.083931910944,35.1351464545516,92.0599975585938,105.680291422005,98.554801940918,39.2524690384971,3.235
ECU,2013,6.69604876989672,7.211236536791588,6109.290315103414,40.279121941,93.2900009155273,105.181656022524,100.659210205078,39.7734405802353,3.083
ECU,2014,8.22960271464069,4.226065203884559,6405.799793004407,45.5903906666095,94.2200012207031,103.558519410265,102.590339660645,,3.48
ECU,2015,9.14528109625927,0.1196921092876124,5976.159680565097,48.9404337892669,94.4599990844727,79.5746462378333,100.791786193848,44.5371492743653,3.616
ECU,2016,9.75202935279733,-0.6879542458779468,5917.63771271481,54.0629247288864,94.3499984741211,84.1088342242983,98.0803764939006,,4.597
ECU,2017,10.6125181754918,5.9703988095484135,6233.322447977176,55.79999924,92.8300018310547,87.421387212843,96.1637651807361,,3.836
ECU,2018,11.4584100093686,1.044294606796072,6303.918866583376,57.5,,92.5117717203865,94.9748100922065,47.3311832253279,3.53
ECU,2019,12.0672172196331,0.1654044646003001,6205.057652467664,59.2,,91.4249181128443,93.8371637137576,47.2627814012203,3.812
ECU,2020,13.5146940353863,-9.245096191658646,5463.645153485981,70.7,93.629997253418,88.2554920433727,93.9849491291463,56.9066311483682,6.116
ECU,2021,14.0284374555704,9.421892690336309,6061.323501817112,69.1147995,94.4800033569336,94.950621672761,94.5899282617776,,4.504
ECU,2022,15.1128846850944,5.868423548623113,6515.585284183364,69.71811356,96.2600021362305,98.1309025742238,94.1335305764161,59.879782344866,3.713
ECU,2023,16.0678902316524,1.832840610778803,6718.144793881096,72.6943146,,101.031752745524,92.8118025876465,67.8851161961618,3.51
EGY,2000,,6.370003829917664,1366.0927437261348,0.641265037504813,,1.8607538216263,77.8339462280273,,8.98
EGY,2001,,3.5352519739150665,1295.137418416295,0.838945611477604,,3.74243009523559,79.3897399902344,27.8922500610352,9.26
EGY,2002,0.0668121413808763,2.3902040267562654,1116.8288462621283,2.71999971465421,,5.89552843443126,78.8174133300781,28.9182395935059,10.01
EGY,2003,0.0704527942644309,3.19345473756772,1031.2755629128364,4.03788510706701,,7.44671264050805,78.5066070556641,26.0245094299316,10.91
EGY,2004,0.0996723057635359,4.092071610199085,991.2556891452524,11.92,,9.61664053535291,77.7841796875,27.2862091064453,10.32
EGY,2005,0.17385604745411,4.471744471062095,1105.5392071390345,12.75,67.3300018310547,16.8057130340828,,28.4127006530762,11.049
EGY,2006,0.312605489963574,6.843838193698844,1298.9790020312446,13.66,66.370002746582,21.7666484648207,,28.3695907592773,10.49
EGY,2007,0.566508525981082,7.087827426755823,1547.7417073590857,16.03,,35.7083780152706,,28.8399200439453,8.8
EGY,2008,0.896460596904279,7.156283567115224,1896.2159426977896,18.01,,48.0833441516988,,28.6861095428467,8.517
EGY,2009,1.23139297646961,4.6735998000066274,2161.639645739265,20.0,,63.2585121037051,63.2154998779297,29.2693099975586,9.087
EGY,2010,1.62745731673027,5.147234857467424,2455.0819464528213,21.6,72.0500030517578,79.2198618342745,64.7296371459961,30.0727383660214,8.757
EGY,2011,2.02567464552925,1.7645719480604072,2590.6438489196503,25.6,,91.5823290114783,72.5487594604492,25.5901820932158,11.849
EGY,2012,2.45679305227732,2.226199798184865,2996.0677072015005,26.4,73.870002746582,103.904852847169,73.0182495117188,26.2271566255146,12.597
EGY,2013,2.80726241263661,2.18546605363386,3025.525635524481,29.4,72.4400024414062,104.585398175604,73.8954466194364,28.3479816954113,13.154
EGY,2014,3.14561708192958,2.9159118805283555,3133.391022655408,33.8946039115275,,97.7313128919015,73.3723421134374,29.1134325604942,13.105
EGY,2015,3.84187963570353,4.372019077816873,3306.981594141408,37.8193834276939,,94.3962460363651,,32.8848991394043,13.052
EGY,2016,4.39685382563749,4.346643456019137,3270.628776819699,41.2480670885772,,96.2091951594197,75.7524086692863,31.8731307983398,12.45
EGY,2017,5.04732016956055,4.181220999615618,2395.1033329949128,44.9502042452857,71.1699981689453,99.2884367821237,76.4337653082262,33.1018892935221,11.767
EGY,2018,6.26825297386708,5.3311086188715535,2484.7031563050828,46.92433676792,,88.7420881346276,76.9816189396849,36.1230010986328,9.855
EGY,2019,7.04130696004296,5.5520930708422185,2962.9889202300265,57.2828663990195,,88.6447815879102,77.9093978841525,33.622825887244,7.851
EGY,2020,8.5396308016812,3.550164838831151,3511.1138102637947,71.91420096,,87.2316871725819,79.6544750074231,38.773998260498,7.974
EGY,2021,9.76582299335252,3.290646011932452,3827.354153743081,72.05599976,82.0803858167894,84.0866220906029,81.8833487066739,35.1185317783157,7.441
EGY,2022,10.6832498285136,6.587845608704669,4233.307837448563,72.19806556,79.4531619498685,90.6794715776528,,36.462230682373,6.546
EGY,2023,10.8642477216638,3.7602805227924714,3456.7896521236303,74.01190186,,92.8261626420085,84.474862198776,37.9005584716797,6.753
ERI,2000,,-3.1419859025163817,314.3573967535008,0.136711941104496,,0.0,45.2635498046875,2.00988006591797,5.656
ERI,2001,,8.755435528163247,325.40916151359266,0.157815289303043,,0.0,45.8157081604004,2.69304990768433,5.74
ERI,2002,,3.005429191737804,304.77575646509234,0.227090137626716,52.5099983215332,0.0,46.5302581787109,2.54442000389099,5.794
ERI,2003,,-2.6555159248755444,348.95032707774243,,,0.0,47.3321685791016,,5.79
ERI,2004,,1.4517355659550617,426.8409478870323,,,0.769738796836681,47.4052391052246,1.97107994556427,5.704
ERI,2005,,2.5744495512484638,412.7530791994235,,,1.51953149219435,51.6001396179199,,5.721
ERI,2006,,-0.9692171107113552,447.9974047272008,,,2.29317381677543,53.1192588806152,,5.707
ERI,2007,,1.4268222112032305,480.4476236545604,0.409999996,,3.07477849040289,50.1338500976562,,5.719
ERI,2008,0.0015623185801932,-9.783030017824558,490.0669560033334,0.469999999,64.6600036621094,3.85718703829491,51.3945808410645,,5.683
ERI,2009,0.002423919235011,3.876501527542104,642.9257228800705,0.540000021,,4.88696745195879,51.8130187988281,3.67761993408203,5.757
ERI,2010,0.0040065381269638,2.194190348880824,539.6995120696864,0.610000014,,6.29077416502727,51.5608596801758,4.35516023635864,5.854
ERI,2011,0.0047023746992231,8.679800101380494,688.6816595768397,0.699999988,,8.06870803088893,51.8398818969727,,5.801
ERI,2012,0.0060915617710705,,,0.800000012,,10.0521635251769,52.7079315185547,,5.692
ERI,2013,0.0047489558802482,,,0.899999976,,11.5420445230877,51.34619140625,,5.624
ERI,2014,0.0064616743555206,,,0.99000001,,13.4855143799717,50.6653785705566,4.12871980667114,5.637
ERI,2015,0.016100228430041,,,1.083699942,,15.2952170085389,46.171501159668,3.51574993133545,5.751
ERI,2016,0.0192018556673317,,,1.177099943,,16.1935649461164,,3.20262002944946,5.772
ERI,2017,0.031742535028681,,,2.496099949,,22.0610618449333,44.911060333252,,5.804
ERI,2018,,,,5.293000221,,,46.1723785400391,,5.756
ERI,2019,0.0925870488001644,,,11.22379971,,40.4605403256719,,,5.812
ERI,2020,0.151916994984612,,,14.34939957,,54.7205015934574,,,6.375
ERI,2021,0.149245578525113,,,,,53.7582573847458,,,6.489
ERI,2022,0.165393390775689,,,,,59.1248082166991,44.0441284179688,,6.033
ERI,2023,,,,,,,,,5.909
ESP,2000,0.18614924597098,5.200641255539424,14743.267103145476,13.6249608089899,,59.1545409294551,,,13.785
ESP,2001,1.1312722116122,3.919088808088105,15368.233798443476,18.1487226902932,,71.9003474770726,115.331329345703,61.0042190551758,10.348
ESP,2002,2.98760619626962,2.755456115640982,17111.068505894054,20.39,,80.3027940805405,115.286270141602,63.7400817871094,11.146
ESP,2003,4.99200793628407,2.9392895953075997,21522.01709902615,39.93,,87.5626112431679,114.452789306641,65.5322113037109,11.283
ESP,2004,7.86734160810126,3.114531479916096,24925.02678445755,44.01,97.1699981689453,89.3326464755076,115.084503173828,67.4735717773438,11.09
ESP,2005,11.4543464876327,3.551225584612496,26450.953013038237,47.88,97.75,97.1228342120143,117.570930480957,68.1358337402344,9.146
ESP,2006,15.077844168829,4.04343515605099,28421.686527407037,50.37,97.75,102.236498446106,117.273666381836,68.9646224975586,8.452
ESP,2007,17.6985900961161,3.533500131659721,32652.01559470198,55.11,97.9400024414062,106.384415658258,117.488693237305,69.2297668457031,8.232
ESP,2008,19.7598103811018,0.7671657482906937,35603.248328071044,59.6,97.629997253418,107.328389840315,117.210586547852,69.4019393920898,11.254
ESP,2009,21.0154587159308,-3.768133069400534,32279.820847615145,62.4,97.6800003051758,109.472490510383,117.357116699219,71.4311676025391,17.857
ESP,2010,22.7418123101281,0.0941223116369514,30658.742228291198,65.8,97.75,109.711571858447,122.622512817383,76.3829116821289,19.86
ESP,2011,23.7622851657887,-0.639920636520344,31824.62191347769,67.0899993926581,97.7799987792969,111.899355043358,126.152786254883,80.7240905761719,21.39
ESP,2012,24.5107487138578,-2.865113686377484,28456.44381514769,69.8099999420024,97.8899993896484,107.756074158579,127.786712646484,82.89208984375,24.789
ESP,2013,26.1458798389403,-1.4273222475762566,29228.846559842044,71.635,98.0800018310547,107.038567264134,126.814498901367,85.1826324462891,26.094
ESP,2014,27.8358661570454,1.520485936472312,29707.76550946701,76.1867089778712,98.0899963378906,108.745818831037,125.537757873535,87.9358520507812,24.441
ESP,2015,29.0099329346016,4.060866724738659,25982.44161977755,78.6896318703515,98.1399993896484,109.391040801705,125.170799255371,88.5305328369141,22.057
ESP,2016,30.1986308494311,2.915155985957867,26755.60611493981,80.5613329432179,98.25,110.247061960011,123.736541748047,89.810791015625,19.635
ESP,2017,31.2964612808116,2.896042078650069,28381.342559690624,84.6022457016524,,112.030085134191,121.1416015625,92.070182800293,17.224
ESP,2018,32.2277444368856,2.395411244788775,30602.42128811132,86.107235525659,98.4400024414062,115.009066880916,120.109077453613,92.5194931030273,15.255
ESP,2019,32.9220023670648,1.961178508417106,29786.5245689007,90.718665325267,,116.69612128516,119.379127502441,91.5387725830078,14.104
ESP,2020,33.9527590155171,-10.94007063503706,27233.942646160765,93.20564892,98.5899963378906,116.712041523767,118.338188171387,91.59912109375,15.532
ESP,2021,34.9302420932073,6.683144204730013,30799.477593777483,93.89752157,99.6999969482422,118.999806936801,120.135841369629,95.3768997192383,14.914
ESP,2022,35.7846414290159,6.370317121296012,30319.498719661635,94.4855432,,123.399528756795,119.646171569824,95.0271606445312,13.033
ESP,2023,37.2148181549182,2.46085796805582,33493.22254091113,95.44564516,,127.715490236713,118.361709594727,93.7303466796875,12.179
EST,2000,,10.08763858004616,4070.60902410208,28.5769538105646,99.7699966430664,39.8712380914204,,,13.36
EST,2001,1.25877863750215,5.88074589534277,4502.666149923917,31.5274897673756,,46.910647175312,96.2154312133789,58.7174797058105,13.134
EST,2002,3.37094535081392,6.9330008261657525,5343.183107607348,41.52,,63.866728044453,99.0828704833984,61.7471008300781,10.026
EST,2003,6.58715395557501,7.596301810326452,7205.40703313243,45.32,,76.6123937702885,99.0774383544922,64.2222671508789,11.288
EST,2004,10.1768138574393,6.800701107586548,8916.072827460204,53.2,,92.1518394688099,101.44522857666,65.7773971557617,10.248
EST,2005,13.2265759701457,9.523053864620664,10414.638118356492,61.45,,106.676173268145,104.22184753418,67.9843521118164,8.033
EST,2006,18.3238298883345,9.762571312066529,12641.480097647316,63.51,,123.151282965075,104.028030395508,68.7950820922852,5.915
EST,2007,19.7619163052275,7.570918793118821,16745.430801114762,66.19,,125.44512029119,105.091178894043,68.8220596313477,4.592
EST,2008,22.0376733075357,-5.125311543088031,18205.9064113446,70.58,,121.494023517023,105.395011901855,67.8356094360352,5.455
EST,2009,23.5008182668329,-14.630222542790634,14712.44942179163,72.5,,117.684904325724,107.425552368164,67.8494186401367,13.548
EST,2010,26.1281702327091,2.449750206399898,14663.70410187046,74.1,,124.136203591879,110.888679504395,68.7101593017578,16.707
EST,2011,26.2887630917959,7.606974589131624,17555.545523942612,76.5,99.8899993896484,136.065402099509,112.287406921387,71.0235290527344,12.328
EST,2012,26.4254326274595,3.6720187250654135,17568.213796971362,78.3899259259259,,151.196568013694,112.536003112793,72.9364700317383,10.021
EST,2013,27.3877226142123,1.7564937962186915,19310.38749007572,80.0043,,146.247455268495,110.521713256836,75.4523162841797,8.631
EST,2014,28.2253745287009,3.3227898818270205,20581.789899169544,84.2415280294352,,144.360615678625,107.685821533203,76.2024536132812,7.352
EST,2015,29.6882797190881,1.83815262882932,17722.155766952314,88.4097035040431,,144.802963084675,108.18879699707,74.5832824707031,6.412
EST,2016,31.4989029896287,3.093019207519589,18666.3736521706,87.2402327514547,,144.235470787302,111.596199035645,73.0334320068359,6.882
EST,2017,32.5220031500844,5.634672489639911,20851.522349686096,88.1024568740199,,144.556616126155,113.249786376953,72.1369781494141,5.807
EST,2018,33.3725174267095,3.699697561617256,23618.13612545807,89.3570077747426,,145.543490183174,112.759696960449,72.0659637451172,5.412
EST,2019,33.8508104327483,3.7266494346688432,24021.250141330624,90.2289281997919,,147.04692867619,112.287200927734,72.7060317993164,4.514
EST,2020,34.2700326171401,-2.883807514837784,23933.993942106536,89.05828666,,144.832210121466,112.527702331543,72.0443572998047,6.956
EST,2021,37.357189680638,8.25488044580031,27951.165927774426,90.97970174,,148.739589817601,113.01091003418,73.1502075195312,6.178
EST,2022,39.7219150412824,-1.2261696658779613,28340.382654940564,91.52016546,,152.270772859015,112.551849365234,71.4251937866211,5.571
EST,2023,35.2539796781149,-2.7442191457123077,30264.006488505736,93.18342241,,150.195729068839,108.442070007324,67.6179275512695,6.378
ETH,2000,,6.073217481252954,122.26920260606896,0.0152637672082567,,0.026341205254997,14.451319694519,1.17114996910095,3.499
ETH,2001,,8.30130632267965,118.45720425526066,0.0371623810686744,,0.0395753139955781,17.3430194854736,1.47605001926422,3.16
ETH,2002,,1.5147257066743265,109.59381361298792,0.0724022618698295,,0.0703128868323795,19.1939201354981,1.68374001979828,3.054
ETH,2003,7.72016038484214e-05,-2.161359722568648,116.80049113277668,0.105811658802603,,0.0695139494020418,19.5667705535889,2.40167999267578,3.008
ETH,2004,4.6005895642382e-05,13.572603140147136,133.16981253809556,0.155334520794722,35.9000015258789,0.204442313509778,21.47705078125,2.72982001304627,2.776
ETH,2005,7.78384194360236e-05,11.818765949162469,158.24345808246497,0.219659818999505,,0.523980166770728,23.8548793792725,2.94167995452881,2.497
ETH,2006,0.0003234060881381,10.834727067937266,189.34573752141827,0.310592656856176,,1.07393125130028,27.4775695800781,,2.337
ETH,2007,0.0012466424735398,11.45616700198913,237.14625599631884,0.37,39.0,1.45421325867565,30.251350402832,,2.337
ETH,2008,0.0017488144183857,10.78852168703324,316.4104751180748,0.449999988,,2.28482954460171,31.3109302520752,3.53211998939514,2.326
ETH,2009,0.0039746551083362,8.802553199048702,368.5747122674447,0.540000021,,4.60380846952871,31.649019241333,5.09216022491455,2.326
ETH,2010,0.004536191084382,12.550538334763274,330.6194127986438,0.75,,7.57025899497312,33.0478591918945,6.96482992172241,2.295
ETH,2011,0.0068201846978587,11.178296229700765,343.0249423518872,1.100000024,,15.1655003216856,34.4468994140625,7.27566003799438,2.27
ETH,2012,0.0089093004714768,8.647811635139263,452.1010318857536,2.900000095,,21.4239594545095,36.2193489074707,7.62416982650757,2.252
ETH,2013,0.241842767793752,10.582270050255204,484.039833104062,4.599999905,48.3549726348554,26.0536269908585,,,2.251
ETH,2014,0.466085305720848,10.25749296274772,549.9865770825876,7.699999809,,30.1536033852735,,5.9192507771213,2.361
ETH,2015,0.460203316477344,10.392463014130657,597.9121132186633,13.8551755555556,,40.7363012371526,33.9114221981431,,2.442
ETH,2016,0.523809621083991,9.433482659819049,641.6515232862331,15.3669238595896,47.4900016784668,47.9993274246983,,,2.556
ETH,2017,0.0574013129864174,9.56418965754014,696.3484290762159,15.62440014,,36.1094836260863,,,2.665
ETH,2018,,6.816147785572824,739.7020222720861,15.88619995,,,,,2.811
ETH,2019,0.137379985514274,8.364085731113462,793.4732472189955,15.98460007,55.0499992370605,36.2199307720652,,,2.928
ETH,2020,0.178274598062049,6.059530892485768,829.7909825529507,16.06959915,,37.4208472347226,,,3.998
ETH,2021,0.399382380284272,5.641530693241762,893.0098354417842,16.6981031,54.8853699463392,52.8088633217211,,,3.935
ETH,2022,0.45157652011053,5.321759884854544,982.1031615021984,17.9836998,60.4599990844727,56.9642988837987,,,3.386
ETH,2023,0.534823180349513,6.594245990543527,1055.8109159306082,20.33749962,,59.8748744402242,,,3.375
FIN,2000,0.67617144771398,5.753737704988481,24335.922508265896,37.2484617371121,,72.0339932637868,,,11.134
FIN,2001,2.58289801542838,2.6402620569930804,24965.202996775988,43.1053633522263,,80.485935638422,128.174865722656,85.9510498046875,10.29
FIN,2002,5.25906318298117,1.6873264435809858,26989.38926095902,62.43,,86.851880552542,129.487838745117,86.788932800293,10.423
FIN,2003,9.42076039405673,2.011799927383123,32920.08571925683,69.22,,91.0640126377458,132.235412597656,88.286979675293,10.469
FIN,2004,15.3017856418755,4.005379522776508,37768.13342020287,72.39,,95.4066334770936,110.782669067383,90.1379318237305,10.358
FIN,2005,22.3824179644924,2.7773091851801723,39049.87037802232,74.48,,100.455921199859,111.326103210449,91.9409408569336,9.602
FIN,2006,27.1350736112454,4.019573265158954,41214.01877650688,79.66,,107.666807120897,110.277038574219,93.4309921264648,8.935
FIN,2007,30.5745635514142,5.312801766941448,48473.02400914548,80.78,,114.961871609523,109.042900085449,95.0834808349609,6.854
FIN,2008,30.4514435922766,0.7844312357170509,53769.47262403853,83.67,,128.543485621291,108.298301696777,95.8668518066406,6.369
FIN,2009,29.3246343411397,-8.07603116552393,47478.34953109991,82.49,,144.225654334936,107.702293395996,92.0154724121094,8.249
FIN,2010,29.0751116373162,3.1682879121621,46506.291901656616,86.89,,156.432080695834,108.609390258789,93.1867599487305,8.394
FIN,2011,29.8056452931485,2.390394553968278,51060.324258976674,88.70999491353,,165.916854869706,109.248931884766,93.2884292602539,7.781
FIN,2012,30.4323757921866,-1.522840130406891,47551.67408413692,89.879997974222,,172.147209506663,109.962677001953,91.5533828735352,7.689
FIN,2013,31.6268291557372,-0.979741024949618,49691.01452007388,91.5144,,136.259014207069,145.653442382812,91.2365264892578,8.193
FIN,2014,32.1970293411336,-0.4780684247837001,50073.77608158712,86.5303927529377,,139.198825856641,147.413314819336,89.9938812255859,8.663
FIN,2015,31.5690938053918,0.4665037663226741,42560.34567671027,86.4221333325445,,134.974123663686,150.819213867188,89.6573791503906,9.376
FIN,2016,31.152937083259,2.5719341489875376,43451.25624421576,87.7036499599455,,131.382780978293,152.471435546875,89.3280029296875,8.818
FIN,2017,31.0435197469463,3.3033700359103904,46085.0174739036,87.4689290730615,,129.983392624641,153.583709716797,90.6983871459961,8.64
FIN,2018,31.491717515124,1.1929775974229244,49654.24970353289,88.8899599985585,,129.629119305202,153.651428222656,92.3850021362305,7.361
FIN,2019,32.5439773811208,1.3497384574173736,48358.180777370086,89.6073851129779,,129.487723024493,144.613204956055,94.5891189575195,6.695
FIN,2020,33.3838974597133,-2.491036055357071,48828.68468627994,92.17027106,,128.761294644181,143.122909545898,96.4726333618164,7.759
FIN,2021,33.6396818306917,2.67634641498897,53099.13514001479,92.80806082,,129.036333202492,143.361343383789,100.868072509766,7.617
FIN,2022,34.2951599474189,0.7630419127635264,50440.56022497404,92.98879471,,128.023293416281,144.852462768555,104.944221496582,6.719
FIN,2023,35.3318092510781,-1.2897348445339674,52864.693158121634,93.51385075,,127.47302579722,142.861724853516,108.130409240723,7.149
FJI,2000,,-1.699997761682127,1995.7207116326392,1.4968547339902,,6.54731962673726,75.6572799682617,,4.697
FJI,2001,,2.000000271236118,1944.9974146090017,1.8579785936093,,9.52605709066427,74.7156372070312,,4.692
FJI,2002,,3.1999986172275925,2136.567941186826,6.15264970011985,,10.4772571263413,76.0836715698242,,4.772
FJI,2003,,0.9999989950781724,2655.5807958604446,6.72543473821551,,12.6842636265621,77.7666320800781,14.7718696594238,4.74
FJI,2004,,5.300000866135974,3097.1909665175926,7.4129434854202,,16.2620687446676,80.5614318847656,14.5726699829102,4.7
FJI,2005,0.793309904247495,0.6999995929692631,3377.6912695349274,8.45363663371359,,23.2326471958195,,14.4559001922607,3.886
FJI,2006,0.954664659998989,1.852483572373714,3455.105999073486,9.6000384001536,,31.9712702094085,79.7871704101562,,3.957
FJI,2007,1.28086323499274,-0.8506533546566004,3762.7469278929902,10.89780045,,59.0364344331679,79.2860107421875,,4.109
FJI,2008,1.44244126902952,1.032793687776362,3899.9223151212927,13.0,,66.4158361919816,79.2769012451172,,4.187
FJI,2009,1.41418082776424,-1.3860375208558935,3164.132754081691,17.0,,70.5437045806011,79.3391189575195,,4.309
FJI,2010,2.5537691985778,2.9546726884250205,3449.144528833689,20.0,,76.6592085622115,,,4.345
FJI,2011,2.54658051739944,2.705142312280273,4139.602886097022,28.0,,79.6285606945976,83.9304962158203,,4.406
FJI,2012,1.47729086103891,1.4113141522070265,4341.403387487495,33.74240112,,93.8673192570263,82.1471405029297,,4.375
FJI,2013,1.19244569772315,4.734220372981596,4572.443775442445,35.20000076,,101.533690110351,,,4.356
FJI,2014,1.35431594893116,5.603513977669607,5293.356766804642,37.40000153,,95.4871755750148,88.1849686883865,69.4327641990718,4.323
FJI,2015,1.38627313086096,4.501200644713649,5097.531068646955,42.5,,105.157101519958,87.836769819804,68.4167953525995,4.288
FJI,2016,1.34165101842322,2.445652024492489,5363.790266792433,49.41999817,,113.655748798367,89.18202295018,77.5601234063116,4.319
FJI,2017,1.32080338804844,5.353364349795768,5826.848144593282,53.6473999,,112.533863613853,,82.343551650893,4.418
FJI,2018,2.08214309077826,3.812350939512001,6085.419794853761,58.2364006,,110.665300159184,92.0806759919252,79.1464225438552,4.523
FJI,2019,2.34495829594305,-0.5819465903497587,5842.073445775965,63.21789932,,112.580732955222,91.8760588497548,77.5562006170027,4.661
FJI,2020,2.52053908190823,-17.183535259935383,4620.645723801395,68.62560272,,108.365037711907,91.541633605957,83.7613654490349,5.054
FJI,2021,2.51573287546457,-4.345961998975199,4536.733121103354,70.56800079,,108.158405429846,93.95505855048,76.7030156165859,5.225
FJI,2022,2.53376577893503,17.745126977359433,5414.120921190881,72.56549835,,111.749120643187,95.3068339697491,68.7794855157684,5.403
FJI,2023,1.82947481185312,9.442458567383127,5926.205863947629,74.1160965,,361.048644963723,98.540177642079,60.9679066767014,5.316
FRA,2000,0.33051229801258,4.140999964029149,22340.593951621708,14.3079239430677,,48.8408617773499,,,10.218
FRA,2001,1.00408766341339,1.8994670118663637,22331.79483430362,26.3259035521688,,61.7599882267174,104.571113586426,50.4472885131836,8.61
FRA,2002,2.74337062416638,1.0677502706941908,24144.572701952864,30.18,,63.9599870360405,103.186340332031,50.2516899108887,8.702
FRA,2003,5.87638266699238,0.9678271825583522,29479.522210117502,36.14,,68.6552962485417,102.772102355957,52.3169784545898,8.306
FRA,2004,10.7249832599777,2.8682505250103247,33644.92822203642,39.15,,72.8137640376017,102.220016479492,53.4576301574707,8.914
FRA,2005,15.368754696955,1.888565841092856,34696.37183169715,42.87,,78.0332251997857,106.781677246094,53.8823318481445,8.882
FRA,2006,20.4851461497772,2.7140644875523634,36431.565890655525,46.87,,83.2588797411526,106.927520751953,53.8754196166992,8.832
FRA,2007,25.227270073495,2.53048188351066,41486.19078287867,66.09,,88.6688088543201,106.69352722168,52.9475402832031,8.008
FRA,2008,28.4006786217117,0.380171435849121,45464.8181385158,70.68,,92.3412305697068,106.432838439941,52.4755210876465,7.386
FRA,2009,31.457950669807,-2.8245515371478263,41728.08841641321,71.58,,91.7782383081746,106.239227294922,52.7731018066406,9.122
FRA,2010,33.64535986777,2.0003247603905123,40694.82116970245,77.28,,91.1185789923179,106.424942016602,54.881721496582,9.279
FRA,2011,35.6937891818337,2.43757653729007,43929.784087381166,77.8199989926706,,93.8529031474159,106.610641479492,55.6257286071777,9.228
FRA,2012,37.4345529509644,0.1838352649730126,40863.581441233335,81.44,,97.1924631662654,105.813583374023,57.9090118408203,9.841
FRA,2013,38.7340855946258,0.7817564462310003,42669.17951118927,81.9198,,98.347924466483,104.376602172852,59.8487586975098,9.913
FRA,2014,40.142215573606,0.997832947295251,43148.0459288416,83.7510996681821,,101.132290573498,103.425827026367,61.5104789733887,10.273
FRA,2015,41.387117104083,1.0667547478346222,36702.432373337935,78.0060377071902,,102.718366606519,103.396041870117,62.7859306335449,10.354
FRA,2016,42.5277884451476,0.8600310754240326,37024.21571336689,79.2698113207547,,103.816661597799,103.308097839355,64.7276763916016,10.057
FRA,2017,43.6242593525939,2.0836148599739914,38687.16264071637,80.5024597243607,,105.718368398783,103.756080627441,65.8022308349609,9.409
FRA,2018,44.4142292018123,1.6459087239588683,41418.17664848442,82.0431867788484,,107.482434668386,103.773330688477,67.5435180664062,9.018
FRA,2019,45.2765022757908,2.0274464641923657,40408.28485747505,83.3397440866883,,109.600780374596,104.07689666748,67.7331314086914,8.415
FRA,2020,46.471240838575,-7.4406458994823055,39169.86060007072,84.70639801,,110.387215275645,104.566566467285,68.8709411621094,8.009
FRA,2021,47.6442336298287,6.882337833602392,43725.0999521245,86.09548575,,113.952719366702,104.522842407227,69.9397888183594,7.871
FRA,2022,48.250226559098,2.716762641859134,40988.63964065794,85.33331734,,115.950519429629,104.316436767578,71.5107269287109,7.303
FRA,2023,48.6688340139444,1.4392149443774258,44700.138417754366,86.83635789,,116.687800394775,103.962417602539,70.4536437988281,7.335
FRO,2000,,,23322.75933575153,32.916392363397,,37.1657578345707,,,
FRO,2001,0.116782006920415,,24879.772961786373,43.2469835228993,,52.9563148788927,,,
FRO,2002,0.243449292075085,,26937.65056028466,53.2992218313613,,74.1815619194055,,,
FRO,2003,0.830820487948886,,31269.603199721714,58.9126409695337,,80.1847204942749,,,
FRO,2004,6.52685507216194,,35647.54404005308,66.5335994677312,,86.007039173626,,,
FRO,2005,12.1337441326689,,36389.081644098005,67.9026317413939,,86.9130084158723,,,
FRO,2006,27.1082844635335,,41743.681284766055,69.359445124439,,103.17378376146,,,
FRO,2007,29.8366134422577,,48348.73937110107,75.98,,107.622643066386,,,
FRO,2008,30.6775537135552,,51287.891108166266,75.57,,113.118066724401,,,
FRO,2009,32.7538204541236,-4.553298241034781,47060.15925508332,75.18,,117.537998308895,,,
FRO,2010,33.5879922771907,-0.3798179912186157,47924.136475667845,75.2,,123.41132263489,,,
FRO,2011,33.4981432803438,3.5663631788443126,51620.05416485507,80.7321728,,121.990653815663,,,
FRO,2012,33.943981202304,7.081483444878842,50263.002462586745,85.3351892392109,,122.106007361045,,,
FRO,2013,34.5906087532882,5.856143897357626,55759.36409836202,90.0,,119.61929617432,,,
FRO,2014,35.8073829655599,5.4321420684100445,60173.30578546615,93.3,,120.19385440297,,,
FRO,2015,36.3889229762343,0.9580019344862336,52638.26682184536,94.2,,108.833394690555,,,
FRO,2016,36.2922278537245,1.3864479593829344,56876.43023638042,95.1086816720257,,110.023625386184,,,
FRO,2017,35.9074896005414,3.512013674884429,59388.53659657757,97.5819589384468,,112.690325020401,,,
FRO,2018,35.6252694282243,2.76370952267429,62525.2647698273,,,111.282674295568,,,
FRO,2019,35.0680915088152,4.538510286761891,63070.72280803611,,,106.012499517766,,,
FRO,2020,35.0714054804419,-1.6373211801702752,62247.92739070984,,,112.600072261205,,,
FRO,2021,34.6022514071295,5.066362916006327,69421.69816865149,,,111.093808630394,,,
FRO,2022,34.5873988631945,3.860999816691546,67069.3987440509,,,105.80437318324,,,
FRO,2023,,3.1587387232926574,72486.69109579573,,,,,,
FSM,2000,,4.624545464716874,2049.344900217772,3.73486213690137,,0.0,,13.3582201004028,
FSM,2001,,1.8201635157118543,2103.7484981978373,4.66052719883673,,0.0,,,
FSM,2002,,0.4432199530481,2113.4595546385885,5.57009970478472,,0.0889299943084804,,,
FSM,2003,0.005343545442401,1.7627562992030334,2145.8778999866413,9.23250210039423,,5.22687803357528,,,
FSM,2004,0.0232298414116596,-3.190378310261025,2104.427965155238,11.0178673081514,,11.4201474201474,85.3729476928711,,
FSM,2005,0.0412881915772089,2.743462734903602,2216.996373819696,11.88140011,,12.650342871504,87.2520217895508,,
FSM,2006,0.0857950491741098,-0.413223140495873,2257.764451950257,12.75030041,,16.8122172150024,,,
FSM,2007,0.105569712413542,-1.6597510373444069,2302.51183108846,13.62110043,,24.9690571532581,,,
FSM,2008,,-2.5316455696202524,2395.902181097158,14.49,,25.2441800690314,,,
FSM,2009,,1.298701298701289,2565.83639782506,15.35,,25.4731050325593,,,
FSM,2010,0.92802678073275,1.709401709401703,2715.26873721406,20.0,,25.588618188581,,,
FSM,2011,,3.7815126050420247,2859.848836561496,22.79999924,,25.6272168471095,,,
FSM,2012,,-1.6194331983805768,3003.0586708684773,25.97439957,,28.9303920659931,,,
FSM,2013,1.90804746533976,-3.7037037037037095,2904.153679673699,27.79999924,,29.0350625687887,,,
FSM,2014,2.8525037824274,-2.564102564102569,2915.236724602384,29.64999962,,,,,
FSM,2015,3.0142757275838,4.3859649122806985,2869.862761691012,31.50110054,,20.7007248243129,,,
FSM,2016,2.90534036213614,1.260504201680675,2997.93719917488,33.35219955,,21.4641301856521,,,
FSM,2017,3.44900028315415,2.0746887966804906,3297.375800367187,35.30410004,,21.1123391273372,,,
FSM,2018,,0.4065040650406644,3584.7837756689623,36.61460114,,,,,
FSM,2019,4.533831450282,3.643724696356273,3581.7268457227838,37.97370148,,20.8556246712972,,,
FSM,2020,5.40949908038516,-2.0570312499999943,3362.028021205236,39.38330078,,19.8348299614122,,,
FSM,2021,5.37518813158461,3.099699282905391,3508.223141976636,,,19.7090231491436,,,
FSM,2022,5.81818506163369,-3.114125010638034,3703.6668034322206,39.0279007,,19.9885830493962,,,
FSM,2023,,1.1309780009087262,3933.016070318743,39.39889908,,,,,
GAB,2000,,-1.882966397608968,3982.906200927996,1.21614061828589,,9.40754422329747,,,17.848
GAB,2001,,2.1352334219742346,3835.757182797274,1.34762022159633,,11.4539752548319,48.6175193786621,7.45746994018555,17.827
GAB,2002,,-0.2490331685434341,3966.4800186466255,1.93953010616212,,20.7628974043498,49.4348793029785,,17.376
GAB,2003,0.012297898506167,2.247330011504502,4710.74862768151,2.65958659385985,,21.7021738344124,,7.65526008605957,17.126
GAB,2004,0.0457228394023955,0.6895430584648494,5465.791935907084,2.97906980035019,,34.4234596151262,,,17.108
GAB,2005,0.104544258777789,2.6762033331092567,6547.876139551863,4.89326474972412,,50.3377189536008,,,16.91
GAB,2006,0.116883693763396,-2.806578355690519,6847.009856853938,5.48920080280135,,59.534904998021,,,17.805
GAB,2007,0.127422751161937,6.008108024876677,8003.542896960487,5.767000198,,75.1170933476071,,,18.257
GAB,2008,0.136886151165866,-3.308430648787507,9688.645196906333,7.5,,80.887271143466,,,19.212
GAB,2009,0.222502280994441,0.130331119816617,7290.575260931136,9.5,,87.2675973605464,,,19.76
GAB,2010,0.237342278148637,7.089887314551262,8356.746620133452,13.0,,93.6112366044355,,,20.39
GAB,2011,0.252527378176584,7.091753342586543,10219.11393394536,18.0,,133.010491109633,,,19.895
GAB,2012,0.270725528171969,5.251076917504065,9296.965879410882,24.0,,138.488452744047,,,19.661
GAB,2013,0.465223498072982,5.638699003386961,9197.701063239469,30.53800011,,143.499442515887,,,19.736
GAB,2014,0.545895949199327,4.314964441074693,9201.362766481054,38.07120132,,148.237590091786,,,19.873
GAB,2015,0.542972059134077,3.878899395078904,7047.126546343554,45.78450012,,138.244498133013,,,19.943
GAB,2016,0.715038665794413,2.091442208295618,6677.070039016437,48.0522995,,141.050208874326,,,20.117
GAB,2017,0.683712735870926,0.4726420309111461,6921.73373135624,51.60490036,,123.475497241411,,,20.307
GAB,2018,0.953117951397584,0.8379165808215703,7624.277523377101,55.42020035,,132.465314660912,,,20.459
GAB,2019,1.07496298020996,3.920808794528313,7441.178647228097,59.51760101,,131.975264871196,70.2639966402203,,20.371
GAB,2020,1.9206136043356,-1.8377610635094044,6605.803460779041,63.91790009,,131.301562643297,,,21.279
GAB,2021,2.65142494578668,1.467957315080909,8181.409141343981,65.76809692,88.8600006103516,132.30865873249,,,21.223
GAB,2022,3.3054859267542,3.0376144952569177,8409.207414522787,67.67169952,,123.233187164275,,,20.319
GAB,2023,3.97293291301595,2.4389366504103123,7802.824332761382,68.19789886,,122.606627765979,,,20.161
GBR,2000,0.0895570335391683,4.524380748109039,28383.87610949964,26.8217543508578,,73.5759542700689,101.204360961914,57.365119934082,5.558
GBR,2001,0.558223413842477,2.39102229602824,28013.872963550777,33.4810948744147,,78.064582616846,101.229797363281,57.4873008728027,4.696
GBR,2002,2.2782391955575,1.7090273625856724,30158.70178078579,56.48,,82.6794913595582,102.614517211914,61.1282196044922,5.037
GBR,2003,5.20508574125693,3.2185161266961444,34556.77260959051,64.82,,90.698548663637,102.157028198242,61.4559707641602,4.807
GBR,2004,10.1776805029659,2.3260185332599264,40504.41181039285,65.61,,99.198849485824,104.942939758301,59.4526710510254,4.594
GBR,2005,16.3354600265746,2.790654717468797,42240.24629875466,70.0,,108.045990346443,105.705047607422,59.2745018005371,4.884
GBR,2006,21.3149333572958,2.189821324157037,44695.16102342396,68.82,,114.785700646085,98.4682769775391,59.1907196044922,5.472
GBR,2007,25.3608241894096,2.930911335823509,50629.07991728872,75.09,,119.988923530842,97.7785186767578,58.8450889587402,5.399
GBR,2008,27.9071011080185,-0.0494116727402769,47652.403069188105,78.39,,120.819267888243,98.8158798217773,57.4309883117676,5.748
GBR,2009,28.6007077119006,-4.587408192263226,39009.37155478211,83.56,,122.357496035675,100.634750366211,59.101131439209,7.683
GBR,2010,30.3960911450969,2.2605446093158577,39778.32205285648,85.0,,121.780844361683,103.461151123047,59.8467292785645,7.973
GBR,2011,32.4187258603211,0.8514377390203265,42295.927383532166,85.3799985496322,,121.49766447536,94.1645202636719,59.3426704406738,8.195
GBR,2012,33.9047903389849,1.52826034721852,42688.3263728372,87.4799984242111,,122.465231814068,92.5272903442383,59.1535682678223,8.279
GBR,2013,35.7819878642114,1.7184696130846362,43607.66368273705,89.8441,,122.184696024755,126.064338684082,56.7794799804688,7.752
GBR,2014,36.5828488416012,3.1601735146815173,47746.98106455209,91.6133009176453,,120.958261038047,128.822494506836,56.5240287780762,6.398
GBR,2015,37.7214944577347,2.1404056003337075,45256.04022705699,92.0002998740234,,121.211739725133,126.110870361328,56.4461288452148,5.552
GBR,2016,38.6588569366885,2.2065202063535736,41258.5374285695,94.7758006318882,,119.786558760596,,58.083869934082,4.909
GBR,2017,39.2489467665261,3.0232221984033885,40918.05208709441,90.4245504868553,,119.206737402819,125.62979888916,59.6282081604004,4.501
GBR,2018,39.8293995840604,1.5513309507878574,43704.31622966872,90.692008988783,,118.184381927412,120.088279724121,61.1377716064453,4.145
GBR,2019,40.022769455921,1.2562989976082406,43160.684397179866,92.5166285497138,,120.250108782533,117.156600952148,65.5119934082031,3.657
GBR,2020,40.5775246507294,-10.047896637361958,40815.125536478736,94.81820132,,117.304850715261,114.617248535156,69.4076614379883,4.472
GBR,2021,41.1134869970784,8.543111845325498,47695.64915234745,96.19650269,,117.887430294308,113.719017028809,76.7543563842773,4.864
GBR,2022,41.2867157729584,5.1497038852299255,47034.77956214759,95.46530151,,119.833999505569,113.202857971191,79.7695083618164,3.768
GBR,2023,41.4367685540411,0.2716500483552551,49919.689662158606,95.44719696,,122.781542240418,112.120048522949,80.4146499633789,4.025
GEO,2000,,1.8403811792733933,749.9085349939613,0.484746298540492,,4.49918883789188,83.4423599243164,40.6597099304199,10.82
GEO,2001,0.0102146598898337,4.8072986724369855,801.9838370792896,0.992344436138154,,7.15802981540447,86.5363998413086,41.7714691162109,11.16
GEO,2002,0.0222876531731077,5.474024887004077,853.5261718689393,1.58787562980332,99.6500015258789,12.2005278297688,89.9919891357422,44.0944595336914,12.59
GEO,2003,0.0345124432043898,11.057031002010362,1010.0315163086844,2.55881648068489,,17.4085658904957,94.034912109375,45.2726097106934,11.51
GEO,2004,0.0468433383718686,5.792682926829258,1305.0474855720777,3.88622135350273,,20.7255885187471,90.6913909912109,44.4988403320312,12.62
GEO,2005,0.0593622015776437,9.591138328530263,1642.7835941479732,6.079500198,,29.1671582469622,95.7935409545898,49.7896995544434,13.81
GEO,2006,0.675575759440984,9.421480811899087,1996.02013272284,7.52687684487832,,42.6335344297177,98.6351013183594,42.33203125,13.57
GEO,2007,1.17791908942204,12.575569824640452,2635.3665027611623,8.26,,65.5237562348932,107.933776855469,41.5539588928223,13.28
GEO,2008,2.84510154914943,2.4216144096064056,3324.753720501501,10.01000023,,69.9048638801176,110.87841796875,38.640739440918,17.87
GEO,2009,3.82756464054958,-3.6507522959682177,2822.689396687966,20.06999969,,72.3920059015943,106.653327941895,28.6668605804443,20.71
GEO,2010,4.68263634438548,6.246408653033626,3281.7293093734293,26.9,,102.112900017326,,32.7360912804725,20.203
GEO,2011,6.42340988915208,7.934336525307799,4119.668183071927,31.52000046,,114.516931163867,,35.9205541584628,19.632
GEO,2012,12.0611334421058,6.578831019541951,4530.695334094308,36.93999863,,122.384147980521,,33.6164699594408,19.653
GEO,2013,13.5708594493486,5.132885312093819,4712.002293826649,43.3,,131.083096511666,107.038832287684,40.5870663959566,19.416
GEO,2014,15.8407410024372,4.090490595817428,4830.334861702489,49.1024547144647,99.5899963378906,142.390867606876,105.757088910744,46.3290537874173,17.439
GEO,2015,16.7646515047976,3.3510235026535327,4086.6223465965,47.5697596438736,,146.396495596946,106.764155546761,51.9050659422441,16.506
GEO,2016,17.9595929069632,3.4502151799687084,4143.401256863152,58.4592896118725,,145.88058671059,107.779901789534,58.1988080034057,16.604
GEO,2017,20.4644306577176,5.159902616588269,4418.752065466785,59.7055045962571,99.3600006103516,145.072490171662,109.523203664239,63.535040959252,13.939
GEO,2018,22.5911406351247,6.062036412677003,4804.054604044404,62.7179081974285,99.6500015258789,143.858127681082,111.616827005361,66.747813990461,12.667
GEO,2019,24.6806060596483,5.380719265899515,4741.283271587601,68.8467135616978,99.8757151699707,141.755414275788,111.900853903077,69.6463934713126,11.565
GEO,2020,25.5120429077493,-6.2904717853839,4300.85701291207,72.53157487,99.8930662080586,134.366007864735,108.06699476725,71.8064531290391,11.734
GEO,2021,26.6463786914494,10.644233658096924,5083.606954845773,76.4427093,99.9180842054209,146.566472682371,106.201856681079,77.2303110681266,11.785
GEO,2022,28.3337075311796,10.95853213856239,6729.846599302833,78.71127536,99.5699996948242,154.013561773213,103.710205488304,79.3253367493498,11.621
GEO,2023,29.3086367614167,7.832201265557259,8283.669606522612,81.88425624,99.5599975585938,155.249965068869,103.183588288651,78.2652247393707,11.549
GHA,2000,,3.7000000816440775,253.74693620334375,0.153615297625799,57.9000015258789,0.662241808064506,32.5775909423828,,10.456
GHA,2001,,4.0000001280791935,263.5421564948529,0.200008060324831,,1.20888662601392,30.9433898925781,,9.615
GHA,2002,,4.499999559003314,297.4616446877405,0.830284033818738,,1.86582932404951,32.267578125,,8.711
GHA,2003,,5.200000133101,358.39927142072963,1.19305791098328,,3.73545578999193,33.6547889709473,,7.728
GHA,2004,0.0041155466237015,5.5999999907744495,406.1321053295653,1.71679770389504,,7.75094614130464,36.1445503234863,,6.758
GHA,2005,0.0084812813576892,5.900003818551042,478.6119091910279,1.83119746104616,,12.8045967119533,38.1276893615723,5.35099983215332,5.816
GHA,2006,0.055332515476308,6.399912606180337,906.4410275648868,2.72317597313987,,22.6001881366288,39.8474884033203,4.7728099822998,4.897
GHA,2007,0.068508623893661,4.346819104400794,1050.124615249259,3.85,,32.1629441899404,43.759521484375,5.92381000518799,5.104
GHA,2008,0.0947630976167947,9.14979893831817,1182.6576125601646,4.27,,47.7132196500561,46.0595817565918,7.91365003585815,5.144
GHA,2009,0.114231524023331,4.844487051750761,1047.704300935863,5.44,,60.7694975888344,47.9277191162109,8.29780006408691,5.362
GHA,2010,0.204455388509399,7.899711940516212,1263.8925176053897,7.8,71.5,68.4473107845556,,,5.384
GHA,2011,0.249660012642992,14.047123580314905,1507.435731987529,9.0,,81.1104488323626,55.6069297790527,11.2824466895305,4.213
GHA,2012,0.254848945181518,9.2927894063005,1543.7752423576376,10.6,,95.8261770997433,56.7326017795109,11.4938894891938,3.126
GHA,2013,0.251203224924326,7.31252501678145,2294.795846937434,15.0,,102.337999297675,68.1991424560547,13.4205396326832,2.173
GHA,2014,0.250235435990938,2.8562401633088257,1949.908329238455,19.0,,108.270496910446,63.974569978053,15.0809451652103,4.403
GHA,2015,0.254850246382187,2.120759338173343,1722.7728283360616,23.0,60.1981035367761,121.997156544235,67.0486566518056,15.5618871637579,6.806
GHA,2016,0.294978237026438,3.3734657496693643,1912.479913399506,28.0,,130.481366086196,67.2644101341977,15.606270735823,5.256
GHA,2017,0.189313949042323,8.128894881009558,2012.2866264126544,37.88420105,64.4899978637695,122.471765695646,66.6359450193038,16.2065694246062,3.369
GHA,2018,0.199976597372149,6.200077681272845,2195.321660163773,43.0,,133.609992432498,68.2222557975165,15.9045597520982,3.204
GHA,2019,0.187204014722826,6.507774793915203,2186.6582268261286,22.0732,,130.70523333401,71.1877006008423,17.3607250095097,3.067
GHA,2020,0.245771040587956,0.5139416706281708,2195.454816599868,62.51760101,,126.887391353856,74.0102186341371,18.6139938594155,3.178
GHA,2021,0.352237707175248,5.076466435335419,2445.18662529344,68.6,76.4899978637695,124.402625384529,76.2084742091088,19.2005186528071,3.2
GHA,2022,0.62494509663475,3.804849781780419,2229.891226544792,69.91329956,,120.803416027053,77.8168696801948,20.44559258931,2.87
GHA,2023,0.555476730525596,3.14009100080186,2383.904104762212,70.67430115,,98.8059221412722,,22.0958254757285,2.829
GIB,2000,,,,19.1316381248919,,20.0584647587426,106.05623626709,,
GIB,2001,,,,21.171109436031,,35.4232201612612,111.270637512207,,
GIB,2002,,,,23.670239745714,,43.7174373899608,,,
GIB,2003,,,,28.3257797920554,,56.2354106246021,,,
GIB,2004,,,,32.8860826098395,,64.0501480062685,,,
GIB,2005,,,,39.0701308849385,,68.5800500634365,,,
GIB,2006,,,,45.29864751181,,74.3393931202271,,,
GIB,2007,,,,51.61,,79.9840031993601,,,
GIB,2008,,,,58.0,,85.4897576694177,111.749000549316,,
GIB,2009,30.162540959673,,,65.07,,92.7878532264867,109.73509979248,,
GIB,2010,33.3877368151562,,,65.0,,96.0061443932412,,,
GIB,2011,35.641187618446,,,65.0,,102.653190145294,,,
GIB,2012,37.4004808142621,,,65.017,,108.495426020169,,,
GIB,2014,39.6184439094261,,,,,115.807759119861,,,
GIB,2015,46.9285692766547,,,,,124.848612659296,,,
GIB,2016,48.7372987105592,,,94.4444715818151,,122.217600570444,132.325141776938,,
GIB,2017,50.7314936487078,,,,,119.827712074755,132.455089820359,,
GIB,2018,54.4528605038159,,,,,117.762667125724,,,
GIB,2019,54.9304107736519,,,,,114.208035160872,100.98314666748,,
GIB,2020,58.0792303651895,,,,,97.9680977524673,100.500228881836,,
GIB,2021,59.8567475174996,,,,,92.6501709262575,101.476509094238,,
GIB,2022,60.9747666781887,,,,,97.6042968438406,72.4222793579102,,
GIB,2023,,,,,,,74.349556167738,,
GIN,2000,,2.503060562996069,518.1570669240263,0.0954249236063846,,0.499618452473605,,,4.586
GIN,2001,,3.658346469295864,483.0851202147411,0.175541868491054,,0.6518765895859,18.4985904693604,,4.584
GIN,2002,,5.164609466966311,495.9160735592694,0.402022748744397,,1.04647578194586,21.2247695922852,,4.549
GIN,2003,,1.2486012592369775,566.4854058806803,0.450960370842751,29.7000007629394,1.2569355505451,22.6574001312256,,4.628
GIN,2004,,2.340117312887372,584.8977405380814,0.508819332302937,,1.70919875542966,24.6455307006836,2.29848003387451,4.709
GIN,2005,,2.997272562758184,463.1776868509797,0.542299986,,2.04416167956111,29.0273208618164,3.08171010017395,4.814
GIN,2006,,1.18960211693242,446.9805541350129,0.637499988,,,32.2970886230469,5.37415981292725,4.863
GIN,2007,,6.817471110702812,650.1485753047425,0.780025279059244,,20.6990461155083,,8.27204990386963,4.787
GIN,2008,,4.133016159658325,703.5328257843689,0.92,,27.7809487345525,33.2380905151367,9.32559967041016,4.803
GIN,2009,,-1.1226420484868669,662.1859146655747,0.94,,34.3962962020929,,9.34879016876221,4.914
GIN,2010,0.0048095023454019,4.8133601696755335,659.2353262113152,1.0,25.3099994659424,38.4760187632153,,10.5439796447754,5.018
GIN,2011,0.0056302026591447,5.612111774309753,636.6949587476483,2.0,,45.6101779050204,36.7464790344238,10.6184597015381,5.024
GIN,2012,0.0064093284662724,5.915286261333222,699.3533772121965,3.099999905,,51.1345381222737,36.8766899108887,10.0085697174072,4.874
GIN,2013,0.0071480439422427,3.945687086240525,748.4550208247343,4.5,,66.4452768540172,,10.4364004135132,4.944
GIN,2014,0.007844556453089,3.6965531166408567,765.1469993892789,6.400000095,32.0,75.686895511554,38.5548782348633,10.8547201156616,5.044
GIN,2015,0.0084982922681687,3.825910569494354,747.3569667594476,9.199999809,,91.475617974568,,,5.15
GIN,2016,0.0091112173166139,10.82062719659001,711.9965097823158,13.10000038,,92.0232948978011,,,4.997
GIN,2017,0.0090992332341783,10.300005342735515,833.598621691121,18.70000076,,94.4640894763856,,,4.86
GIN,2018,0.0095475921098635,6.3584919273671545,933.273615633705,21.8300230430563,39.6199989318848,94.5550074326391,,,4.835
GIN,2019,0.0095900477093365,5.616914468898756,1031.341464807319,23.89049911,,98.7621473298315,,,5.018
GIN,2020,0.0074787698291168,4.70459096113575,1053.660976964146,26.14550018,,107.776552007403,,,6.007
GIN,2021,0.0072936731105539,5.582332811490502,1244.9655047791368,28.61330032,,110.185519681138,,,5.815
GIN,2022,0.0062752856838037,3.972407842007215,1416.5961201176417,31.31399918,,95.3174629318803,,,5.174
GIN,2023,,5.541726686277016,1555.4937580686064,32.31560135,,97.8794996455513,,,5.141
GMB,2000,,5.500000216329553,538.0540723488539,0.921794919066406,36.8199996948242,0.384857506508215,,,9.722
GMB,2001,,5.800000243233768,459.8030683813988,1.33679116648397,,3.68458827393243,,,9.64
GMB,2002,,-3.2500001497020605,376.5310269625844,1.79677988296495,,6.51172664292491,,,10.039
GMB,2003,,6.869999621738415,308.7191234375875,2.436781193062,,9.46367640692161,,,9.991
GMB,2004,0.0022204239529467,7.0500000006463495,593.2853463265806,3.30800347812937,,10.7937275490467,,1.07393002510071,9.948
GMB,2005,0.0042590536382815,-2.351729361760192,616.4836578653483,3.799000025,,14.8453813562626,,,9.92
GMB,2006,,-0.555580977246521,614.5443079044642,5.23769115841218,,23.573187972774,,,10.241
GMB,2007,0.0152341126327605,3.043249508297393,724.7264072424318,6.20503741852418,,45.3269217918035,,,10.425
GMB,2008,0.0165029936430468,6.255905533942865,859.1276714112262,6.880000114,,64.1491166497603,45.2912902832031,,10.065
GMB,2009,0.0160305906417687,6.6657243078366974,774.8880309080911,7.630000114,,70.153818860738,46.214469909668,,9.778
GMB,2010,0.0181664356934128,5.908335809682882,801.0333727145356,9.2,,76.7322734515709,45.5351409912109,1.79782111896994,9.673
GMB,2011,0.0220286079532852,-8.130444223156587,710.6084114681515,10.87030029,,70.6308247268856,,2.79681586845883,10.276
GMB,2012,0.0244726870129323,5.241569246307407,692.579361628102,12.44919968,,74.6999893299085,,1.18089454395552,10.346
GMB,2013,0.0208192716106891,2.872768790327001,653.8627132727431,14.0,,87.8808072933996,,,9.454
GMB,2014,0.126725087409357,-1.4073824951095446,568.0045355886399,15.56000042,,105.505264889158,,,8.191
GMB,2015,0.160618270204614,4.058073803999605,619.5363642964605,17.59950066,50.7799987792969,122.078516396055,,,7.226
GMB,2016,0.164202246374305,1.943359654787756,650.0565013236113,19.90640068,,124.273821038818,,,6.244
GMB,2017,0.17078041097452,4.822611249275695,642.5226412963307,22.5156002,,126.633674737607,,,5.097
GMB,2018,0.184736659621142,7.234890332585792,696.2198069606148,28.30900002,53.1599998474121,132.57837035012,,,4.055
GMB,2019,0.203513124968455,6.222053159948587,738.1867519874828,31.11829948,,105.204644657943,,,4.481
GMB,2020,0.198749231337348,0.5914872878739743,720.3351433521331,36.01100159,,106.448259811355,,,5.84
GMB,2021,0.194098625393535,5.255968788167436,781.8909251695309,41.67309952,51.6399993896484,108.847403542688,107.027125590442,,6.213
GMB,2022,0.215818879031432,5.492998230101136,836.2448758684757,48.22539902,,106.782250509204,,,6.067
GMB,2023,0.502141524068284,5.916795765511409,883.024111978927,48.72829819,,117.115660832998,,,6.479
GNB,2000,,1.1002781577742269,316.94549503763886,0.230103170591588,41.3600006103516,0.0,17.9289207458496,,3.358
GNB,2001,,4.785971650048197,327.1384319723973,0.299569144677667,,0.0,,,2.958
GNB,2002,,3.653936036427126,362.0345745703541,1.02299323436117,,0.0,,,3.146
GNB,2003,,-0.2859310522865144,419.7848661180698,1.35419747762901,,0.0966783590611508,,,3.169
GNB,2004,,1.1718915227703803,431.3765576696339,1.80814220342991,,2.92324256074003,,,3.226
GNB,2005,,6.559771118460773,463.0739626504516,1.90139997,,7.15301628202391,32.1273002624512,2.26420998573303,3.184
GNB,2006,,2.666504932695716,448.5130754697008,2.057199955,,11.1163475241697,34.3966407775879,2.62031006813049,3.143
GNB,2007,,2.559826470787513,519.0697897947414,2.20630002,,20.4152900165818,,,3.125
GNB,2008,,4.524575146102521,640.2103311017534,2.35488871087933,,33.6114146395225,,,3.157
GNB,2009,,2.4479510609868527,583.1900201390936,2.30328059172582,,36.7107863915664,,,3.163
GNB,2010,0.0510742511078324,5.605363113582612,600.1942985407677,2.450000048,,43.2448876270711,,,3.121
GNB,2011,0.0621861155816019,8.085041671735539,719.5395734989372,2.671999931,,45.5596626030113,,,3.072
GNB,2012,0.0728465311910922,-1.7128695844641868,635.4616533038806,2.894000053,,63.5328932668127,,,3.135
GNB,2013,0.0856145705149787,3.256071908520866,654.304534409417,3.099999905,,55.420045012509,,,3.173
GNB,2014,0.0801207497234542,0.9645257458414278,652.0225010294494,3.319999933,,63.654183911294,,,3.285
GNB,2015,0.0588315307897139,6.134089362312295,645.0668372070388,6.099999905,,69.3267736083208,,,3.168
GNB,2016,0.0483652702423122,5.432678265030404,679.6653866268176,13.80000019,,70.1915996185367,,,3.139
GNB,2017,0.0454431156609869,4.663679439132636,783.123186602022,14.80000019,,76.4393694008541,,,3.089
GNB,2018,0.062637605037645,3.761453596370032,808.531613218504,15.69999981,,77.0219356476645,,,3.127
GNB,2019,0.0623571933875965,5.327495711193436,811.2100040500414,17.92149925,54.8800010681152,80.8245277725828,,,2.413
GNB,2020,0.118365532433795,2.891499798069134,846.9181349676135,20.45730019,,95.0628708236165,,,2.887
GNB,2021,0.160430067207715,5.017309600390703,926.54619187706,23.3519001,,108.62961248586,,,3.016
GNB,2022,0.219184822436547,5.457760900195012,881.6026541622313,27.67379951,63.9300003051758,125.934670099533,,,2.666
GNB,2023,0.310448099439986,4.630523646015618,964.4318326653954,28.71240044,,128.110529740092,,,2.632
GNQ,2000,,18.21377995696743,1487.3165506700975,0.132354665123789,88.3099975585938,0.710955396080361,21.7535190582275,1.84452998638153,7.444
GNQ,2001,,63.37987542506022,1948.6114590784368,0.16526042288306,,2.00043742898447,18.6993808746338,,7.551
GNQ,2002,,19.4628340359251,2264.210655803648,0.321197997152044,,4.01024115334536,18.1188793182373,,7.646
GNQ,2003,,13.95525031638249,2930.6018374373293,0.520524272046806,,4.89466446190536,,,7.701
GNQ,2004,,37.9987268556423,4901.301274081193,0.843930284607049,,6.87841212022887,,,7.658
GNQ,2005,0.0190000285000428,16.748700605354088,8673.902608653498,1.149799943,,10.2283486758563,17.7594795227051,,7.667
GNQ,2006,0.0181755210063584,7.704917606587671,10184.884124854148,1.279199958,,12.1170140042389,,,7.612
GNQ,2007,0.0173737794919907,15.282113919485724,12616.95329420112,1.557100058,,14.4781495766589,,,7.592
GNQ,2008,0.0165970512572266,17.799109133381137,18210.55529705989,1.820000052,,16.5970512572266,,,7.571
GNQ,2009,0.015849632772814,1.3433562880609458,13232.501937810184,2.130000114,,17.6107030809045,,,7.702
GNQ,2010,0.0997405568146936,-8.924175888518064,13720.165872322244,6.0,,33.579601121871,,,7.847
GNQ,2011,0.108387990352986,6.523923629898732,17198.213666827498,11.5,,38.5606783509887,,,7.837
GNQ,2012,0.114419748848651,8.31287184445641,17308.57239245747,13.94320011,,38.7385841174565,,,7.761
GNQ,2013,0.261324688869113,-4.133198501315832,16304.071319641816,16.39999962,,37.9420717892644,,,7.675
GNQ,2014,0.27724834765414,0.4150663015968661,15548.662465661924,18.86000061,,36.9002477447229,,,7.669
GNQ,2015,0.261293067101903,-9.11004114881537,9068.910032386446,21.31999969,,36.6825478378153,,,7.778
GNQ,2016,0.224242898422343,-8.816417232197566,7453.197979485167,23.78000069,,38.1683691534068,,,7.798
GNQ,2017,0.121416081454382,-5.667508504866859,7809.104656554882,26.23999977,,36.2336437113254,,,7.843
GNQ,2018,0.100221353087251,-6.236544067345747,8102.470848340313,29.39999962,,36.5760302693232,,,7.818
GNQ,2019,0.0598738936052885,-5.481825378934445,6804.149230738878,49.13370132,,36.942192354463,,,7.917
GNQ,2020,0.107371649223871,-4.791080833832936,5764.055029129468,55.00130081,,43.3495410342634,,,8.625
GNQ,2021,0.0976810140631094,0.8602699563820693,6945.630697945393,58.71730042,,46.434813558898,,,8.821
GNQ,2022,0.10069058437688,3.2235083165859777,7589.299649093814,63.65950012,,49.5380486763568,,,8.334
GNQ,2023,,-7.425055317212397,6788.352716383759,63.51950073,,,,,8.218
GRC,2000,,4.137826994058486,11638.201069721485,9.13883730776798,,55.0181194114426,97.0996704101562,52.6726303100586,11.345
GRC,2001,,4.650414594421633,12156.957282422094,10.9350258080278,95.9899978637695,73.4448173983166,102.047653198242,59.9249114990234,10.764
GRC,2002,,4.683137270630169,13782.195640942991,14.67,,85.5281565174832,98.1837997436523,66.8908386230469,10.346
GRC,2003,0.095947500341394,5.796822742943689,18020.612039764048,17.8,,81.8448114209398,94.3411178588867,72.9116668701172,9.839
GRC,2004,0.470021781497191,5.377866345958509,21449.25527642452,21.42,,85.1742405592579,92.8870162963867,80.4148406982422,10.628
GRC,2005,1.45804690031284,1.183506354932888,22054.131575688592,24.0,,93.4348777662167,96.8381423950195,90.3474731445312,10.074
GRC,2006,4.43151266831837,6.443397624874365,24416.023297027456,32.25,,99.6706911691004,96.8165969848633,95.0775375366211,8.906
GRC,2007,9.2114722630097,3.506869766394587,28440.762532895544,35.88,,111.309114095329,95.9788131713867,90.5404281616211,8.351
GRC,2008,13.6049238449266,0.0574740238200774,31695.83310922093,38.2,,124.577949442767,,,7.664
GRC,2009,17.2543940805553,-4.119276067150111,29425.457320026253,42.4,93.9100036621094,119.688606543586,,,9.546
GRC,2010,20.2491669415812,-5.693741215800301,26653.048800862583,44.4,,110.499601336489,107.819053649902,101.694053649902,12.719
GRC,2011,22.183064232426,-9.876778753002426,25504.786651012444,51.6499951676815,,109.174140891708,105.956047058105,105.812690734863,17.973
GRC,2012,24.3424643325153,-8.33113421099992,21624.346052551045,55.0699934418411,,120.926137220412,106.290550231934,110.122978210449,24.731
GRC,2013,26.5619364050644,-2.272116998880236,21573.344976280478,59.8663,,114.142688333026,107.414306640625,112.705833435059,27.686
GRC,2014,28.9729450556431,0.792225060962835,21474.725712389198,63.2073404784561,,111.488230327161,103.468589782715,119.104209899902,26.708
GRC,2015,31.7813956931321,-0.2283018921728512,17980.72982381374,66.8349594911035,,116.133089816996,103.377700805664,,24.981
GRC,2016,33.5485838991847,-0.0317947678412053,17919.24263770477,69.0879154723892,,116.365109232942,103.952072143555,131.403213500977,23.514
GRC,2017,35.1351318678243,1.4731247270235173,18631.99301292935,69.8929706543154,,120.305633506681,104.228790283203,135.333923339844,21.413
GRC,2018,36.9203391643751,2.06467207892409,19873.401523877143,72.2383733920483,,113.418450589721,103.891693115234,140.950317382812,19.179
GRC,2019,38.3565690069278,2.2771806533480827,19335.360200296866,75.6712066931757,,110.855033355177,106.527839660645,143.96272277832,17.045
GRC,2020,39.7876360746134,-9.196231497269778,17886.733165236048,78.11584474,,106.669795200072,103.615829467773,143.693344116211,15.899
GRC,2021,41.9213046741732,8.654497860021308,20652.89659590998,78.49426371,,108.643525000707,104.77806854248,150.605484008789,14.656
GRC,2022,42.923040428409,5.521985805894076,20884.677343626325,83.17066333,,109.026956114201,106.599418640137,166.389556884766,12.426
GRC,2023,43.8539621755853,2.135911319966312,23343.710396456216,85.0102229,,110.79216956747,105.191741943359,165.113418579102,11.023
GRD,2000,,4.887952136505618,4839.828111142478,4.06390799146313,,4.00182408725838,,,
GRD,2001,,-2.0239000407205765,4819.507766538427,5.12810398216998,,5.93960384120311,,,
GRD,2002,0.519353529390059,3.437323529541473,4984.474059314471,14.7588405454867,,6.96745507545847,110.115692138672,,
GRD,2003,,9.46397343076491,5427.9637725231205,18.6451821830564,,38.8422541420227,114.018257141113,,
GRD,2004,0.557064844543234,-0.647450316084857,5480.261176445877,19.5706205843787,,39.6192932868655,107.162467956543,,
GRD,2005,2.93619115315217,13.276188330627209,6338.560114053579,20.4878006,,42.7014416680336,101.858772277832,,
GRD,2006,5.03382212738911,-3.995328244274816,6344.0383771432025,21.39599991,,41.9421618922232,,,
GRD,2007,6.87645898554134,6.123450947414668,6864.548167718577,22.29,,46.4893867284342,116.305992126465,,
GRD,2008,8.07423171259559,0.9475426249076976,7448.2040563864975,23.18000031,,54.1245851969413,116.674461364746,,
GRD,2009,11.1196001941503,-6.6132813479954535,6932.564721767806,24.04999924,,102.84933575422,107.998832702637,56.8550796508789,
GRD,2010,12.9380029752836,-0.511146187173722,6909.60169568597,27.0,,109.284318821358,117.012619018555,,
GRD,2011,13.0925507900677,0.764773550338731,6947.381360964636,30.0,,107.830191204418,108.343828715365,,
GRD,2012,14.1875415650632,-1.1548381640980097,7092.71985352677,32.0,,115.19574373753,,,
GRD,2013,15.8608474979513,2.351098016779048,7424.802122873267,35.0,,117.194039845974,106.78381256656,,
GRD,2014,16.4817930116006,7.342123960379482,7986.334212107877,51.6,,102.645182770827,106.993851559069,,
GRD,2015,17.2285395374795,6.44522314693144,8694.12438005692,52.5,,104.439464229656,105.402661854275,96.7931289672852,
GRD,2016,18.0847737340398,3.7396039558691,9221.234610794238,53.29999924,,103.337965777816,105.224225612575,96.7951431274414,
GRD,2017,19.2614217155529,4.438675669481512,9751.426611559324,54.20000076,,98.0413728581576,104.433148126256,98.6993408203125,
GRD,2018,23.3267929225264,4.361440393647968,10083.02127922496,61.42459869,,102.61904556102,110.379410343161,99.9891967773438,
GRD,2019,27.4070752968159,0.6765117388737565,10462.792915953349,64.31279755,,100.175028668489,,,
GRD,2020,27.4640926242683,-13.75662225721068,8968.558901084838,65.65380096,,102.079232600717,104.298669179131,,
GRD,2021,26.1175099410394,4.697724023267398,9617.289029053734,67.02279663,,86.5710270122035,100.989177237286,,
GRD,2022,29.767433903843,7.31023806981959,10469.386701285634,68.42030334,,95.759239776586,,,
GRD,2023,,4.526574974506929,11414.478169118118,69.4131012,,,,,
GRL,2000,,7.101596881816192,19009.077440751487,31.7478112321162,,26.8889323773773,,,
GRL,2001,,1.2690350790278728,19265.51914687377,35.4641368915684,,28.1540834234458,,,
GRL,2002,,-0.9711773106655528,20657.950632309658,44.154789028418,,35.2063895957026,,,
GRL,2003,0.209650992759113,4.430045721182111,27466.64945255037,54.5342598293605,,52.4109864167298,,,
GRL,2004,5.83408016588469,6.90658283676629,32030.99879151085,56.0990147610533,,68.5908587695714,,,
GRL,2005,12.5162423178227,4.987491770901926,32489.72773098986,57.7034045008656,,81.6154521510097,,,
GRL,2006,16.2016771267338,5.55569490080012,35457.629757821414,59.361687268664,,94.7559024664663,,,
GRL,2007,18.5745482723398,2.3524379811805005,39780.944136872095,61.07,,116.938466415413,,,
GRL,2008,21.2015319178977,6.166132701861898,44366.78586881754,62.82,,98.5086743968514,,,
GRL,2009,22.1860514489933,0.865952328886948,44918.84138321552,62.83,,94.5967941686423,,,
GRL,2010,21.885046101671,1.7358250588966513,44277.199340097184,63.0,,101.298265446709,,,
GRL,2011,20.9223352218742,-0.4965193919590831,47186.875996938776,64.0,,103.357145370729,,,
GRL,2012,20.0429743914897,1.3941933595562546,45936.95628177236,64.8960100995989,,104.714854344993,,,
GRL,2013,19.1106471077451,-1.2982806933551103,47535.48837923765,65.8,,106.878063454426,,,
GRL,2014,18.5142328164777,4.7421356730151984,50485.22441352912,66.7,,108.237053388639,,,
GRL,2015,17.8504489387908,-2.5293180239447537,44536.35497053773,67.600443481006,,108.887738526624,,,
GRL,2016,,4.681954109723023,48181.74535412656,68.500873675421,,,,,
GRL,2017,21.7278093845303,0.0527281828800312,50765.74946653718,69.4824617821988,,111.14479855897,,,
GRL,2018,24.0610621678496,0.62306542854094,54545.13585776503,,,109.487462995328,,,
GRL,2019,26.1001355110192,2.8321775679868324,53309.20359050652,,,109.935097353969,,,
GRL,2020,27.9190442225392,0.2507897621043042,54812.66617710234,,,117.614122681883,,,
GRL,2021,29.9441480344748,1.6340941099299613,58135.993991020296,,,118.85048446673,,,
GRL,2022,31.9842829076621,2.004555808656036,55635.00064912226,,,118.637256652974,,,
GRL,2023,,0.8659619869981583,58498.97079736093,,,,,,
GTM,2000,,3.608868717487596,1648.9657897155912,0.712332904508925,,7.3248494220007,30.9806594848633,,2.143
GTM,2001,,2.3325748660885357,1537.6866357825168,1.7382017815873,,9.57808154813156,32.8574981689453,,2.251
GTM,2002,,3.8392870855679178,1669.335174697054,3.39174627024502,69.0999984741211,12.8774062692523,35.5038414001465,9.50201988220215,2.254
GTM,2003,,2.5603776680189583,1722.547019107736,4.54885490848324,,16.2446245130667,,,2.807
GTM,2004,,3.1379168360919323,1840.9118488399963,5.1,,24.7376946550128,38.6178703308105,,2.971
GTM,2005,0.207111616626663,3.276026925888857,2046.4661165075804,5.699999809,,34.4605352122986,40.5942687988281,,3.059
GTM,2006,0.291753279362966,5.35139778711536,2225.1234753877984,6.5,,53.703138345141,42.4339714050293,,2.96
GTM,2007,0.417520018986174,6.337718690162035,2458.8157391938444,7.300000191,,87.1486092920912,44.2429885864258,17.2977504730225,2.847
GTM,2008,0.67814007919815,3.293524000284848,2763.059881729257,8.300000191,,107.272718661425,45.231330871582,,2.898
GTM,2009,1.09738512118825,0.4768981065963942,2611.6463277335247,9.300000191,,121.749666616511,48.2657203674316,15.0972604751587,3.22
GTM,2010,1.78619309974985,2.884175428003772,2805.259602373216,10.5,,124.605727183349,52.1883200232994,15.752311204905,3.497
GTM,2011,,4.163906882933489,3168.98370607705,12.30000019,,131.685634641025,52.7689609562719,16.4344375204985,3.169
GTM,2012,1.85757824553484,2.974708568476615,3286.619593362674,16.0,78.2600021362305,137.757231829214,53.1178493302463,16.8753678874298,2.765
GTM,2013,2.29296336331621,3.694768146236953,3444.158022758641,19.70000076,77.0400009155273,141.131353657881,53.323315834897,19.5737030720879,3.017
GTM,2014,2.76585643479911,4.443978257749109,3689.145104102025,23.39999962,81.2900009155273,107.844073276377,52.9668023678254,18.255292159465,2.717
GTM,2015,2.87912847082501,4.092171700754179,3893.5053329906814,28.80590057,80.1999969482422,113.459063296974,54.8864188204824,21.9573684260954,2.506
GTM,2016,3.11025548351565,2.677803193021603,4060.137847376433,34.50930023,,112.267437714983,54.4252556188872,,2.583
GTM,2017,3.20509783183884,3.079851221224402,4324.997689156005,37.90000153,,120.637721514663,54.0444773151521,,2.462
GTM,2018,,3.4068732817634526,4352.945932897072,41.5,80.8099975585938,121.500075538632,54.0797647125185,,2.283
GTM,2019,3.42029196664625,4.0178983086158695,4511.998395526965,44.401049838502,,122.043793418341,52.5563883982916,22.559501429793,2.193
GTM,2020,3.52588892585695,-1.7855511757046545,4477.617850006646,47.51229858,,117.475884100805,51.7956964848587,,2.965
GTM,2021,3.4775394703571,8.041703988558325,4912.622404146814,50.84164945,,125.718955715353,48.157456034521,,2.174
GTM,2022,5.02439029583182,4.15492196609047,5356.924358878955,54.40430069,83.0299987792969,115.156435692604,45.8926232164663,,3.051
GTM,2023,5.08082886037381,3.524304340490133,5754.428339098467,56.72669983,83.0195796057608,113.709374947241,47.3762534803949,27.2948879201171,2.344
GUM,2000,,,,16.1131270423389,,16.9930965545247,,,15.32
GUM,2001,1.08473987937693,,,25.3802275337398,,20.207154324393,,,13.213
GUM,2002,,,20909.95903028063,31.1922942556271,,43.43406339525,,,11.39
GUM,2003,,0.8793141349747344,21877.317837155275,33.7166817880876,,48.9159418157745,,,9.693
GUM,2004,,6.493789496622355,23618.8266894573,36.1617878387908,,59.8254074842806,,,7.7
GUM,2005,,3.642316349498671,25631.97761080522,38.559877557558,,,,,7.0
GUM,2006,,-3.652517275419541,25709.935148842203,43.8514430048178,,,,,7.4
GUM,2007,1.63371998039536,0.7172131147541023,26605.43242147555,46.1504736192355,,,,,8.3
GUM,2008,1.6295196538176,2.0345879959308206,28112.231657342192,48.4187021509296,,,,,8.892
GUM,2009,1.80534743911466,0.4386839481555427,29054.05812015189,50.6420283820435,,,,,9.3
GUM,2010,1.80156375734137,2.26325193567601,29719.796783608173,54.04,,,,,8.2
GUM,2011,,0.0776548243059522,29926.205244291265,57.7,,,,,13.3
GUM,2012,,2.133850630455853,31653.750653816787,61.5341593079002,,,,,12.2
GUM,2013,1.8075991468132,1.6904083570750146,32530.75931214827,65.4,,,,,11.5
GUM,2014,1.81284217396033,1.793051923795289,33900.14865305826,69.27,,,,,7.6
GUM,2015,,0.8256880733944882,35165.70146447955,73.139999947043,,,,,6.9
GUM,2016,,0.1819836214740604,35930.6594898711,77.009999893206,,,,,5.4
GUM,2017,,0.890099909173486,36779.00789039085,80.5054655600831,,,,,5.418
GUM,2018,,-0.8282319049333893,37195.95030704639,,,,,,5.45
GUM,2019,1.85404924354791,2.523602033405965,39274.943142489865,,,,,,5.405
GUM,2020,1.8500474845521,-10.51885957145386,36482.93639536749,,,,,,6.241
GUM,2021,1.83228485921945,2.0581832574708017,38074.8793745801,,,,,,6.0
GUM,2022,1.8392057149776,5.099864262167927,41833.15171328248,,,,,,5.383
GUM,2023,,,,,,,,,5.262
GUY,2000,,-1.3638039026187272,931.7966517189552,0.6,,5.20767959499603,,,11.917
GUY,2001,,2.2795216592191,931.5747238476732,1.0,,9.8524873868017,94.4679107666016,,11.796
GUY,2002,,1.1326269619947595,950.8669324709928,1.5,,10.3974061483503,,,11.81
GUY,2003,,-0.6322253882663773,973.7425980541882,2.4,,18.0782098306777,83.45947265625,7.17658996582031,11.529
GUY,2004,,1.5633521103404178,1033.3103090218794,3.7,,22.5146835462961,,10.3284902572632,11.281
GUY,2005,0.262841792896438,-1.950957595017144,1084.06541388904,5.699999809,,36.9776347918424,86.2115325927734,10.8724203109741,11.085
GUY,2006,,5.129609347729996,3135.605535283261,8.899999619,,52.7032831510239,,10.9942598342896,10.7
GUY,2007,0.312078439766351,7.191236240574568,3608.286852401877,13.80000019,,71.1853299350872,85.3779830932617,11.1278600692749,10.84
GUY,2008,0.673729071860017,1.7552234959201911,4008.962867160304,18.2,,59.3381181702769,86.2414169311523,10.6148700714111,11.018
GUY,2009,0.907200429733517,3.611508472185847,4209.132306245647,23.9,,64.9563751339593,89.8750076293945,10.0790901184082,11.307
GUY,2010,1.49388193087543,4.138441601373415,4581.761796934918,29.9,,74.7937954450815,93.2864608764648,10.9517002105713,11.632
GUY,2011,2.75278662687143,5.196251560516018,4947.221705899166,30.0,,70.8644205678996,101.134757995605,11.2686901092529,11.811
GUY,2012,4.01734987029136,5.276330620468087,5444.397519139134,30.5,,73.3023980018438,102.622467041016,11.7027597427368,12.029
GUY,2013,4.91986224385717,3.65338433338232,5556.912311569316,31.0,,74.002594594018,,,12.296
GUY,2014,5.99618948621705,1.6864944501958377,5472.688204522369,32.0,,75.1635113473494,,,12.637
GUY,2015,7.075427560785,0.6874045906194937,5640.41560569466,34.0,,71.5091706302609,,,13.009
GUY,2016,7.49173594849309,3.80745626378814,5870.878237598348,35.65999985,,76.5713484941353,,,13.263
GUY,2017,8.44382214738464,3.734491545712842,6178.665043729804,42.6753006,,83.6990991295793,,,13.466
GUY,2018,,4.440912884759669,6048.386971804177,48.59889984,,,,,13.627
GUY,2019,10.276537921044,5.35284003535665,6405.824434445621,55.31269836,,96.327066296051,,,13.172
GUY,2020,11.7649827054754,43.47965171684899,6775.709390963032,62.95399857,85.6399993896484,106.008686272494,86.9400100708008,,15.308
GUY,2021,11.6495520440672,20.059997556841807,9860.870148343864,71.65090179,,104.968595260226,86.70068359375,,14.576
GUY,2022,12.9356394612219,63.3346343654855,17913.492806687907,76.56240082,,112.56503784518,,,11.907
GUY,2023,,33.79501111587297,20473.700219061717,79.3553009,,,84.4850463867188,25.1520757996244,11.917
HKG,2000,6.62896753662823,7.66344398397743,25756.772872370395,27.8277606812581,,81.2471139493344,,,4.92
HKG,2001,10.575874279015,0.5608671378555243,25230.37809103037,38.6714032309569,,85.2695040727084,78.5696563720703,,5.09
HKG,2002,15.2313862475313,1.6567016736434963,24665.83623182162,43.0823830278909,,93.759602123198,79.9700393676758,,7.28
HKG,2003,18.4864148179878,3.056358866635975,23977.17341204772,52.2000433497404,,107.148296368503,80.1741027832031,32.2168502807617,7.86
HKG,2004,22.0340459422926,8.700065558360023,24928.10037225512,56.3998803935333,,119.247453929299,81.7347793579102,32.296459197998,6.74
HKG,2005,24.0153631345565,7.388153951536964,26649.63772415501,56.9,,123.677676990299,83.003662109375,32.9854888916016,5.58
HKG,2006,25.9156929141015,7.032647662976686,28224.09515631463,60.8,,136.257644901451,83.1464614868164,33.7220993041992,4.77
HKG,2007,27.2391339117487,6.464828090968425,30593.951173864607,64.8,,154.225934880572,84.0665588378906,42.6142997741699,4.01
HKG,2008,27.5683056178674,2.1279368515420884,31515.52921034432,66.7,,164.943198594896,85.7025909423828,55.8018608093262,3.56
HKG,2009,29.0662267938968,-2.4590915046841246,30697.53838616405,69.4,,178.317359257252,86.5672225952148,56.5805511474609,5.26
HKG,2010,30.5242313123898,6.76770683250318,32550.13648917896,72.0,,194.233637212483,87.9053960567278,59.0325529542921,4.329
HKG,2011,32.1854914692348,4.814668010927335,35142.48793445426,72.19999695,,214.097553258659,86.9782026085403,60.2208370436331,3.422
HKG,2012,31.3153714431804,1.7003221448286467,36730.79619581499,72.9,,227.571131531867,108.257447754558,60.9527896995708,3.285
HKG,2013,30.7698227022845,3.1015526278028887,38403.7777145477,74.2,,233.650196473593,102.779391100703,68.0858986854034,3.4
HKG,2014,31.1670836577521,2.76241378329884,40315.37395101912,79.8662704309064,,231.702338725003,105.555217060167,69.6881506285714,3.296
HKG,2015,31.8721510032907,2.387801160133435,42432.16197404415,84.9483529634062,,227.03653842734,107.387782928825,68.7008718656545,3.314
HKG,2016,35.4484942649915,2.1754482032755504,43734.19807029992,87.47941467087,,237.377770818344,107.750724637681,70.3316379391101,3.392
HKG,2017,35.7032493826975,3.796109372438906,46160.429791492985,89.4159446487565,,247.078996858382,106.78970984146,72.9228515909643,3.124
HKG,2018,36.3352765300968,2.846909226605092,48537.56688883427,90.5073953294283,,266.34009236007,108.16398016119,78.2463196011546,2.805
HKG,2019,37.4680746099321,-1.6724286596805626,48359.00119505975,91.7434003891587,,286.618647834243,105.068965517241,83.8542119335773,2.917
HKG,2020,38.5246390800823,-6.544796405293667,46109.22999466091,92.41313602,,291.916274990037,100.449691991786,89.9479038224414,5.808
HKG,2021,39.2188975738319,6.454430383339343,49770.56423747394,93.08715788,,319.852066930488,100.161026837806,97.3813269493844,5.174
HKG,2022,39.9517808600821,-3.685283592813249,48825.02722758052,95.61357052,,292.80765987826,106.185208398621,100.776315789474,4.318
HKG,2023,39.8839727444243,3.1503446175990177,50525.11193126632,95.97781908,,319.493898344345,,105.461738484398,2.949
HND,2000,,9.612218793372776,1092.564007462518,1.20385599891878,,2.36054056593318,,12.8694696426392,3.883
HND,2001,,2.723193273213795,1132.1648753328989,1.41528193123711,80.0100021362305,3.51626584993503,,,4.0
HND,2002,,3.7543378611993887,1132.4996534531656,2.5974025974026,,4.70549985235325,,,4.02
HND,2003,,4.547038051653971,1156.0816268135652,4.8,,5.32870697926864,,15.888970375061,5.3
HND,2004,,6.232302960691015,1215.1399541276094,5.6,,9.68902015812042,,15.9416399002075,5.99
HND,2005,,6.0505992221597324,1304.7003915382616,6.5,,17.1356133802153,,,4.909
HND,2006,,6.567243551775874,1425.8478005189231,7.800000191,,29.2647925408315,57.6387100219727,,3.574
HND,2007,,6.188327166780084,1577.7378919740734,9.399999619,83.5899963378906,53.4134255918276,59.5118598937988,,3.211
HND,2008,,4.231600110093424,1732.4906270280264,9.6,,77.5119321637319,59.5015602111816,17.5304298400879,3.156
HND,2009,,-2.4316278798801108,1781.1570361467352,9.800000191,,102.452484456768,,,3.292
HND,2010,0.0119533179900544,3.731140344330086,1893.3272266203455,11.09,84.7600021362305,113.617136181044,66.1681900024414,19.2757550175649,4.119
HND,2011,0.670797298029889,3.835690662075052,2073.661210880738,15.9,85.120002746582,94.399047465495,65.9018478393555,,4.474
HND,2012,0.703114924069509,4.1286877486693925,2126.034746865032,18.12,85.3600006103516,84.5664914453988,64.5327911376953,18.9442917508647,3.755
HND,2013,0.776114775575699,2.791559757468008,2081.128435279448,17.8,85.4599990844727,87.3775687969259,61.920711517334,19.4476759264062,5.646
HND,2014,1.74169563203497,3.058080562143701,2179.8817197727058,23.0,87.1999969482422,85.2365443166273,49.4766821842053,19.7241865242748,7.078
HND,2015,2.13675958518204,3.840079970939513,2271.2026598034863,27.1395454833776,87.9100036621094,87.1291789109486,50.3511085144012,20.3152639116671,6.147
HND,2016,2.34144817782537,3.892972197264129,2307.3446835108152,29.5282180796457,88.9899978637695,83.2180808679633,51.0466486801865,21.0025442228384,6.727
HND,2017,2.48526903610159,4.842913910503867,2413.007656294202,31.7357924661485,,85.8717287831828,51.0120391845703,24.5585599156436,5.528
HND,2018,3.63393106753465,3.844994769667352,2464.642415319176,36.0400608231468,87.2099990844727,77.7100953282111,,26.3838242053705,5.648
HND,2019,3.92589911554459,2.5596343459231434,2502.327443280727,39.3883521850111,88.5100021362305,76.0268304351136,64.3524169921875,25.3231382609304,5.698
HND,2020,3.92223438778455,-8.965082232672955,2307.6149431951144,45.24829865,,68.7836128557933,58.4268999434804,,10.982
HND,2021,4.0958409901304,12.565284377127895,2735.1475150397705,51.95159912,,73.4771659564055,54.5046566571526,,8.506
HND,2022,4.40980164894983,4.143561940137673,3003.289968263993,56.88069916,88.2192789618317,75.8551423411907,53.8605804443359,,8.774
HND,2023,4.36212775547539,3.5758476045441228,3227.457625097757,58.0685997,87.0899963378906,74.4148227156961,54.5012702941895,,6.07
HRV,2000,,2.947659133759984,4953.5751500813085,6.64488254374396,,23.8782923669213,,,16.064
HRV,2001,,3.1108932855263447,5364.881885010292,11.5585731811648,98.1500015258789,40.8037620371098,94.7751998901367,36.3740501403809,15.822
HRV,2002,,5.801415955770153,6219.560936677811,17.76,,53.709175243893,95.021728515625,39.1618309020996,15.053
HRV,2003,0.0789470140149526,5.568429017308233,8189.990593146989,22.75,,58.9153701941586,95.4956436157227,42.3809814453125,13.924
HRV,2004,0.607880732872148,4.17049297825163,9718.92771524605,30.91,,65.7880083228617,,44.0762214660645,13.664
HRV,2005,2.69358958132531,4.328194542991668,10443.448400349766,33.13999939,,84.6023570995094,99.0768890380859,47.2947196960449,12.598
HRV,2006,5.83437601371704,5.069865215778407,11501.232742284395,37.97999954,,101.839751610362,99.0345077514648,48.5975112915039,11.13
HRV,2007,8.96788983385829,5.048840767329651,13755.814905406349,41.44,,116.650501835747,99.0125274658203,50.530590057373,9.909
HRV,2008,12.2371762498346,1.9717678691463192,15888.118438890251,44.24,,105.56585256074,98.9992294311523,52.3514518737793,8.53
HRV,2009,16.6418978640678,-6.811689738519007,14474.525138630032,50.58,,108.455735141618,98.9394226074219,51.9583015441895,9.202
HRV,2010,19.4799756808943,-1.3361628546726363,13729.747287288274,56.55,,114.582326334034,98.8955230712891,57.0685997009277,11.62
HRV,2011,20.8566154553422,-0.1115271249900473,14691.591757962033,57.7899789891444,,119.489612280253,99.2656021118164,59.3388595581055,13.678
HRV,2012,21.581851768721,-2.237020496052324,13507.634988275808,61.9399731527956,,116.719313041118,99.3463897705078,62.0256614685059,16.046
HRV,2013,22.5042534905966,-0.1325610800668926,14135.090348587222,66.7476,,111.281756214292,101.800498962402,66.7111129760742,17.231
HRV,2014,23.3319089868678,-0.5595376666870919,14186.771223047108,68.5678992528467,,105.732295385283,102.528923034668,68.6392517089844,17.209
HRV,2015,23.5726310188829,2.320566793305261,12283.875029917666,69.8450359238281,,105.543643003646,102.981330871582,68.4413986206055,16.15
HRV,2016,25.2341141328155,3.4661314601103896,12820.187274664464,72.6972696701463,,106.718403536951,103.719436645508,69.5889511108398,13.015
HRV,2017,26.865096097274,3.284062693978896,13901.64986577873,67.0961920368478,,105.794763679153,104.214416503906,71.3775863647461,11.078
HRV,2018,28.0156020023514,2.9110714621091205,15460.456079898426,75.2946259897258,,109.034035401906,104.960083007812,72.8625411987305,8.322
HRV,2019,28.9682951804841,3.102472853362542,15563.735499662467,79.0797836757554,,110.493802074789,105.13597869873,74.0501174926758,6.551
HRV,2020,26.0744550144438,-8.31046995309319,14807.555922754396,78.32090004,,110.666299439701,105.585418701172,74.738037109375,7.389
HRV,2021,26.7157501000099,12.63127413127414,17788.76011637647,81.25396608,,112.169438491978,105.876342773438,78.0067901611328,7.483
HRV,2022,27.6606739600213,7.294791148895328,18465.531473659,82.07155532,,114.677195729643,105.577796936035,80.7626724243164,6.811
HRV,2023,28.4709561519529,3.762040927171356,22183.49822584916,83.24117599,,117.112604314708,105.025161743164,81.1775207519531,6.121
HTI,2000,,0.8700592594248917,820.6000467614642,0.231270714628821,,0.662399130161549,,,8.443
HTI,2001,,-0.3427478832521444,748.821159844528,0.340832326173809,,1.08208239483874,,,9.728
HTI,2002,,1.0518201345010851,720.9695680425219,0.893432988337908,,1.62646188427236,,,11.008
HTI,2003,,3.48077973188326,578.9952910797085,1.64735834557778,58.7400016784668,3.65300473338088,,,12.151
HTI,2004,,-1.3178567596495014,683.1852981552732,5.401261907622,,4.48920531301938,,,13.415
HTI,2005,,3.0721733766473136,775.8457040569159,6.376200199,,5.52019567228578,,,14.559
HTI,2006,,1.7687506028819513,828.8057002895894,6.796000004,,13.020039359579,,,15.866
HTI,2007,,4.70652994008303,984.5669834485212,7.199999809,,26.6715144811388,,,16.8
HTI,2008,,2.6580323082746986,1094.6605842164367,7.599999905,,33.5754472826656,,,16.204
HTI,2009,,5.890378948443157,1196.8528706017953,8.100000381,,37.6486867698407,,,15.398
HTI,2010,,-5.651511534482992,1209.727335030943,8.369999886,,40.8026118567902,,,15.244
HTI,2011,,5.098213544100361,1312.0395355201322,9.0,,42.360470661138,,,14.506
HTI,2012,0.0,0.5024244035815855,1361.3939658737431,9.800000191,73.953334886651,60.5271659107243,,,14.1
HTI,2013,0.0,4.324784114728743,1457.8322117962648,10.60000038,,70.044477000521,,,13.704
HTI,2014,0.0,2.8887725086337923,1460.1889861391446,11.39999962,,65.2574823572396,,,13.808
HTI,2015,0.0128097405723445,1.4000000085972744,1411.1268474679646,14.19999981,,69.3702568086907,,,13.785
HTI,2016,0.0126318271253869,1.8124680784753195,1318.402681679532,22.79999924,,60.9477225087446,,,13.902
HTI,2017,0.276397485097184,2.510271345446853,1395.2394518446108,27.20000076,68.0100021362305,58.2917858919698,,,13.932
HTI,2018,0.283697984065843,1.6678109548465585,1496.3804897015589,32.4736271300557,,60.232256515521,,,13.934
HTI,2019,0.280049919123204,-1.7230969983923217,1352.1720419153248,35.76409912,,61.6234088594647,,,14.095
HTI,2020,0.275706324027148,-3.305505469658925,1290.3253866738314,39.38809967,,65.0933737275708,,,15.573
HTI,2021,0.272537391690564,-1.798239889314857,1824.679874257704,43.37919998,,64.3451990252656,,,15.296
HTI,2022,0.306790757611135,-1.6819839689797789,1748.4089011680308,47.77470016,,65.1889329311174,,,14.54
HTI,2023,,-1.8638842025483768,1681.8440766705855,47.99269867,,,,,14.459
HUN,2000,0.0333640806233195,4.409375018064026,4629.917608125478,6.99967635062916,,30.1874178164191,,,6.563
HUN,2001,0.308694373488323,4.062026172260261,5280.9488798706325,14.5285543028277,,48.8598550757424,98.4254531860352,42.3478889465332,5.671
HUN,2002,1.09935763457707,4.730065308055529,6658.044943268094,16.67,,67.9206400652722,99.8345108032227,47.357421875,5.608
HUN,2003,2.61462031268687,3.938777612427273,8410.092481984786,21.63,,78.5895249591872,101.850860595703,54.6346397399902,5.79
HUN,2004,4.07614038403136,4.963125361563073,10291.269472140895,27.74,,86.5295344708214,95.9443588256836,61.5071411132812,5.832
HUN,2005,6.4743496382668,4.300283184616731,11212.204696899376,38.97,,92.5916175179366,97.3733291625977,64.9774017333984,7.189
HUN,2006,11.9323064817383,3.9339316271205433,11478.489164050112,47.06,,99.1619554459165,97.7556076049805,66.3986663818359,7.494
HUN,2007,14.4957057357115,0.3323543378789253,13934.605460374964,53.3,,109.924654791539,97.8563613891602,66.2652969360352,7.406
HUN,2008,17.6762965927654,0.9934370854796556,15762.632251511282,61.0,,122.038350719207,98.3803329467773,63.9738388061523,7.817
HUN,2009,19.7645064510111,-6.7401660845501965,13051.183177718443,62.0,,117.908502208396,99.7433776855469,61.9771690368652,10.03
HUN,2010,21.639373536508,1.0679506815204576,13189.843387476838,65.0,,120.369453085535,101.997688293457,60.7487602233887,11.172
HUN,2011,23.2549245597223,1.9167091659974176,14211.460557821963,68.0199878861296,,117.526065994308,103.081069946289,59.9984893798828,11.029
HUN,2012,24.1618038721448,-1.339484465181812,12950.159448814284,70.579998153838,,116.767825095297,101.234046936035,60.6758003234863,11.003
HUN,2013,26.2621916555453,2.032169906781462,13739.462015140129,72.6439,,117.200126277309,107.21753692627,57.5212211608887,10.177
HUN,2014,26.164233392363,4.334353641139671,14352.501883173978,75.6531974544103,,118.895659080821,106.026969909668,53.4245910644531,7.725
HUN,2015,27.6322359587573,3.6598161540695457,12782.941257797267,72.8347370323805,,100.623739037612,104.633018493652,50.9797401428223,6.813
HUN,2016,28.6887907811727,2.4386414130934213,13215.860527778876,79.2594121273057,,101.442011503556,103.966499328613,50.7361488342285,5.115
HUN,2017,30.2136178819417,4.124183894518055,14736.166815725835,76.7505471201922,,101.629260697653,104.152000427246,51.3840599060059,4.156
HUN,2018,31.5062908247816,5.60613813768876,16605.05705118868,76.0743606365063,,102.737202940663,103.612083435059,52.5629386901855,3.667
HUN,2019,32.6466329851573,5.0771849508893325,17012.859855319868,80.3716936050482,,105.141557934591,102.438682556152,54.2122917175293,3.411
HUN,2020,33.4922037196533,-4.338725400240577,16386.93088212582,84.77115202,,105.981902376717,101.940628051758,56.6071815490723,4.248
HUN,2021,34.8391868436369,7.222915808111367,19030.62813032901,88.64083466,,105.137285804787,99.6460494995117,58.6536102294922,4.021
HUN,2022,36.5338104764554,4.152380577792286,18428.02882561399,89.14282688,,105.793848314995,102.851913452148,60.2746810913086,3.583
HUN,2023,36.7901885342462,-0.8171073705134546,22208.650982046634,91.4500713,,105.054424922699,105.419059753418,56.5924415588379,4.096
IDN,2000,0.0018511851680822,4.920067747016901,763.7111249509245,0.925563864466858,,1.69815092981097,55.5976295471191,14.810640335083,6.077
IDN,2001,0.0068462545113736,3.64346644721492,732.3070934057076,2.01861385948459,,2.97627085447856,56.2273216247559,14.1229801177978,6.082
IDN,2002,0.0172453777941086,4.49947539085764,881.0029135691312,2.13413573295808,,5.26817023997574,57.646598815918,14.6824598312378,6.604
IDN,2003,0.0273719374578957,4.780369121676543,1043.2105838671023,2.38701977959476,,8.21835801363769,60.7244682312012,15.7722797393799,6.657
IDN,2004,0.0372488256079262,5.03087394501685,1126.840044471728,2.60028587633414,90.379997253418,13.3098113507561,62.9758682250977,16.1766300201416,7.303
IDN,2005,0.0468658668138769,5.692571303833844,1238.2144762948797,3.60202476259646,,20.3186367836848,61.6382789611816,16.6967105865479,7.945
IDN,2006,0.0830799861161057,5.500951785203483,1558.3156284716338,4.76481313366657,91.9800033569336,27.2718805165778,64.6422119140625,16.767240524292,7.551
IDN,2007,0.328508530648629,6.345022226672143,1823.2197625507276,5.78627472934199,,39.3933857996178,71.8545074462891,17.5765991210938,8.06
IDN,2008,0.408715260975609,6.013703600091233,2124.55483920618,7.917500019,92.1900024414062,58.5357555358068,70.1684417724609,20.5209503173828,7.208
IDN,2009,0.766310659252124,4.628871182561525,2218.4854185297663,6.92,92.5800018310547,67.2958400448831,74.5035934448242,22.6933307647705,6.106
IDN,2010,0.925808659546544,6.223854180623661,3065.6834837776487,10.92,92.3199996948242,85.7838690956097,75.6519088745117,23.4159086398462,5.614
IDN,2011,1.09687683849738,6.16978420771008,3579.464424661521,12.28,92.8099975585938,100.134519965107,78.1330718994141,25.027444191823,5.153
IDN,2012,1.18045801810675,6.030050653056151,3632.2725403033055,14.52,,111.581048999,80.0926818847656,29.0425391195214,4.468
IDN,2013,1.27096683417948,5.557263688910098,3566.6028450607755,14.94,,122.424816798816,81.8896974781343,29.894529174265,4.336
IDN,2014,1.31336301010966,5.006668425754995,3441.068084640084,17.1431598350566,95.120002746582,125.767185647597,83.5559949258569,29.9904910473273,4.049
IDN,2015,1.52139473860752,4.876322300221233,3288.222697255384,22.062742603379,95.2200012207031,129.468797674053,87.8423207929976,32.4590200433758,4.514
IDN,2016,1.9753784545485,5.033069182801768,3521.469434575738,25.447353701827,95.379997253418,145.704251250337,87.8191791728036,34.8307173410877,4.301
IDN,2017,2.32504234259027,5.069785901349164,3798.8832617452576,32.335806250688,,162.782511760443,90.9455391241064,35.967012362631,3.783
IDN,2018,3.28729591276809,5.174291539550239,3860.953530907256,39.9046386385762,95.6600036621094,118.330216938024,92.8120739600443,36.1494878042588,4.387
IDN,2019,3.77422560918071,5.019287680462824,4106.948561603577,47.6906489788375,,125.244348145809,94.9467044891028,37.3230862728703,3.59
IDN,2020,3.92993769121646,-2.065511829341645,3853.702887741458,53.72649449,96.0,129.40362112725,96.9345779132931,38.1650601406923,4.255
IDN,2021,4.4874632789818,3.7028856282775138,4287.173139950984,62.10447842,,132.199444256099,97.8441479813619,40.6293239880732,3.827
IDN,2022,4.82151507878823,5.307197226647986,4730.834848361069,66.48461277,,122.873012230307,97.8167602714893,42.3260385456152,3.462
IDN,2023,4.81663955789733,5.048831178555162,4876.299295984298,69.20836554,,125.238194847046,96.0002120295081,44.8813034886441,3.308
IMN,2000,,5.300001525528046,21161.396307377203,,,,,,
IMN,2001,,5.39999903126116,21819.71238256062,,,,,,
IMN,2002,,6.19999819490684,24471.079881484653,,,,,,
IMN,2003,,5.999999688126408,28861.61780629176,,,,,,
IMN,2004,,5.200003104024958,35564.60239101461,,,,,,
IMN,2005,,5.899999335766751,38135.85978858581,,,,,,
IMN,2006,,7.699998712534324,42627.50893528912,,,,,,
IMN,2007,,7.5000002298881725,55040.24370462358,,,,,,
IMN,2008,,4.90000100081545,72276.77413294613,,,,,,
IMN,2009,,2.100000271813741,66156.10565684695,,,,,,
IMN,2010,,3.3999984239595733,70587.31402837412,,,,,,
IMN,2011,,1.9999993820741508,77808.8579649376,,,,,,
IMN,2012,,7.303891085117172,79329.20343474342,,,,,,
IMN,2013,,4.141861587534933,83207.65884304506,,,,,,
IMN,2014,,5.155099837485992,91885.45287180255,,,,,,
IMN,2015,,-0.385866882198087,84753.51874227317,,,,,,
IMN,2016,,6.952302848994066,82025.94545092407,,,,,,
IMN,2017,,2.8377580709368857,83481.30384890136,,,,,,
IMN,2018,,2.213397539225099,89393.82442488115,,,,,,
IMN,2019,,0.2548778473982622,87127.55179774042,,,,,,
IMN,2020,,-8.836816974734745,79513.53303465979,,,,,,
IMN,2021,,3.8378363233463935,94299.96934896502,,,,,,
IMN,2022,,-4.168477224667527,88328.54812588703,,,,,,
IMN,2023,,-2.035244969555805,90015.2074234398,,,,,,
IND,2000,,3.8409911568655417,442.7502189372632,0.527532449930946,,0.338124410074474,47.1734390258789,9.93826007843018,7.589
IND,2001,0.0046386553577176,4.823966263973034,450.3579005141282,0.660146377009928,61.0099983215332,0.606736120789472,46.8245811462402,10.0273504257202,7.611
IND,2002,0.0075081060012023,3.803975321200383,469.1499289739273,1.53787558175083,,1.18440192230983,48.8069381713867,10.5586500167847,7.681
IND,2003,0.0125681968302295,7.860381475450453,544.1431335450022,1.68648997063625,,3.01664660813064,51.4255714416504,11.0576400756836,7.633
IND,2004,0.0206867742681806,7.922936613079784,624.2588265100661,1.97613649190559,,4.59686532886976,53.247371673584,11.3926801681519,7.598
IND,2005,0.116742672757431,7.923430621317891,710.4880804089489,2.388099909,,7.80651670797836,55.9314002990723,11.1277303695679,7.551
IND,2006,0.196098678184923,8.060732573050572,801.6683536590223,2.80549986534254,62.75,14.1574719620028,56.7859497070312,11.9628095626831,7.553
IND,2007,0.262875874276131,7.660815065107656,1021.8870770682591,3.95,,19.620786501083,59.1478385925293,13.6564798355103,7.562
IND,2008,0.437111073178848,3.0866980595008187,992.5195849238276,4.38,,28.7177007907217,62.2119216918945,15.6485204696655,7.629
IND,2009,0.632032113675308,7.861888833033802,1094.9497459843622,5.12,,42.8461358054675,61.3603210449219,16.6775093078613,7.636
IND,2010,0.883808841093522,8.497584701656251,1347.519390713668,7.5,68.325817300837,60.4906435106584,64.9475936889648,18.6971831309683,7.631
IND,2011,1.05858887089543,5.241316200242935,1445.4612748603658,10.07,69.3000030517578,70.8725652125021,67.1251678466797,23.8253684220097,7.609
IND,2012,1.17169600055105,5.4563875516477225,1429.321995200319,11.10000038,69.8279300354369,67.6263517922249,69.8089599609375,24.9402082606779,7.645
IND,2013,1.15197793176359,6.386106400917129,1432.843975121953,12.30000019,,68.3966708179098,69.4771270751953,24.390638443123,7.678
IND,2014,1.20020374567342,7.410227605169766,1553.8839607511832,13.5,,71.9366825449914,74.8887023925781,25.991324706788,7.656
IND,2015,1.27578595315943,7.996253785679869,1583.998159079848,14.89999962,,75.379332347226,74.6113662719727,27.2845677075978,7.629
IND,2016,1.38795276378032,8.256305501766619,1707.5089291224338,16.5,,83.917838213735,75.9372863769531,27.3043573857643,7.611
IND,2017,1.31327377028949,6.795383419024219,1950.1046828086637,18.20000076,,85.9703537817688,74.6743774414062,27.9090519049334,7.626
IND,2018,1.3217822859385,6.453851344952952,1966.254551716789,20.0813000379384,73.6883524760717,85.5500756367908,76.0025787353516,28.5316865291946,7.652
IND,2019,1.37913181839908,3.871436940705237,2041.4286369858532,29.52350044,74.8938629973395,82.898144918237,75.8716506958008,29.0233593907143,6.51
IND,2020,1.63622632751685,-5.77772470687303,1907.042516376687,43.40544313,75.5270629470344,82.2540479927426,77.6271548412386,29.8196397708424,7.859
IND,2021,1.9487996093033,9.68959249191741,2239.6138436748224,49.2580986,76.0596617430205,81.603974311212,80.6246396728944,31.5741765984501,6.38
IND,2022,2.35231555917724,7.609364977693204,2279.981457193691,55.9,76.3199996948242,80.1818007717416,81.1778608399708,32.6703053423023,4.822
IND,2023,2.74534696441771,7.210224629335002,2434.4482634098918,60.25230026,81.6999969482422,80.5631998772888,78.8639591218839,34.2394344991225,4.172
IRL,2000,,9.40352476399653,26334.567205050083,17.8504672405807,,64.7191318537258,,,4.318
IRL,2001,,5.305821335142994,28282.40988207296,23.1388121904053,,76.8836295078852,105.217231750488,50.6748008728027,3.684
IRL,2002,0.269827002708198,5.899365060790046,32705.434556569817,25.85,,76.3661328419427,106.364212036133,53.5348014831543,4.216
IRL,2003,1.04684899704102,3.0138386939601247,41203.52958475685,34.31,,87.6548203264015,107.852996826172,55.8461685180664,4.478
IRL,2004,3.74071829661314,6.788139906213559,47754.2023194244,36.99,,94.9321014130619,109.409881591797,58.9219093322754,4.491
IRL,2005,7.76120236306351,5.739782026252783,50933.02160955888,41.61,,102.760725861337,109.784301757812,58.8693199157715,4.237
IRL,2006,13.1583324314359,4.987853645376148,54329.16185996238,54.82,,109.870670248019,109.603439331055,58.4411811828613,4.355
IRL,2007,17.2691420282585,5.310118308986134,61396.417461176,61.158324551,,113.137687313091,111.234497070312,58.3019905090332,4.98
IRL,2008,19.8672135236767,-4.484070810430623,61353.10656295232,65.34,,112.530720581971,111.293968200684,54.0174713134766,6.774
IRL,2009,21.5358272794807,-5.09578277913846,52133.09061625439,67.38,,103.766086014409,114.39266204834,56.503978729248,12.609
IRL,2010,22.3721452573765,1.6829717548651215,48623.96664224873,69.85,,103.123305579196,118.096908569336,63.1264381408691,14.534
IRL,2011,23.3814204815178,1.6088664891694435,52613.85403556888,74.8899729670944,,107.134899495633,115.83373260498,67.7985916137695,15.354
IRL,2012,24.1750019347271,-0.4050294165897696,49335.84080995552,76.919992540097,,108.989828987516,117.75218963623,68.1972503662109,15.451
IRL,2013,25.7144376937159,2.192937575002901,52537.61086486919,78.2477,,105.53780299895,,71.6995468139648,13.735
IRL,2014,27.0221858517779,9.385793351309218,57214.53797857091,83.4917223351728,,105.460883393918,116.739097595215,73.813232421875,11.858
IRL,2015,27.8462651784045,24.62398563640062,64250.138518125656,83.4947916666667,,104.242903808134,116.989868164062,77.2321472167969,9.908
IRL,2016,28.6147710435862,1.2227166113094654,64129.55715423832,83.5,,102.558386941167,117.028717041016,77.5571365356445,8.374
IRL,2017,29.0794615926246,10.1088576065965,72161.4047531385,84.1140070623844,,101.842124574945,125.027168273926,77.5191116333008,6.713
IRL,2018,29.3513301848147,7.688659374374353,80804.11231648263,87.0001401148942,,102.030494877842,154.163345336914,76.7604675292969,5.741
IRL,2019,29.6453160652366,4.972880037668162,81827.6688873996,87.0000552425146,,104.597515228061,137.07568359375,74.444580078125,4.95
IRL,2020,30.4353384554187,7.153695057353346,86514.07061087541,91.99989097,,105.045612677382,133.497024536133,74.1961975097656,5.623
IRL,2021,31.3616427884193,16.258188115819735,103783.44628447876,93.50610352,,106.86972424373,132.947692871094,78.4613265991211,6.357
IRL,2022,31.5362809040128,7.511138884153041,105190.68595273084,95.03690338,,110.608851322579,130.604965209961,77.5933380126953,4.465
IRL,2023,31.8907830651788,-2.536374093132608,106818.9171308039,96.8660965,,110.798344311602,,,4.243
IRN,2000,0.0002649857775659,5.845527475782092,1650.0138583378507,0.934190019959829,,1.44928400315941,74.9870910644531,18.780179977417,11.698
IRN,2001,0.0009799560443014,2.3921727120786755,1881.0226663528283,1.48422133163363,,3.09457517237627,74.5473403930664,19.4918804168701,12.362
IRN,2002,0.0237769252431915,8.078829279752426,1891.257560910334,4.62617511492205,77.0,3.35112316675179,74.7104187011719,18.2758693695068,12.8
IRN,2003,0.0271923505445886,8.639298397200605,2208.996365524056,6.93372195304053,,5.01659024210498,74.551643371582,19.4057903289795,11.529
IRN,2004,,4.3366659785104105,2672.4226651403983,7.49,,7.22451487493309,74.5375213623047,21.3706798553467,10.3
IRN,2005,,3.1898040872882376,3132.0508192006955,8.100000381,82.4400024414062,11.8483865482002,74.438591003418,22.6841907501221,11.813
IRN,2006,0.136253245841854,4.999795261812224,3618.916013644281,8.760000229,82.3300018310547,20.9629556446497,75.9471969604492,25.3070392608643,11.519
IRN,2007,0.268086998734951,8.155773523585168,4687.991662607176,9.470000267,,39.9047497616975,75.657600402832,29.8213806152344,10.772
IRN,2008,0.397276252822582,0.2508565534936338,5377.411507295701,12.02,82.9599990844727,56.9429295712367,78.8498077392578,36.1939392089844,10.63
IRN,2009,0.52316424120095,1.0073854579047463,5415.522805534456,13.80000019,83.222239914938,68.7372417407898,80.3835906982422,36.4833183288574,12.113
IRN,2010,1.27555962256262,5.797938301696036,6291.194436554542,15.9,83.6646682357838,69.8155207353596,79.0264663696289,42.5482215881348,13.679
IRN,2011,2.70427494282669,2.6457179180628003,8025.687433643556,19.0,83.5199966430664,71.4983841389879,81.2944793701172,48.0596084594727,12.491
IRN,2012,4.79231977390111,-3.747171398641086,8114.080998318772,22.73,83.629997253418,73.2734207057577,82.7059326171875,53.9002494812012,12.275
IRN,2013,6.41817590383926,-1.521979204941843,6222.741948403264,29.95,84.629997253418,81.1371930246672,81.5845565795898,56.4632682800293,10.595
IRN,2014,7.53995804645147,4.984775067094759,5672.063728963186,39.353614505223,84.7099990844727,84.5268986808859,82.5869369506836,64.4999084472656,10.68
IRN,2015,7.99892645019457,-1.4248849393750334,4952.733555321775,45.3349761533285,85.283432659187,89.8322296412795,82.7305221557617,70.6858520507812,11.166
IRN,2016,9.07810254131414,8.815086642518196,5710.599470891042,53.2267716709857,85.5400009155273,96.0721972454902,83.3275680541992,67.9112319946289,12.618
IRN,2017,10.1144035205672,3.026854686940254,6000.933464044092,64.0439736249513,85.9467906933665,102.375956866471,82.7564392089844,66.351448059082,12.232
IRN,2018,11.3875742908004,-3.74796015711334,4783.010673402372,70.2005650008363,86.8688350894209,103.024273741245,,60.8611488342285,12.195
IRN,2019,9.90926903532027,-2.361435387705754,3997.493544958496,72.4509047672065,87.3788306734933,135.622267599115,,58.1169509887695,10.74
IRN,2020,10.9026671467968,4.441808653586719,3202.500035021685,75.56986637,87.9028264049083,145.485569917724,85.1913986206055,55.6366691589355,9.687
IRN,2021,12.068102546673,4.130896850344712,4605.148813189922,78.5957366,88.4555944977134,153.624638869213,,54.3051986694336,9.282
IRN,2022,12.2102486068411,4.352810875213436,4721.2043709998425,81.71649933,88.5942297159365,162.712943709127,85.6060028076172,58.6838607788086,9.085
IRN,2023,12.0205942239083,5.332351160798083,5049.299316427539,83.71050262,88.9168161136597,166.279821209677,85.1469802856445,,8.129
IRQ,2000,,16.796134443966054,1980.189160387819,,74.0500030517578,0.0,36.8702583312988,12.0502004623413,8.038
IRQ,2001,,1.7666087656817382,1435.6956837889963,0.1,,0.0,36.7453002929688,,8.249
IRQ,2002,,-8.203704811871745,1266.1596127509445,0.5,,0.076903676491765,,12.6159200668335,8.619
IRQ,2003,,-36.65678043831654,817.8878624996222,0.6,,0.298477848783585,40.4106292724609,,8.959
IRQ,2004,,53.38554728875008,1328.3715762829215,0.9,,2.0813784149745,45.1472206115723,15.5104904174805,8.715
IRQ,2005,,1.6752286358682795,1762.39360423421,0.899999976,,5.39647208013898,,15.5580997467041,8.57
IRQ,2006,9.08566259727993e-05,5.638299152206372,2276.554357440865,0.95234424383919,,32.6572645201556,,,8.411
IRQ,2007,0.0003451724307116,1.8885393624395304,3128.9901032906632,0.93,,49.3851299082859,50.5742416381836,,8.646
IRQ,2008,0.0001863930582254,8.22810710383277,4542.966090460324,1.0,,60.5052577339657,,,8.466
IRQ,2009,0.0004025523013582,3.379299094427708,3714.71205987194,1.06,,66.9264027267629,,,8.415
IRQ,2010,0.010040145766038,6.402564844711932,4461.751961615549,2.5,,74.9368134361824,,,8.267
IRQ,2011,,7.546471200425998,5775.542290802934,5.0,,79.346611020706,,,8.193
IRQ,2012,,13.936430173753706,6477.596184509547,7.099999905,77.1999969482422,79.5011903487766,,,7.965
IRQ,2013,,7.628285922987544,6650.352822473952,9.199999809,,91.9732728220056,,,9.222
IRQ,2014,,2.2636881756361333,6249.3922697896905,11.6453267304545,82.1999969482422,90.2871319578445,,,10.59
IRQ,2015,,2.6067664293954067,4440.141892523674,15.21440029,,89.3464376905175,,,10.865
IRQ,2016,,13.787373018708934,4334.420964041879,19.87719917,83.3000030517578,86.9439155206782,,,10.82
IRQ,2017,10.910523135606,-1.8197503511830888,4759.284643546699,25.96920013,85.5999984741211,84.9464629712121,,,13.02
IRQ,2018,11.1567326014866,2.633850991056235,5646.689320747416,33.92810059,,90.7159740030354,,,13.458
IRQ,2019,11.0677657654898,5.513790578938099,5671.856863294203,44.3263465511579,,90.3685290100393,,,14.096
IRQ,2020,14.8494851377503,-12.036793096045416,4295.189451212281,53.67779922,,88.9799284628949,,,15.766
IRQ,2021,14.8275236561145,1.5021807095433957,4868.494310807826,65.00219727,84.0648941705243,94.6092832170426,,,16.173
IRQ,2022,14.4912960130678,7.959048049902123,6520.73154560584,78.71560926,,99.1323661916548,,,15.41
IRQ,2023,17.2312565041583,0.5177055251400731,5965.318350777613,81.80889893,,101.388721479182,,,15.239
ISL,2000,0.838310580204778,4.90518213950493,32503.57896323597,44.470533824288,,76.3993174061433,109.021507263184,45.9174499511719,1.936
ISL,2001,3.65686381129123,3.8409393533269167,29208.19818535683,49.3929953676426,,87.0473210245112,110.139266967773,46.9373588562012,1.874
ISL,2002,8.43859850420887,0.5422867282904633,32749.37900462696,79.12,,90.5534288108426,113.519561767578,52.6091117858887,2.988
ISL,2003,14.3543792406899,2.2813697184713533,39944.210409559055,83.14,,96.5694653061929,116.79273223877,60.0269813537598,3.997
ISL,2004,19.0862791270776,7.622605204941422,47809.60730500415,83.88,,99.2812354535747,108.134918212891,66.5821762084961,4.031
ISL,2005,26.2830403525203,7.029340611609243,57783.7745608117,87.0,,95.3758666460042,108.752983093262,69.8324279785156,2.547
ISL,2006,28.8731513719502,5.671612487030387,58172.14266566217,89.51,,99.357628490756,107.523468017578,72.9682083129883,2.83
ISL,2007,32.0955171008596,8.741329418624716,70483.01172285354,90.6,,104.635634090698,106.327003479004,73.1370162963867,2.251
ISL,2008,33.3897088002419,1.6996107241166245,57489.33997952163,91.0,,106.112486378553,106.229942321777,73.5754699707031,2.946
ISL,2009,33.6057650057123,-8.321464149382606,41483.78436828142,93.0,,106.62341656937,106.478248596191,72.4675521850586,7.22
ISL,2010,34.3263410003835,-2.221818437774488,43776.46774004751,93.39,,107.203653530636,108.819038391113,78.5030899047852,7.564
ISL,2011,34.9642943312747,1.3799966919732896,48254.95392725402,94.8196868008949,,107.817332368231,109.70686340332,79.9194183349609,7.028
ISL,2012,35.3508435642577,1.1693117493406078,46594.98691466144,96.2097995545657,,109.747195651429,113.517669677734,79.5824813842773,6.0
ISL,2013,36.2681198573568,3.596956971282524,50173.33600610572,96.5468,,109.997066860151,122.033569335938,78.3723907470703,5.376
ISL,2014,36.5320965338675,1.9138161309517443,55140.364935792975,98.1580233097118,,112.987310388627,120.632568359375,80.3950881958008,4.897
ISL,2015,37.5994101863714,3.7685902021364512,53505.69640793393,98.19999695,,116.004435688559,119.807357788086,75.6419982910156,3.979
ISL,2016,38.150452657238,6.218087646703069,62854.090640793234,98.23999786,,119.679414972554,117.122772216797,74.7006301879883,2.978
ISL,2017,39.1883119718453,3.4850670415555527,72976.37299909748,98.2552011867973,,116.796155223255,115.741142272949,71.3372497558594,2.742
ISL,2018,39.1065426493677,4.660770362323774,75633.86513519146,99.0109539916991,,116.581078859812,114.649406433105,69.3402328491211,2.704
ISL,2019,38.6029941779872,1.1382122733688789,69296.31443616007,99.5049411693787,,114.623232603271,112.034339904785,70.6093521118164,3.507
ISL,2020,38.6826471438625,-6.64587810456635,60127.939357561576,99.5327519,,114.939418571031,110.487319946289,74.5906066894531,5.478
ISL,2021,38.4077027940877,5.180571907199052,70425.40642772733,99.68701957,,117.34255750797,115.156303405762,86.5232086181641,6.029
ISL,2022,37.4212579793667,8.857298978568508,76376.95993349151,97.58339691,,120.114839781678,112.589393615723,84.985237121582,3.789
ISL,2023,37.4245919320463,5.0322597376242015,82201.29085180776,97.94860077,,121.475495280706,108.911361694336,76.5200729370117,3.518
ISR,2000,,8.591522006082528,21690.237340060976,20.8737899981674,,71.9990705574528,,,11.102
ISR,2001,0.700720864692582,0.2704714150544731,20948.774572767063,17.3786238639049,,87.8695977081084,99.2880172729492,51.1147117614746,11.812
ISR,2002,3.62669309237099,-0.152880392675172,19058.74628694653,17.7645990630493,,98.6268652977901,100.050399780273,55.8358116149902,12.888
ISR,2003,9.73577617095352,1.4345591803530482,19624.032141258227,19.5933936579649,,101.776875263347,98.9930267333984,55.2073287963867,13.505
ISR,2004,14.8146199740079,4.649444599085427,20550.06947061757,22.7704855254035,,109.173998769782,97.7852325439453,54.5026702880859,13.029
ISR,2005,18.2756889429366,4.35256427740218,21261.747425184647,25.19400024,,115.290762500435,97.9443511962891,55.645191192627,11.342
ISR,2006,20.7626147861378,5.591065501200077,22499.754171798613,27.8810997,,122.789680118386,97.9347229003906,54.7331390380859,10.707
ISR,2007,21.9534632539815,6.313071370870176,25688.901610248,48.1280621948445,,127.857199795187,97.3899536132812,57.3098487854004,9.379
ISR,2008,23.7765120816873,3.2158134842205044,30231.01910136093,59.39,,126.817477148287,96.5533218383789,56.7789001464844,7.704
ISR,2009,23.9103114918258,1.220174808500957,28469.681734848906,63.12,,125.199553267123,96.0253067016602,59.5300903320312,9.534
ISR,2010,24.0161325167121,5.544706070689443,31398.92669270223,67.5,,124.183304971489,97.8008117675781,62.1285705566406,8.48
ISR,2011,25.1508929901568,5.513419690812512,34476.72520659488,68.8738779907441,,123.142439797067,98.0884170532227,62.7604484558105,7.139
ISR,2012,25.460778308521,2.4099376521761826,33268.70666721149,70.8,,121.257449610793,98.0721435546875,64.2354736328125,6.762
ISR,2013,25.8472324040417,4.090137433307348,36980.622214228,70.250311945,,122.590468216873,98.7666168212891,62.6519393920898,6.137
ISR,2014,26.9843193373229,3.718144149430998,38265.36519493732,75.0177531628076,,120.296120931284,98.5257034301758,62.6224403381348,5.789
ISR,2015,26.9840410445519,2.235998896038055,36138.135613859966,77.3520896572253,,131.256932278377,98.464973449707,61.6271781921387,5.176
ISR,2016,27.5030283172787,4.536019392365716,37571.25611962752,79.6531241815281,,128.745353991867,99.2754516601562,61.4426498413086,4.723
ISR,2017,28.00833361537,4.343945189325467,41013.25753235188,81.5811835871611,,126.049460421008,98.0842971801758,60.3434600830078,4.14
ISR,2018,28.6131707306182,4.053499528882938,42269.37702575852,83.7331569615326,,125.733440171505,98.327278137207,58.6109886169434,3.917
ISR,2019,28.6567652412239,3.578987629236053,44091.86780225441,86.7878776180583,,135.143345507015,97.8852386474609,57.4564514160156,3.731
ISR,2020,29.5678161933081,-1.8020692795346636,44590.823725328206,90.12734091,,139.425860895034,98.0958404541016,57.633861541748,4.169
ISR,2021,29.7078785417387,9.335346902362488,52258.4693499398,90.29689758,,139.775312861878,98.8700408935547,60.2585487365723,4.812
ISR,2022,29.1676695245416,6.364072347987062,54947.20912507148,91.85079615,,151.1379631075,98.5873031616211,58.9500617980957,3.695
ISR,2023,29.4357235504327,2.062725047316178,52126.44892800326,87.03842615,,153.336641345572,99.3012008666992,57.143440246582,3.371
ITA,2000,0.20079551341108,3.88209885062652,20190.00356360841,23.1108742441037,,73.7635413875173,,,10.834
ITA,2001,0.680559859951251,2.006433298377331,20570.438591786176,27.2221169788811,98.4199981689453,89.4255655975944,97.2837066650391,53.4531898498535,9.599
ITA,2002,1.48030425581552,0.26992966378873,22451.396437936848,28.04,,94.3911654884722,98.8138809204102,56.3153915405273,9.211
ITA,2003,3.89679897707815,0.0665538088732091,27577.57003198548,29.04,,98.3205679683228,99.5263137817383,60.0055885314941,8.869
ITA,2004,8.12094346025382,1.4740217064722998,31348.190184144543,33.24,,107.860980448921,99.0750198364258,63.3327293395996,7.866
ITA,2005,11.6579729835562,0.7624106773064909,32062.72383366903,35.0,,122.181092098347,99.2056274414062,65.3270263671875,7.73
ITA,2006,14.4626057407447,1.7994799223424425,33537.12869942695,37.99,,136.871374454418,99.5338516235352,67.2835083007812,6.777
ITA,2007,17.1245900774031,1.4622920528929058,37826.17545548228,40.79,,151.925130505279,99.8377380371094,68.8725967407227,6.076
ITA,2008,18.9320738480128,-1.0231385117709664,40828.57955809372,44.53,,151.676369660737,100.291458129883,67.5799865722656,6.723
ITA,2009,20.1731687077376,-5.305154012339912,37099.6133958219,48.83,,150.295257362571,100.175491333008,66.9516296386719,7.749
ITA,2010,21.7704634480966,1.5291057324710096,35856.86254855392,53.68,,155.684057564253,101.401161193848,65.3790435791016,8.363
ITA,2011,22.393878996579,0.6954631544401764,38432.37428200186,54.3899983018814,98.8499984741211,159.092737727414,101.59642791748,64.2492523193359,8.359
ITA,2012,22.7375144996784,-3.1252387728299595,34854.39494419646,55.829997993283,,160.558717223582,100.449836730957,62.3447418212891,10.655
ITA,2013,23.1031860985354,-1.8180251074979168,35701.67460023755,58.4593,,159.698153133449,100.973121643066,60.8925285339355,12.149
ITA,2014,23.7083714537202,-0.0013876173045446,36028.34940223488,55.6384602242293,,148.21699121216,101.121726989746,60.8831481933594,12.683
ITA,2015,24.5977602494059,0.8856676352408073,30639.882975143213,58.1417349568747,,144.763979440074,101.228088378906,60.941291809082,11.896
ITA,2016,25.7337403103573,1.236221085116611,31391.569289810846,61.3242527666303,,142.127307324616,100.742958068848,61.3571014404297,11.688
ITA,2017,27.4652917045411,1.603699952941014,32844.115660604024,63.0773469984291,,138.882433107903,101.01001739502,62.69580078125,11.211
ITA,2018,28.4648521996575,0.8266467123441146,35062.33641769489,74.3871829234822,,138.264671531909,101.526412963867,64.4753265380859,10.538
ITA,2019,29.0544644701951,0.4291625337803424,33812.788724867976,67.8507102874836,99.3499984741211,132.181234381376,101.74178314209,65.6895065307617,9.884
ITA,2020,30.2586365187027,-8.868221221853446,32091.48666213664,70.48342785,,129.49000571147,101.836128234863,68.7231063842773,9.192
ITA,2021,31.2852927413407,8.931062108000546,36852.542541495095,74.8623274,,130.781488497698,101.834869384766,71.2745208740234,9.497
ITA,2022,31.19136706407,4.821176699135648,35653.9042103495,85.06074504,,131.673965640047,101.353858947754,73.8962097167969,8.069
ITA,2023,31.8410876819321,0.9227965436703158,39279.69978216402,87.0278292,,131.871674517747,100.678756713867,75.9496536254883,7.627
JAM,2000,,0.8787035504423102,3453.0925280022648,3.11577802729967,,14.0711841971052,80.0481491088867,13.8694095611572,6.752
JAM,2001,0.123266129477828,1.3449295661513505,3503.550266888578,3.8630203874764,,22.7795045196946,79.911491394043,16.0548496246338,6.641
JAM,2002,0.340835243273048,1.9972909419129508,3680.6455172772394,6.1,,47.1479664254563,80.4983978271484,16.8487892150879,6.616
JAM,2003,0.338775957296161,3.666317590419908,3549.7075839461813,7.8,,59.336985338153,80.8683929443359,18.8019199371338,6.534
JAM,2004,1.01039396008944,1.3237251045057403,3807.562931245522,10.0,,68.7648682277877,85.6572189331055,18.9983196258545,6.539
JAM,2005,1.6746890474592,0.8937979354098928,4184.4397486749685,12.80000019,,73.7408013052154,84.6938323974609,17.27659034729,6.577
JAM,2006,2.52661268108323,2.899125344812873,4417.001271353632,16.39999962,,84.2161032637188,,17.2686595916748,6.605
JAM,2007,3.41838013118137,1.431954037696272,4716.486125427274,21.10000038,,98.9141056820694,86.4005813598633,,6.607
JAM,2008,3.57065417783379,-0.8117367021867921,5029.800952817452,23.6,,99.9151757296924,88.0502090454102,22.3192901611328,6.666
JAM,2009,4.09942290723951,-4.345301858280706,4428.381533335574,24.3,,108.003887475132,90.1742782592773,22.2321395874023,7.314
JAM,2010,4.24530155339071,-1.457147208503855,4809.977380311997,27.67,,115.769193267185,89.4939454246108,25.3770890609495,7.63
JAM,2011,4.28434186055105,1.7303762700634877,5232.636449181319,37.438613414848,,106.698112729098,91.5373916625977,24.7684625492773,8.034
JAM,2012,4.43820042345524,-0.6136360421323985,5340.833332321578,33.79,,97.9262957044903,,27.0686781072538,8.695
JAM,2013,5.05861470775989,0.5176860113117243,5124.213014111368,37.1,,102.24554700295,85.4017870483818,25.6212147817614,9.698
JAM,2014,5.42475361959861,0.6898223597625872,4975.113254598724,40.4027351046672,,107.579098909745,86.3705618020868,,9.046
JAM,2015,8.1672514945403,0.9214871239985598,5339.307182568061,42.2212211907441,,111.942013905986,85.3548254033729,26.2334142821948,8.825
JAM,2016,10.1806638279094,2.760437613695572,5302.29553353854,44.3668563671334,,116.279104528073,87.9398248609799,,8.634
JAM,2017,8.49218897606476,2.2930337129136262,5605.43541173019,55.0720670507751,,109.782709062265,84.2369432325225,,7.399
JAM,2018,10.0973831751177,2.515844586125126,5976.903626443367,68.2145170876072,,105.137305560766,83.7616154022844,,5.47
JAM,2019,11.2602367962551,1.809431473013575,6030.688964159207,70.8410169743356,,107.105304450051,85.7618499653089,,4.987
JAM,2020,13.6219905826712,-8.304419235831347,5299.045308042832,76.38400269,,101.50208125864,81.5337816615681,,6.501
JAM,2021,14.5717525783368,5.704679783090953,5625.678062712359,82.36071561,,102.38666630017,85.8093525179856,,5.188
JAM,2022,14.9601781381994,6.439303236561855,6626.475023885385,85.84329987,,105.762018411183,82.8584671020508,,4.083
JAM,2023,15.7852035329423,2.746344339067136,7542.398558490543,89.47304282,,115.092228780619,85.4353132628153,,3.022
JOR,2000,,4.245711920791507,1570.6100294047749,2.62327542156362,,7.22021479706958,84.5952987670898,28.7968101501465,13.7
JOR,2001,0.0074378593222564,5.269957575136061,1632.2945401056288,4.70571958094159,,15.7418382678408,,,14.7
JOR,2002,0.056569848003923,5.783807926793088,1706.2674438440122,6.02553241191204,,21.7162155857855,83.6367721557617,32.2784004211426,15.3
JOR,2003,0.0870106175245932,4.161667555443628,1775.6762558143184,8.46600501623938,89.8899993896484,23.0817258893857,83.7643737792969,36.0558204650879,14.5
JOR,2004,0.177216795269549,8.567214242369062,1940.0864134280496,11.6587413706379,,27.6112403458584,83.6611480712891,40.467830657959,14.626
JOR,2005,0.390590599322972,8.1465948107994,2087.8707927363457,12.93290043,91.129997253418,52.0383900257182,84.393669128418,39.7074890136719,14.8
JOR,2006,0.756483482904597,8.092975278119212,2342.634595749326,13.86709976,,67.5719512690336,86.7745513916016,37.8664016723633,14.0
JOR,2007,1.30093814077077,8.17616995204655,2506.205994841393,20.0,92.1999969482422,69.8913482736109,87.7151718139648,38.7338409423828,13.1
JOR,2008,2.08642054082296,7.220386372801485,3669.830127017445,23.0,,76.0181096461649,88.4466781616211,41.3684692382812,12.7
JOR,2009,3.33245913153255,5.1166722695063385,3845.343880862738,26.0,,84.2141418220428,,42.0630187988281,12.9
JOR,2010,4.0191074658598,2.6377158262256017,4139.042831613678,27.2,92.5500030517578,90.7216800010634,87.3644409179688,37.7581337455828,12.5
JOR,2011,3.96517630551423,2.907293153922069,4363.428002115358,34.9,95.9000015258789,100.02856789936,87.5930404663086,37.4216386327285,12.9
JOR,2012,3.95794086483593,2.4046571653553883,4593.836097290047,37.0,97.8899993896484,118.414414309923,87.2317581176758,43.9161464129347,12.2
JOR,2013,4.10898208403129,2.7231120596411245,4739.022536417785,41.4,,129.056838070079,87.3027919681245,,12.6
JOR,2014,4.00130350068417,3.3228732804750933,4610.604602693822,46.2,,126.168902295458,88.8703034099213,,11.9
JOR,2015,3.24499522197016,2.5226167109214828,4441.618960137543,54.22000122,,144.561128974956,,36.6284278762539,13.075
JOR,2016,2.97134814263758,2.1116680696725183,4366.069996472683,56.15000153,,98.1219857316846,,34.0612635636995,15.275
JOR,2017,3.24328385947311,2.507703980703525,4449.346180766106,64.5,,94.8121235548248,88.8758288897009,28.6210570991622,18.12
JOR,2018,3.81938742759006,1.8538341561692704,4533.976584372052,65.2,95.4300003051758,83.4592297338656,89.7929068080636,31.5562985544301,18.257
JOR,2019,4.28692534434619,1.8563300659276507,4557.793347291206,70.08470154,,72.8902684631993,89.5104774843719,30.1108403894558,16.801
JOR,2020,5.80332966781737,-1.1525753415802171,4411.483218383957,78.4178009,,64.3142601333354,90.1992992911958,30.2879665605319,19.213
JOR,2021,6.45876564968631,3.752012767558284,4581.719672303647,85.999997,,65.7448847660422,90.0636022467584,30.451314266821,19.837
JOR,2022,7.0736531298176,2.7468615450030995,4754.41362207378,90.4999984,,67.7457074341635,90.9912658899133,32.5119829829151,18.2
JOR,2023,7.03749462484875,3.1290010201725096,4906.235430066391,92.53443944,94.8499984741211,67.545678186078,91.9696843781763,33.0567036969523,16.62
JPN,2000,0.672809474783506,2.9783268876851565,39752.93739775502,29.9907403589142,,52.5746173540028,,,4.748
JPN,2001,3.01351213264344,0.284608556379041,34910.16640368698,38.5320608612719,,58.7922921478922,,,5.02
JPN,2002,7.37142066369461,0.0849888050363318,33315.9165174962,46.5942011179917,,63.6299013940492,,,5.386
JPN,2003,11.6840438886277,1.3801093583079478,35808.68167923878,48.4352658899653,,67.8735418673073,,,5.251
JPN,2004,15.3010425771079,2.112948237231265,38677.57080647875,62.3939296327259,,71.5670665187225,,,4.734
JPN,2005,18.2163227241445,1.8482813374833995,38158.67582639631,66.9210661042901,,75.4291988176682,,,4.446
JPN,2006,20.6558091050193,1.5463084307874055,36354.42716463494,68.6852703213795,,77.9907399102107,,,4.192
JPN,2007,22.0965845880481,1.7283791286557744,36129.95351329253,74.3,,83.8011886263973,,,3.888
JPN,2008,23.5007969584566,-1.1666220935514104,40294.20813097016,75.4,,86.1411128734599,,,4.002
JPN,2009,25.6358294679867,-5.935941138396402,41678.17830631951,78.0,,90.7193519244929,,,5.068
JPN,2010,26.6035065260031,4.136455892222386,45378.137810939865,78.21,,96.1788512760143,,,5.102
JPN,2011,27.8666731326287,-0.2003578533298196,49122.07763424704,79.0541135244739,,103.641547955059,,,4.55
JPN,2012,28.2442659182057,1.6489345298122515,49626.6830327571,79.4964,,110.319058838317,,,4.358
JPN,2013,28.9051021054089,1.9972765339926468,41369.19484794981,88.219428911,,115.787169243408,101.049438476562,62.6422691345215,4.038
JPN,2014,29.6414897863191,0.9059154860658652,39172.8471161948,89.1068330166075,,123.822099584501,101.036422729492,62.8334884643555,3.589
JPN,2015,30.5419859940146,1.7999773578347489,35664.64461106127,91.0580283929962,,126.150959704287,101.724517822266,62.4498481750488,3.385
JPN,2016,31.3035556297124,0.7049864951112568,40214.96886315619,93.1827212821617,,131.214861037498,101.296928405762,62.4975395202637,3.132
JPN,2017,31.8990791226107,1.6234506224544134,39679.86352629483,91.7265472366635,,135.985843116605,100.260749816895,63.287540435791,2.822
JPN,2018,32.6965336498031,0.8341438459655848,40645.47808651896,88.7463508901772,,141.728728918149,100.482200622559,62.6058502197266,2.467
JPN,2019,33.545921250597,-0.3084969211432593,41424.86556015434,92.7303978145525,,147.209910756974,100.660270690918,62.4008407592773,2.351
JPN,2020,34.8370612448992,-4.283279426755726,41098.97390045528,90.21945812,,154.432206765516,101.34056854248,62.2987403869629,2.809
JPN,2021,35.9391724358064,3.564195314744751,41580.73904070501,82.91407928,,159.516123485628,101.744400024414,62.0412483215332,2.808
JPN,2022,36.8414210393741,1.3316475065374078,35548.2645222433,84.92343147,,168.602943650636,101.38200378418,63.3752288818359,2.614
JPN,2023,38.6312383711286,0.7207853047498105,35215.00353536598,85.00990295,,178.432441299977,101.537071228027,64.4907608032227,2.6
KAZ,2000,,9.80000000214156,1180.0444563226,0.668594402621264,,1.27281265081588,89.0767288208008,30.799259185791,12.75
KAZ,2001,,13.499999998435785,1422.2733181095696,1.00612421099739,,3.73662567292969,,,10.43
KAZ,2002,,9.799999999608415,1573.5521993232485,1.67477099516366,,6.55950173845957,,,9.33
KAZ,2003,0.0063375621849475,9.30000000033759,1958.0205024651127,2.00041475265872,,8.45048509656845,,,8.78
KAZ,2004,0.0125992426952941,9.600000001368542,2722.474077554025,2.6503946570164,,15.4383309340935,,,8.4
KAZ,2005,0.0187623875751912,9.69999999922682,3577.358040017821,2.961699963,,33.8048625269968,,,8.13
KAZ,2006,0.189397279485058,10.700000000000005,5030.13494711519,3.268399954,,48.2853584849609,98.4432830810547,54.5240592956543,7.79
KAZ,2007,1.66307708073474,8.899999999994051,6449.439310965321,4.02,,75.7982025702559,,,7.26
KAZ,2008,2.0533862152829,3.3000000002109147,8123.547058917361,11.0,,90.7713165139918,,,6.63
KAZ,2009,3.4738228019682,1.1999999994287265,6938.011756630006,18.2,99.7300033569336,102.667617979132,,,6.55
KAZ,2010,5.16487386862476,7.300000003298138,8793.075899807822,31.6,,115.239169415109,98.5237492649908,46.7229330476587,5.77
KAZ,2011,6.99285046374658,7.400000001441882,11287.1464926039,50.6,,147.90107255349,98.8350532967319,50.4275094921369,5.39
KAZ,2012,9.46082267148947,4.799999995282974,12018.796652799265,61.9066274652008,,174.709434924298,99.0180187395814,52.1525037230692,5.29
KAZ,2013,11.1572510287072,5.999999996710841,13478.459627611956,63.30422443,,172.955295992334,97.6500312583517,45.8669276379862,5.2
KAZ,2014,12.0563854922617,4.20000000566705,12427.709457693862,66.0,,160.502596360577,98.522388891969,51.0877733655657,5.06
KAZ,2015,12.7238359694604,1.2000000005328817,10196.122625598213,70.82993359566,,145.482493555551,98.2120601574997,48.3464575023644,4.93
KAZ,2016,12.7965104881396,1.0999999991017262,7475.566886894244,74.5877264735738,,139.051166437953,97.0463003338151,46.0492258820674,4.96
KAZ,2017,13.8114386119057,4.10000000257358,8943.084167919838,76.4267482325439,,143.112796203246,96.5061709309357,49.9712092283595,4.9
KAZ,2018,13.0002402717791,4.099999993098408,9472.485273277582,78.9039190578816,,137.674831523214,96.1156212742477,51.9662639587064,4.85
KAZ,2019,13.0799490149564,4.500000000918831,9457.126146571356,81.8776204746284,,133.879728083238,96.5371355057456,57.3421123781351,4.8
KAZ,2020,13.4502836627046,-2.499999996279996,8781.507977876476,85.94259898,,124.698460644703,91.9490206290752,62.2921373672319,4.89
KAZ,2021,13.946795830528,4.299999997294563,9983.60103576902,90.9239507,,123.943942754522,94.310522086739,59.3849415869809,5.568
KAZ,2022,14.4739535470844,3.1999999997073445,11255.339643788113,92.29685266,,125.641583521795,94.0433413378673,57.2459264222925,4.86
KAZ,2023,14.3457210056574,5.099999999736411,12879.427525797384,92.87846096,,127.114775212168,95.2393054334066,54.6563982045582,4.835
KEN,2000,,0.5996953908074261,414.6263651308463,0.318059713612037,82.2300033569336,0.415770183556447,40.9617881774902,2.81501007080078,2.884
KEN,2001,,3.7799064979534336,410.7004524748136,0.619782266151425,,1.89758301688501,41.6857109069824,2.88299989700317,2.876
KEN,2002,,0.5468595301755954,402.9363856053818,1.20777388492125,,3.63815196215681,41.8610191345215,2.87671995162964,2.916
KEN,2003,,2.932475545709039,442.8984572534054,2.94190286101524,,4.72713199362788,43.5811309814453,,2.869
KEN,2004,,5.104299776297381,463.66278130012114,3.0235280420962,,7.33478416366219,47.1179389953613,2.96267008781433,2.844
KEN,2005,0.0150824868721744,5.906666079800573,523.4563124338626,3.101900101,,12.8838631190706,47.2635917663574,3.00099992752075,2.739
KEN,2006,0.0480245939682215,6.472494300154835,699.8023706338097,3.599999905,,19.8902975525043,48.8131103515625,,2.673
KEN,2007,0.0466317101044582,6.8507297699878364,840.2014394767648,4.400000095,,29.8383317494537,50.8713607788086,,2.642
KEN,2008,0.0083710927344398,0.2322827448129771,915.5443547360396,5.199999809,,41.5840102028368,57.0353507995605,,2.751
KEN,2009,0.0450395928955338,3.306939816310887,1047.967832448497,6.1,,47.9215304374475,57.7407112121582,3.99230003356934,2.816
KEN,2010,0.016505376254908,8.05847360290906,1091.518731011939,7.2,,60.0234402305252,,,2.793
KEN,2011,0.126627569687319,5.121106119705601,1096.1449980767547,8.800000191,,65.6730161546273,,,2.699
KEN,2012,0.123832539161972,4.56867961444982,1285.005361715117,10.5,,70.0226527327794,,,2.678
KEN,2013,0.164812822501609,3.7978483925754034,1370.8788521465926,13.0,,70.7541086893706,,,2.762
KEN,2014,0.221085377569084,5.020111002324839,1482.8156625349743,16.5,,73.0327455558393,,,2.767
KEN,2015,0.286921276745847,4.96772112759767,1489.1195977728398,16.5878548475992,,80.0958263165851,72.5750860661828,9.25319496188721,2.762
KEN,2016,0.275660288360412,4.213517068147439,1554.1261031442327,16.6,,80.9772361004341,74.4698594945796,11.6347883294504,2.757
KEN,2017,0.586008315906052,3.837958173647209,1667.4844723083545,17.82710075,,87.026530838819,,11.8049232142021,3.542
KEN,2018,0.739931101786048,5.647946407092192,1836.4527552899292,19.5,,98.5944679106884,,,4.284
KEN,2019,0.959288829892146,5.114158857678007,1960.408088548926,22.6687733618171,,106.547822056778,,10.4975595474243,5.014
KEN,2020,1.29112489733773,-0.2727663274388163,1927.6645902784887,24.7227993,,117.602526394779,,,5.613
KEN,2021,1.48254108303764,7.590489473334671,2061.3562208959406,26.96290016,,122.297519656734,80.3774269704216,,5.693
KEN,2022,1.47646942688922,4.859981042879994,2109.562885131375,29.40589905,,121.168999135357,83.7738192286218,,5.565
KEN,2023,2.38882511128724,5.719992412142076,1942.5880275619108,32.07040024,,120.612416887959,84.3083880306996,8.67676730066979,5.409
KGZ,2000,,5.4433366328832165,279.62173846436474,1.04140114469361,,0.179099309572162,82.4341583251953,33.69287109375,2.143
KGZ,2001,,5.321621411904658,308.4112955014804,3.00294132719239,,0.532339002940877,83.5917129516602,39.2672080993652,2.273
KGZ,2002,0.0007036398114714,-0.0173246130360666,321.7267753668044,2.99926518003089,,1.03755599311528,82.7385635375977,42.2281188964844,2.416
KGZ,2003,0.0026941002306072,7.030293197311679,380.5058288124407,3.90876626828521,,2.68012579703695,87.8954772949219,39.491138458252,2.548
KGZ,2004,0.0366516427604549,7.026812424976072,433.2338732860004,5.09038530732863,,5.06194358260871,86.5721893310547,39.1110000610352,2.68
KGZ,2005,0.0436876659731027,-0.1755154040442192,476.5481936400767,10.53380013,,10.3243942625057,85.4348373413086,40.615779876709,2.816
KGZ,2006,0.0522863147102303,3.102898741999809,543.1135124722191,12.30690002,,23.8858159268052,85.5732421875,41.6426811218262,2.962
KGZ,2007,0.0586257153654706,8.542874775076072,721.7715775443605,14.03,,40.8089370056808,84.9611129760742,41.4537391662598,3.094
KGZ,2008,0.356236382830574,8.401616048614287,966.3885693704937,15.69999981,,63.5283723785779,,45.5842208862305,3.207
KGZ,2009,0.32150754898984,2.886294575377306,870.1988945469169,16.0,99.2399978637695,83.1255498557153,86.7180862426758,43.4328689575195,3.343
KGZ,2010,0.419774276411519,-0.471566596791618,876.9544764403543,16.29999924,,96.0616640090492,87.7688035961973,42.2182042645436,3.503
KGZ,2011,0.697823858461874,5.956274296935035,1117.401743501848,17.5,,112.200710157323,87.5220892813577,42.4374714139813,3.644
KGZ,2012,0.958725846433585,-0.0881501998439375,1168.6224467544575,19.79999924,,119.333438543784,87.2870662875623,45.2330629115781,3.786
KGZ,2013,2.34937399187793,10.915469452804544,1269.6630346434772,23.0,,116.217890810688,87.7240351123141,48.5727890390198,3.881
KGZ,2014,2.89414662041846,4.024038630832521,1264.5266882389074,28.29999924,,128.230500927468,89.4164090538588,46.360320327803,4.02
KGZ,2015,3.52424456195573,3.875825445124392,1105.6519384426072,30.24699974,,126.284372135274,88.9591724149373,46.5495890237956,4.138
KGZ,2016,3.94326755245428,4.335855921901157,1103.2748942841188,40.52619934,,124.639033524314,90.4864998184447,44.5886036787376,4.294
KGZ,2017,4.14801893845004,4.739937223778838,1221.3904680708183,50.80530167,,136.137649413599,89.9187538995131,41.5760302696793,4.425
KGZ,2018,3.95179108798669,3.757910135571649,1283.520303741702,62.8,,137.74227608483,91.1445853879787,39.5679556504749,4.559
KGZ,2019,4.14366414717506,4.60062565707598,1421.9992750410186,64.1,,132.776694304851,91.6686153595535,40.8257000638543,5.45
KGZ,2020,4.33664358791982,-7.1489775772795525,1229.517666029075,72.0,,109.780106660424,92.1655305586517,45.3327840830343,5.945
KGZ,2021,4.43257724274204,5.507007626719229,1349.9973065054237,77.11769867,,108.171654806063,92.5062000270634,51.6239256637785,5.149
KGZ,2022,5.60484304582026,8.96750520041391,1739.720183441745,84.1937027,,106.925973017004,,54.2184527097527,4.767
KGZ,2023,6.44652532064676,9.013292833934202,2138.22210211478,91.04440308,,108.59118718329,91.2655243671618,53.588822099772,3.498
KHM,2000,,9.993580322920792,296.42668752633426,0.047022640068885,,1.04753234064625,18.1284408569336,1.86557996273041,0.745
KHM,2001,,7.389710650705169,327.5009843144443,0.0769560555527296,,1.76528247774378,20.176570892334,1.97913002967834,0.778
KHM,2002,0.000388946422708,6.265072805096366,350.14727663429426,0.226983237666204,,2.95599281258127,23.8959407806396,2.33661007881165,0.862
KHM,2003,0.0032104898272679,10.283681307169148,386.691123931778,0.260570197574002,,3.81878187119913,27.8392200469971,3.01460003852844,0.909
KHM,2004,0.0058891343282094,9.457694811039287,444.1990675290812,0.300436644360101,73.6100006103516,6.50447336378519,30.9775104522705,3.07344007492065,1.004
KHM,2005,0.0074409179949821,13.303333835845493,525.7973251209264,0.317321781089656,,7.90225491067104,,3.77035999298096,1.061
KHM,2006,0.0212625122552722,10.943360068169357,612.2526485507273,0.468400002,,12.6229669738929,39.1435394287109,6.20005989074707,1.16
KHM,2007,0.061047105969829,10.398458101200973,731.6922951254261,0.49,,18.6632056449428,41.7365608215332,7.67417001724243,1.257
KHM,2008,0.118077523722062,7.476366066310106,866.2839997897495,0.51,76.870002746582,30.1491182361321,44.2504997253418,8.92994976043701,0.825
KHM,2009,0.210130974636491,4.0747785059906505,875.7489361935693,0.53,76.1399993896484,43.9033649673842,,10.6747398376465,0.579
KHM,2010,0.245960098825397,5.076918432292473,952.2746163240076,1.26,,56.2093511731757,,12.1998596191406,0.771
KHM,2011,0.149430290226227,7.2866581387955165,1088.9815282308143,3.099999905,,93.4414773928272,,11.4902860215331,0.577
KHM,2012,0.198955041072031,7.650256578703619,1192.8026304167313,4.94,,127.835438875055,,,0.505
KHM,2013,0.215211287808315,7.857499755425195,1305.6600972685976,6.0,79.6500015258789,133.580989792625,,,0.438
KHM,2014,0.429382210764698,8.000320746185665,1431.5639646999336,14.0,78.0599975585938,132.832921082419,,,0.692
KHM,2015,0.534485428160887,7.207034725295117,1547.320104443935,6.43319107021405,80.5299987792969,133.45841400103,,13.615484963166,0.393
KHM,2016,0.615922622642822,7.905501161307043,1675.1955571110864,32.3984517141849,,125.627644524442,,,0.716
KHM,2017,0.831393686402579,8.07503915535979,1826.353916887541,32.9002785437986,,115.551192369591,48.9424458707368,12.5181529981862,0.141
KHM,2018,1.02122815035674,8.776223762244626,2036.6737756657817,65.0,,119.309943480982,50.199099715459,13.2671737077763,0.129
KHM,2019,1.11871609188205,7.93695013588524,2225.877054856862,52.305878224498,87.6600036621094,129.957441474291,49.7344518908574,12.9409846754696,0.119
KHM,2020,1.39770029835926,-3.555721934065488,2081.7391424293914,56.37590027,82.5510430822563,126.075894769858,51.8196983337402,13.8767573747135,0.172
KHM,2021,1.98089406311481,3.0898428414866146,2167.403241984992,60.76269913,71.9300003051758,117.234785164989,54.2809323078227,13.5005634857238,0.396
KHM,2022,2.9638308346303,5.129901107739769,2325.030500408412,65.49079895,,113.391506572248,55.1346812645406,14.6069513022825,0.245
KHM,2023,3.64181801068419,5.007330438118984,2429.748534528382,68.92549896,,120.80911943838,56.7864734981041,17.4362364390629,0.256
KIR,2000,,6.742665312570523,845.3672402319726,1.78522547397736,,0.338550776974033,62.1038703918457,,
KIR,2001,,-3.1441291775969944,718.833787096781,2.33745894837722,,0.437261305141972,76.2893295288086,,
KIR,2002,,1.447154941844758,810.1087003744398,2.5,,0.536503945200728,81.5949478149414,,
KIR,2003,,-1.5754668921714057,1020.5003385139406,3.0,,0.558534642951951,87.8011093139648,,
KIR,2004,,-0.6089675971522439,1083.2688987175038,3.5,,0.640058281729718,87.655158996582,,
KIR,2005,0.328454123527312,1.2924302946584874,1161.7834173997692,4.0,,0.66302851022594,85.8441390991211,,
KIR,2006,0.401931671615825,5.776934498361854,1123.1925899068403,4.5,,0.699881020226562,84.0447463989258,,
KIR,2007,0.493788454755653,3.055079815666687,1352.5781404891095,6.0,,0.734804248148293,83.7022018432617,,
KIR,2008,0.657250868338738,-2.984731216318309,1410.622469140584,7.0,,0.959490318742684,82.9311904907227,,
KIR,2009,0.718532503029108,0.5368011946483193,1316.6275385367776,8.97,,9.30523072877042,,,
KIR,2010,0.778260229614366,1.225951989248799,1522.1006874415357,9.07,,9.74665145716809,,,
KIR,2011,0.768208808191817,3.263727195322246,1771.129268487921,10.0,,12.4612506439397,,,
KIR,2012,0.712479070927292,5.803659746452581,1843.5533634988888,10.74680042,,16.0307790958641,,,
KIR,2013,0.614908905637836,7.730921886996469,1772.087183171315,11.5,,17.5688258753668,,,
KIR,2014,0.433553578551237,1.2636626804459468,1736.7053568210142,12.25,,26.0132147130742,,,
KIR,2015,0.100158370072337,11.265320943129382,1639.8527474065236,14.89999962,,35.0982322475709,,,
KIR,2016,0.0928442411249346,7.088034657786693,1742.667993241167,19.41939926,,43.8900048954236,,,
KIR,2017,0.0922885055082104,3.712001716220527,1854.332692096698,25.30960083,,38.3479526086053,,,
KIR,2018,0.0712624094885489,3.4246575342465637,1915.5600258199104,32.9864006,97.9599990844727,43.6895907735657,,,
KIR,2019,0.0847314014573801,3.3112582781456865,1750.24040333237,41.79299927,,44.1071327700713,,,
KIR,2020,0.146710124584652,-1.2820512820512704,1751.8719954227197,52.95090103,98.6079816424987,43.3476871347116,,,
KIR,2021,0.0864640862459786,8.441558441558456,2223.541478664645,67.08760071,,40.9979980837689,87.142166928373,,
KIR,2022,0.0689819037472503,5.089820359281433,2078.764875185501,84.99849701,,49.1120496056535,88.6853008111105,,
KIR,2023,0.039990945446314,3.133903133903132,2200.6891861428862,88.0,,51.2540556855052,94.7441990494828,,
KNA,2000,,10.042808415172956,9319.655450935246,5.86281024037522,,2.65205091937765,105.416763305664,,
KNA,2001,,5.253449830108863,10022.59192356372,7.71472655580319,,4.58906055374664,94.4978179931641,,
KNA,2002,1.08648413733159,1.3677150725363276,10453.658706431252,21.152381758186,,10.8648413733159,92.0138931274414,,
KNA,2003,4.33125433125433,-3.933394860329386,10175.629544998916,22.9697842928439,,47.6437976437976,89.5737686157227,,
KNA,2004,9.50016193457843,3.9963466612543073,10944.618374176833,24.7376775443732,,62.6147036597215,86.9458694458008,,
KNA,2005,13.9974589228417,9.732820702980163,11783.786715414511,34.0,,109.826216163835,90.2405471801758,,
KNA,2006,18.8966909317357,3.1503811996822293,13837.84953112188,38.5,,109.514913354377,,,
KNA,2007,20.5541043977219,0.6006023265437506,14757.957975103523,43.5,,138.097888922194,110.051109313965,,
KNA,2008,23.7087648126401,11.317035826710937,16604.94486159053,49.20000076,,159.069072275008,109.900001525879,19.8842601776123,
KNA,2009,27.709097109728,-3.4047401537624467,16503.411929279435,55.70000076,,160.925910137267,108.54093170166,,
KNA,2010,31.1659479998292,-0.0541942065330545,16622.94579085767,63.0,,170.772317807283,109.923469543457,,
KNA,2011,26.8736936398925,1.6166073042368794,17832.457291997453,63.20000076,,164.228127799343,109.116302490234,,
KNA,2012,27.6401675419386,-0.7376367374483976,17532.05590086078,64.0,,161.588671783641,92.2169189453125,,
KNA,2013,28.2563895557586,5.727280872347038,18580.13019499348,64.59999847,,163.589623743865,121.377906799316,,
KNA,2014,29.7691605258128,7.576966023289216,20219.3954237956,65.38179779,,138.036484104568,113.12451171875,90.9599990844727,
KNA,2015,34.7781765667806,0.6941355278766252,20328.800353010854,66.17310333,,155.051288041285,115.485420227051,93.92236328125,
KNA,2016,30.1178969729156,3.932703192732816,21387.541551110324,66.97389984,,162.682952734997,116.914031982422,,
KNA,2017,62.2146652497343,0.220941147299996,22464.989963395918,67.78440094,,163.396386822529,119.603784742756,,
KNA,2018,34.8472600408441,2.003525498009722,22901.38164031969,68.60479736,,152.301735874745,116.923551171393,,
KNA,2019,43.4039018572159,2.9382465805635576,23595.49232312906,69.43499756,,138.916340092009,118.920614998431,,
KNA,2020,45.9569020695541,-15.301889174064884,18859.019036104597,70.27529907,,133.400896095584,111.195206559445,,
KNA,2021,43.0254688535808,0.3676068792163107,18361.144969788555,74.37159729,,121.256121292475,123.94677734375,,
KNA,2022,46.7447387013209,10.480494154680713,21011.5744209816,75.76229858,,116.923933289088,119.88360814743,,
KNA,2023,,3.0212752612928284,22576.92484391659,76.58950043,,118.893023653706,137.513208876365,,
KOR,2000,8.27512573540369,9.201858388047896,12710.299579557866,44.7,,57.3408437262605,98.0937805175781,74.6898574829102,4.063
KOR,2001,16.6187152698861,4.7259356032235615,11981.482821875825,56.6,,61.7420382357865,97.6082382202148,77.3433532714844,3.699
KOR,2002,21.9993226089619,7.743998953195685,13642.942453710111,59.4,,68.3786357970296,97.2662963867188,80.7160491943359,3.046
KOR,2003,23.5266686815046,3.074726618269466,15211.548377042198,65.5,,70.6984149567203,96.9660186767578,84.4563903808594,3.348
KOR,2004,24.994067246262,5.183636859733397,17121.63016332014,72.7,,76.705022268137,96.9991989135742,89.8009033203125,3.42
KOR,2005,25.4760546993955,4.3582366733715645,20167.047490250618,73.5,,80.1274936342835,97.2146224975586,95.3700103759766,3.482
KOR,2006,29.2516487032032,5.24500550580342,22609.70594314485,78.1,,83.7326193913918,96.7785415649414,99.9493103027344,3.254
KOR,2007,30.5325293113359,5.841963391871701,25078.485395710468,78.8,,92.0940186995266,96.7113800048828,102.949272155762,3.013
KOR,2008,32.0017644786606,3.004404516795688,22252.31251080609,81.0,97.9700012207031,94.314085183969,96.3489303588867,103.136177062988,2.959
KOR,2009,33.675976694352,0.81986175641795,19937.30291377345,81.6,,98.7589987345583,96.8854293823242,102.658447265625,3.363
KOR,2010,35.2563205089625,6.981661388530711,24071.26205263616,83.7,,104.09665032935,97.2930603027344,101.673286437988,3.324
KOR,2011,36.353305205381,3.6880320602952,26175.23985533631,83.7591201534472,,106.878306781378,97.5294189453125,100.819679260254,2.992
KOR,2012,36.8000321131758,2.547665505682417,26600.54774339028,84.07,,108.114681779859,97.3674163818359,98.286979675293,2.812
KOR,2013,37.4217663483917,3.291395954344196,28449.359110497207,84.77,,109.206248930023,97.8287506103516,96.3375015258789,3.067
KOR,2014,37.9883114555998,3.2146801968310825,30667.09124674474,87.5568264944747,,113.358579550833,98.5806732177734,94.4421691894531,3.082
KOR,2015,39.2759563055891,2.920292673012341,30171.79065452224,89.8962557995106,,115.595447050042,98.5931930541992,93.9676513671875,3.546
KOR,2016,40.0712454963259,3.171527489839349,30832.0628072516,92.8430256796075,,119.489512998783,98.7179565429688,93.6577224731445,3.65
KOR,2017,41.1680978249153,3.4331917639720047,33296.98454391951,95.0694218761004,,123.642066127533,99.105583190918,93.7230224609375,3.653
KOR,2018,41.2189959375994,3.1761156817732683,35363.95082286868,96.0228595797887,,128.494634504197,99.3186569213867,93.3281784057617,3.824
KOR,2019,42.0373507524342,2.3138021059547498,33826.94433015971,96.157579184239,,133.079790493891,98.3813018798828,93.9989166259766,3.746
KOR,2020,43.0540600860627,-0.7002423175421058,33645.77195450733,96.50506052,,135.973274343048,97.0888214111328,96.8767700195312,3.931
KOR,2021,44.2526082339633,4.612967954542867,37518.46353056967,97.57132698,,140.516382791931,98.0692291259766,100.359878540039,3.639
KOR,2022,45.4542124182774,2.727564567089914,34822.40484049711,97.16855335,,148.68360770138,97.8181304931641,102.813056945801,2.857
KOR,2023,46.5676352036327,1.583014674036292,35674.09599563203,97.41597478,,162.11365652794,96.2983932495117,106.709167480469,2.675
KWT,2000,,4.694581870792106,19296.347169872908,6.73139576837536,,24.3514507786069,85.79931640625,,0.8
KWT,2001,0.248988980245712,0.2133325764993543,17374.231866422688,8.55179243431475,,43.7184811074631,87.0694427490234,18.3207397460938,0.8
KWT,2002,0.509715171162355,3.0142831519225126,18512.75230358616,10.2489679289296,,59.5638585729723,,19.2795295715332,1.1
KWT,2003,0.616148493682819,17.326020417514343,22690.655175143995,22.4029383804612,,67.3023739253541,96.0627212524414,19.5890598297119,1.3
KWT,2004,0.927076187121058,10.240298058635377,27552.28273997867,22.9271120360078,,82.2579404075427,100.651512145996,19.9746398925781,1.7
KWT,2005,1.11767409338748,10.609044984022844,36122.61427412268,25.92609978,93.2699966430664,61.7887792674138,108.55924987793,,1.455
KWT,2006,1.26864216805872,7.514773000240211,42946.637410406605,28.79120064,93.2799987792969,49.8818682701176,101.013938903809,,1.3
KWT,2007,1.39559717004793,5.991575510593151,45709.41328763706,34.79999924,93.6600036621094,56.8763664391577,101.308387756348,,1.5
KWT,2008,1.50862499768992,2.4797569427854427,55585.18893444415,42.0,93.9000015258789,56.570118438377,99.557746887207,,1.75
KWT,2009,1.60973913640715,-7.076056430734113,37907.10013200416,50.79999924,,93.6658195861611,99.4600067138672,,1.64
KWT,2010,1.56283337614138,-2.370548044259124,39212.25222015503,61.40000153,94.4700012207031,135.190013358828,99.4166345928894,,1.82
KWT,2011,1.50024865823506,9.628634195343608,49169.60638130948,65.7690706867398,,157.499296159938,98.1417694091797,,2.051
KWT,2012,1.40844015253107,6.625874850789714,52155.22258339213,70.44999695,95.5100021362305,152.830739955499,98.6952312050305,,2.227
KWT,2013,1.33989177095491,1.149465527806484,49651.04392750774,75.45999908,95.5899963378906,182.738430889808,95.5615386962891,,2.465
KWT,2014,1.3094125484278,0.5009146694449242,44368.78134577507,78.69999695,,207.323653501069,93.0660018920898,55.893130577116,2.9
KWT,2015,1.43436327571018,0.592770817217982,29882.21264956976,82.0,95.6900024414062,199.89137958103,95.3934020996094,58.9434554973822,2.2
KWT,2016,2.5322361225893,2.9260758425638755,27323.689073551704,85.59999847,,191.294217665413,,59.2213394214596,2.16
KWT,2017,2.83340373578262,-4.712222704953618,29047.653613570285,97.9999893344615,96.0400009155273,171.826095119125,,54.9159622359267,2.23
KWT,2018,2.40138113937059,2.743330450314147,32067.9623756889,99.5988495907557,96.0599975585938,164.219580620472,,52.1066893601774,2.202
KWT,2019,1.90435176851799,2.263817065957909,31707.87374435514,99.5426764518489,,164.941648203568,,50.4400595299189,2.213
KWT,2020,1.68058136279176,-4.817315933815848,25236.075584894115,99.10587017,96.4599990844727,153.866464370257,,53.731878917367,3.489
KWT,2021,1.61587179429556,1.6721305430785949,34018.63425929132,99.7,,158.646854136291,,51.8967176944636,2.97
KWT,2022,1.36328249349441,6.758667119666171,39981.76910358333,99.74729919,,168.350157565806,,,2.133
KWT,2023,1.01366418243269,-1.6408779996887688,34091.97148130023,99.74731125,,167.68428501222,,,2.08
LAO,2000,,5.798782328619595,318.749852236965,0.111044032290124,69.5800018310547,0.23348379698675,33.2670707702637,2.64691996574402,2.045
LAO,2001,,5.751412879831946,320.3160054395676,0.181664460654566,68.7300033569336,0.535091846717965,35.1896514892578,3.04713988304138,1.881
LAO,2002,,5.918743683705642,313.3508171481308,0.267899241309349,,0.983088419678236,37.9458808898926,4.05916023254395,1.775
LAO,2003,0.0004387546738341,6.06700230344272,355.09721615146134,0.333912466428616,,1.97044724018923,40.6808013916016,4.79725980758667,1.639
LAO,2004,0.0008648086195821,6.3576954800823415,409.29629828411726,0.361434490258043,,3.53172273682179,42.5078582763672,5.579430103302,1.498
LAO,2005,0.0053496681076128,7.107568368112666,466.0615069977412,0.850399971,72.6999969482422,11.2024094632562,42.9863014221191,7.60128021240234,1.35
LAO,2006,0.0124262141132278,8.619266208328071,579.3919474407194,1.16989994,,16.9299201770861,42.2330513000488,8.78625965118408,1.199
LAO,2007,0.0187410133951187,7.596828800548778,697.323013673925,1.64,,24.4113505484264,43.0343399047852,11.2626600265503,1.068
LAO,2008,0.0470973263973196,7.824902763370119,885.7473760887619,3.55,,32.8857244198174,44.126880645752,13.0783004760742,0.944
LAO,2009,0.0691644922922526,7.501774912258526,935.0323728328304,6.0,,51.823574629881,45.6930198669434,16.2123508453369,0.835
LAO,2010,0.0929084268653597,8.526905517397168,1125.91610151261,7.0,,63.2029110570342,47.3594398498535,16.6638298034668,0.708
LAO,2011,0.10185806158476,8.038652680237249,1361.5470439491285,9.0,,85.2839686365553,46.3030907447649,17.4954696423161,0.96
LAO,2012,0.116245215124211,8.026098434612834,1563.5650771336964,10.74769974,,65.961259571669,49.0350189208984,17.330766926856,1.208
LAO,2013,0.136506949754098,8.026300226990173,1812.5177442465056,12.5,,69.7677113040611,52.6759359354755,18.9224448772621,1.469
LAO,2014,0.240468243989562,7.611963439793186,1981.0391090047272,14.26000023,,68.9014991708403,58.0247383117676,18.4954952643985,1.733
LAO,2015,0.213918838751508,7.270065843737854,2121.013390973629,18.20000076,84.6600036621094,54.7979496136596,62.2967936554274,18.1574846273063,2.006
LAO,2016,0.353548994456637,7.022836255011384,2303.2215603536265,21.87000084,,57.2966195875928,64.7630026961054,17.0880719461771,2.634
LAO,2017,0.387808918792952,6.892530872698899,2432.430594785113,25.51040077,73.7200012207031,52.8887895907566,66.0411073482017,15.4112577339384,3.268
LAO,2018,0.636626171692238,6.247960007558717,2545.1075420815,36.27130127,,51.3792491489602,66.1528570578416,14.4969749098337,2.897
LAO,2019,1.0539352904733,5.457735092484796,2589.320810352372,47.03229904,,64.0668582946144,64.986385458831,13.7404020217342,2.531
LAO,2020,1.67210846259045,0.5030318290186813,2583.7773069613104,54.0,,63.1139885984314,62.4493058083911,12.561911777868,2.349
LAO,2021,2.0226898696049,2.5283510048610225,2526.0510501852928,62.0,,64.7101497693472,59.8530595325837,12.4396649191011,2.08
LAO,2022,2.38186047453058,2.707426526431547,2046.4044025562048,64.54000092,,63.3546046458219,56.8782044614964,13.677811550152,1.209
LAO,2023,2.72021122524182,3.745681401582317,2066.9497977695714,64.39800262,75.6399993896484,64.7588066942788,54.4330611689851,14.8841695785522,1.186
LBN,2000,,1.341871619704051,3986.835139410256,7.95274373635276,,17.1619692609035,62.5770492553711,28.1094799041748,8.641
LBN,2001,,3.839669277029728,4009.5592975110153,6.78321977527715,,17.4186343316709,60.7058296203613,31.8084697723389,8.499
LBN,2002,0.0,3.423149828437815,4290.852838032664,7.0,,17.365370345809,62.5551910400391,33.2399406433105,8.248
LBN,2003,0.0,3.2270982687904137,4437.715885075258,8.0,,17.577253205607,64.8559494018555,33.0007705688477,8.061
LBN,2004,0.0,6.679444616411033,4600.683714129933,9.0,,19.2300793233026,66.0179901123047,34.8977317810059,7.85
LBN,2005,0.0,2.685779310163454,4602.198046379449,10.14000034,,21.2702912503302,66.4239807128906,36.9155197143555,8.249
LBN,2006,0.0,1.5495150008321303,4635.251411748604,15.0,,23.2877147696888,67.2385787963867,38.105541229248,8.679
LBN,2007,1.03217964549997,9.310622526411436,5125.25809960149,18.74,89.6100006103516,26.0109270665991,68.0434875488281,40.4916915893555,8.98
LBN,2008,2.03031091775332,9.069128267890818,5912.045328208416,22.53,,28.9725367963399,68.8993988037109,41.7746200561523,7.666
LBN,2009,3.94608723416743,10.232155577776012,7090.854938566208,30.13999939,91.1800003051758,47.8801999965146,71.0917282104492,41.8963890075684,6.355
LBN,2010,6.56754781714514,7.975135558449324,7625.810515511655,43.68000031,,56.8042135263845,70.562435785543,42.1777031083244,6.768
LBN,2011,7.89496509040388,0.8673398785527695,7834.96257108993,52.0,,67.8303852810625,73.8286148513332,45.5351218323996,7.352
LBN,2012,9.09489046633696,2.5647913368003827,8406.984056081175,61.24980164,,71.7218113497571,72.2122774625477,44.9326117621184,7.952
LBN,2013,8.35736656593718,3.8278734986016048,8162.379293613964,70.5,,67.6382047262301,71.2231189680025,48.3089213263461,8.477
LBN,2014,17.8374158459364,2.48406010500743,7577.641330236905,73.0,,69.1237106092809,59.2622758017054,42.9353408813477,8.84
LBN,2015,,0.4623207925975805,7714.109999880404,74.0,,71.9609626558273,58.1075064918095,39.2905242294107,9.312
LBN,2016,,1.5545494085694287,8089.012088155,76.11000061,,67.6419803070033,59.4640916311345,42.5074771456909,9.794
LBN,2017,,0.9030284640738132,8608.21084982387,78.18080139,,71.4122336418984,63.1400703776303,44.1878772500135,10.258
LBN,2018,,-1.8847057563165064,9174.536662047589,80.90000153,92.6699981689453,73.9321026202855,64.2435656996928,47.2296269060678,10.755
LBN,2019,7.24813507210341,-6.9149247285102575,8905.880054974366,81.48120117,92.0099744752418,73.1364785867655,65.2767643910733,50.1483937104215,11.301
LBN,2020,7.57698778654173,-21.399899691432125,5561.19166950397,82.0664978,,75.2003104658777,65.89697761206,51.5677337643942,13.252
LBN,2021,7.55615217723581,-7.001238625141156,4045.3739106623375,82.65599823,,74.9935205999452,67.5143617766569,56.8657861418168,12.715
LBN,2022,7.29166684799988,-0.6216789706631118,3654.358455348785,81.46479797,,74.0148340435503,64.5017084327233,58.1761149059991,11.105
LBN,2023,,-0.7605844702573137,3477.7248984268376,81.7059021,,,62.8279212477627,54.4012561547071,10.985
LBR,2000,,28.61593425461828,298.48534057894545,0.0177027057169472,,0.0512274611977595,34.139778137207,18.5271492004394,2.018
LBR,2001,,2.920274765697812,300.46382859898296,0.033812227177592,,0.0663275559821154,,,2.104
LBR,2002,,3.763017617000713,299.5364455396212,0.0327133071190699,,0.161562268360098,,,2.222
LBR,2003,,-30.145132727942027,239.7795566770913,0.0318689345450327,,1.51465027446425,,,2.42
LBR,2004,,2.619846894774128,284.1402239924584,0.0310111848040233,,2.98933254606113,,,2.424
LBR,2005,,5.281212453092948,287.4873334413809,0.551400006,,4.84699403062391,,,2.413
LBR,2006,,8.04390997190059,320.55808618514965,0.529999971,,8.02111386343538,,,2.28
LBR,2007,,9.535275362822816,374.2113081042777,0.551400006,,15.3445714830815,,,2.232
LBR,2008,0.0028788252717938,7.145691128114763,451.7138562832848,0.529999971,,22.3665618687031,,,2.221
LBR,2009,0.0038041829781579,5.300540502915311,448.3863670255448,2.0,,27.5184959376398,,,2.241
LBR,2010,0.0045825336483619,6.0998252400414685,492.2528080337235,2.3,59.4030316392756,38.7127515158085,,9.00753004752703,2.266
LBR,2011,0.0014924743756363,8.200768224970645,568.0878655200041,2.5,,47.8690308724247,43.64794921875,,2.211
LBR,2012,0.0119825028018247,7.993814445553667,638.3687514620826,2.599999905,,54.4220580497379,,10.838520055325,2.146
LBR,2013,0.113640456360387,8.687287816396832,710.7445709278632,3.200000048,,57.0612667465878,,,2.08
LBR,2014,0.131455189226459,0.7013931002875182,706.7144900645072,5.409999847,,70.6628167823582,36.7695617675781,,2.079
LBR,2015,0.150232936167528,-0.0185649695590939,692.590082351257,10.0,,78.3786689834016,36.3728485107422,,2.557
LBR,2016,0.168222443902021,-1.5549586174877987,714.6130631456588,15.69999981,,65.5437117609357,,,3.081
LBR,2017,0.185608150260109,2.455155920122394,699.2690957274035,16.29999924,,54.8575199657656,,,3.067
LBR,2018,,1.1575751220735526,692.2031271297944,17.27770042,,,,,3.058
LBR,2019,0.21809295161251,-2.467297635326858,658.1641807705065,19.89579964,,38.4041861157665,,,3.071
LBR,2020,0.252453508259017,-2.982491276494727,616.787867006715,22.91069984,,32.1004345501657,37.7416801452637,,4.102
LBR,2021,0.247180102838331,4.986712834816174,667.9661051431905,26.38229942,,31.429900768597,,,3.844
LBR,2022,0.274673226516174,4.808105172906551,744.617175237387,30.38010025,,32.0638885570006,,,2.956
LBR,2023,,4.683756887613114,799.1944702296419,31.22410011,,,,,2.905
LBY,2000,,3.679270408199997,7214.100403770844,0.187042622337565,,0.754002670300457,,46.5393905639648,19.275
LBY,2001,,-1.7628388706260267,6312.800304989652,0.366533175284228,,0.925302374936594,,51.0642204284668,19.239
LBY,2002,,-0.9588973328496307,3718.294346967551,2.24441822165946,,1.27078412826932,110.586441040039,56.240291595459,19.281
LBY,2003,,13.016037247801336,4674.099432003214,2.81451798740855,,2.26002856533743,106.755638122559,58.543701171875,19.074
LBY,2004,,4.461638996486371,5773.763332342814,3.53283816154549,,8.71582286170796,,,18.938
LBY,2005,,11.870756522615096,8079.249573290012,3.91779995,,34.136694932988,93.6851577758789,,18.66
LBY,2006,,6.50052541959279,10048.84804342891,4.301099777,,65.6759769847586,97.6095123291016,,18.805
LBY,2007,,6.229982785618375,11144.94484134354,4.72199937850513,,73.7175601781016,,,18.771
LBY,2008,0.741600819831191,-0.1620482387998834,13906.1407818125,9.0,,118.341718213499,,,19.041
LBY,2009,0.989525790968802,-4.400181763102097,9551.054038697546,10.80000019,,149.749665681643,,,19.29
LBY,2010,1.1203724807586,5.027247672377499,11600.906864947192,14.0,,167.748077476219,,,19.321
LBY,2011,1.10354343066113,-50.33851513849862,7593.839152570198,14.0,,157.649061523019,,,19.504
LBY,2012,1.08911519181374,86.82674843957844,14975.890279514448,15.19999981,,155.146320117657,,,19.03
LBY,2013,1.02623025498094,-17.997961574568123,11951.713412601106,16.5,,162.34581961061,,,19.311
LBY,2014,0.977089431066341,-23.042805828221503,8926.420745914742,17.76000023,,132.203934123012,,,19.295
LBY,2015,0.933889931732646,-0.842656252118843,7458.489177563744,25.0,,149.224588127748,,,19.69
LBY,2016,2.54699624223062,-1.4909411172621958,7525.8029930821585,35.0,,115.499434118109,,,19.559
LBY,2017,4.71896206577758,32.49180218626876,9965.832367297568,47.5,,89.333810176041,,,19.053
LBY,2018,,7.941367852910403,11196.585481084374,47.5,,,,,18.865
LBY,2019,4.5748595928116,-11.196082885338583,9963.194890844828,71.40409851,,164.00440049702,,,19.087
LBY,2020,4.71229521564357,-29.455296728282377,6650.338105853479,74.35810089,,164.987107188677,,,19.651
LBY,2021,4.65300430613124,28.29968234291468,4935.827873498015,77.438797,,195.117849246865,,,19.779
LBY,2022,4.51840823499527,-8.299818111987946,5986.636948512581,80.64720154,,192.97309381967,,,19.238
LBY,2023,,10.200049785251707,6026.515187088119,82.10469818,,,,,18.713
LCA,2000,,0.048748553520113,5879.56191426207,5.09048334139327,,1.57613355525294,70.9955215454102,,16.49
LCA,2001,,-3.408063961894044,5570.452470981062,8.18186395448366,,1.6850040876951,73.2953567504883,,18.538
LCA,2002,,0.4164504930432144,5567.89428424719,14.6418357746777,,8.85480787671445,73.8339385986328,,20.39
LCA,2003,0.859022187315924,4.264611487382226,6058.606220593261,20.9824734633424,,60.7451403887689,75.6025085449219,,22.18
LCA,2004,2.31370137421684,7.267408869947104,6494.600348678856,21.395212362765,,61.4957470515529,74.9941787719727,13.3422899246216,20.97
LCA,2005,4.23088546388637,-0.410304726290235,6863.4364191934455,21.5675829464215,,63.8597763674826,79.0845108032227,12.7918500900269,18.7
LCA,2006,4.30631484826481,6.195257291410485,7611.178566753192,24.5,,63.370519506238,83.6699066162109,9.52157974243164,16.0
LCA,2007,6.60355988984132,1.691618574339131,7964.382114801171,27.89999962,,87.6262234885967,88.3509292602539,8.46230983734131,14.0
LCA,2008,9.19802379034169,4.949321940280569,8516.960754887867,30.0,,103.694730107578,94.5392303466797,15.7249202728272,12.72
LCA,2009,10.9413724693735,-2.828899548306282,8250.521807327345,31.0,,111.696660367695,96.8615798950195,17.469539642334,15.37
LCA,2010,11.9896317273823,0.3300185460714857,8673.687203405294,32.5,,115.977203843048,97.0315628051758,12.4684000015259,17.118
LCA,2011,12.4213479549013,4.326942805321423,9128.994420116123,34.0,,126.035354858237,96.6020889282227,16.2693996429443,18.86
LCA,2012,14.2380364685637,-0.1087561482623584,9260.300065517144,45.865,,125.154270020338,93.3481292724609,10.2734699249268,19.06
LCA,2013,14.2493756092496,-1.8187760373599104,9577.217337543578,49.3871994,,122.318869001955,91.4860382080078,14.0192003250122,22.21
LCA,2014,16.1934787352559,1.32809022110105,10044.82183776766,53.17969894,,108.161917559637,90.7485504150391,17.0831794738769,21.583
LCA,2015,16.252251222092,0.1019178364129516,10334.986082391815,57.26330185,,107.338841085161,90.9497604370117,17.0301094055176,20.84
LCA,2016,16.9579722851645,3.4278721452521097,10638.12693966526,58.22259903,,100.570465595573,89.6722183227539,19.7992000579834,19.932
LCA,2017,18.0490183847297,3.37982617272246,11333.112382210158,59.16009903,,100.199612117363,88.9026336669922,20.7471294403076,19.136
LCA,2018,18.227062937458,2.886779021716009,11642.69847277694,60.11259842,,104.478100973353,88.7150192260742,14.6563596725464,19.329
LCA,2019,8.88489876787815,-1.0293678947917044,11764.394403240294,61.08050156,,83.1865181441059,88.3461303710938,15.9467096328735,15.613
LCA,2020,19.9725105189341,-22.900513863417643,8537.114955067269,62.06399918,,81.8687237026648,88.7376327514648,16.8199691772461,25.224
LCA,2021,10.675434960397,11.146699324085631,10481.12339717856,63.06330109,,96.2374385229832,,,20.514
LCA,2022,13.571912004072,19.345679535534188,12976.148969347352,66.95159912,,98.6676436534083,87.6844863891602,16.1808795928955,15.934
LCA,2023,,3.907748029259281,13616.639759373396,67.44390106,,,88.6818771362305,15.0396404266357,12.094
LIE,2000,,3.2201930823960936,76087.91111420198,36.5152298938015,,30.1996194847945,,,
LIE,2001,,-0.7330924552979923,75067.80016800432,45.1168526483592,,32.8908025355819,,,
LIE,2002,4.25878726809318,-0.9939199471592984,79795.1785891101,59.4707106749926,,33.7917135913698,,,
LIE,2003,4.40399295361127,-1.937565341250135,90108.36736470077,58.8096918372148,,73.3998825601879,111.74047088623,20.7547206878662,
LIE,2004,13.786385181308,3.039172103065013,100280.8313567052,64.0074481394199,,74.1516182500218,110.761421203613,24.6068496704102,
LIE,2005,24.8392954945087,4.828076777435243,105295.0570276112,63.37139893,,79.2799285117177,107.089302062988,24.4774703979492,
LIE,2006,28.5918513223731,8.64496857267281,114167.93921130097,64.21420288,,82.2158684774839,107.011070251465,29.81715965271,
LIE,2007,40.311133821609,3.325963509369004,130492.5953495174,65.0802002,,90.8788962698007,106.128601074219,31.5962390899658,
LIE,2008,43.8720234736486,1.7980884783641071,143249.22730209335,70.0,,95.9259677237332,107.566116333008,36.7309494018555,
LIE,2009,44.7489990760702,-1.1574829197563616,126024.71456746632,75.0,,97.992552566005,105.755638122559,34.4922218322754,
LIE,2010,42.3622878413289,,141089.81284901407,80.0,,98.6138503847329,108.879280090332,36.018310546875,
LIE,2011,37.4827681279294,,158066.36937916293,85.0,,101.929969671905,111.456573486328,43.6750984191895,
LIE,2012,39.3922833096513,,148842.03514434196,89.40769958,,98.5900098371407,110.373863220215,42.4966812133789,
LIE,2013,40.6827418043891,,172823.60779464812,93.80000305,,104.109997290707,,,
LIE,2014,42.0041439065737,,178735.15302090783,95.20999908,,109.388370153109,115.557830810547,37.4887084960938,
LIE,2015,41.9679144385027,,167187.15730982038,96.6411972,,109.491978609626,116.123443603516,33.5420417785645,
LIE,2016,42.3634188488635,,165375.4913962594,98.09390259,,117.766848331783,116.028373718262,35.0226211547852,
LIE,2017,42.9405548216645,,170547.092298954,99.54660034,,122.594451783355,117.094329833984,35.6219291687012,
LIE,2018,43.8301555246663,,174988.77508344554,,,123.979123501797,112.010162353516,38.3002700805664,
LIE,2019,44.6748178980229,,166907.83930501563,93.14610291,,124.214360041623,119.209663391113,41.1658401489258,
LIE,2020,46.5602187427451,,164671.0935534544,94.34999847,,126.104676657982,120.228446960449,42.5986099243164,
LIE,2021,47.5207458252228,,201944.83033507597,95.56939697,,126.070587030017,118.726867675781,46.0189590454102,
LIE,2022,48.9304880840349,,188055.003235348,97.88069916,,126.306686674975,,,
LIE,2023,49.4065356836204,,206780.59035338453,98.13230133,,127.059447446841,,,
LKA,2000,,6.000033158289341,860.1998843047694,0.647410010940963,,2.22982841389445,,,7.74
LKA,2001,0.0016683365337844,-1.54540813366026,803.5440266273846,0.793821864362622,90.6800003051758,3.40637586183357,,,7.9
LKA,2002,0.0029890306613957,3.964675685131127,834.9360149053377,1.05042270585318,,4.70268940053374,,,8.76
LKA,2003,0.0171265138131574,5.940269078022297,946.3822551280718,1.45858022842408,,6.98394373040532,,,8.22
LKA,2004,0.10180407271051,5.445061278853515,1028.6206813255512,1.44615998041486,,11.0075740736638,,,8.38
LKA,2005,0.103875423885926,6.241748043764474,1207.219947641648,1.792000055,,16.6288477682909,,,7.67
LKA,2006,0.11249281473335,7.668291901079186,1388.8973911993205,2.53756612897332,90.8099975585938,26.593881186853,,,6.5
LKA,2007,0.308712265850825,6.796826118928664,1578.6345112539152,3.88,,38.9580161956458,,,5.97
LKA,2008,0.494062399748553,5.95008814473897,1973.5847690128733,4.824500084,90.5599975585938,53.721706975363,,,5.22
LKA,2009,0.817095999385251,3.538912053178421,2026.6593995070184,5.868500233,,78.5559610790581,,,5.85
LKA,2010,1.09351514330917,8.015967370404638,2808.36245207687,6.912399769,91.1800003051758,83.1420949448513,92.3497085571289,15.8440563450578,4.784
LKA,2011,1.70878756619529,8.669483011605706,3224.957450823048,7.956399918,,87.1978920701214,94.108642578125,14.6727189156336,4.118
LKA,2012,1.67222042245956,8.632181376990602,3327.77612404326,9.00039959,,91.3242275735165,94.6744689941406,16.322805343317,3.88
LKA,2013,1.98679918143445,4.051746330387502,3739.431822928248,10.04440022,,95.1136033828075,95.1442636196356,17.7655041707891,4.186
LKA,2014,2.63419031926553,6.377978896849655,3972.043770422709,10.5000026214106,92.5346618196112,102.671053139637,93.4926277980089,17.8701919678234,4.157
LKA,2015,2.88043182386208,4.205955475016012,4057.715827165215,15.26249981,92.5537849020454,109.984693490847,94.4516928962286,18.1726459197686,4.519
LKA,2016,4.07189669081491,5.053624889930887,4149.191893918787,22.19,92.3899993896484,117.737517418373,93.9037221276375,17.1510485178135,4.242
LKA,2017,5.5257624644358,6.460681270809943,4398.888287860588,25.07550049,91.9000015258789,127.669744935625,94.0418660922689,17.1941300290821,4.046
LKA,2018,6.93976008216017,2.310084255049333,4358.560959058883,28.33620071,91.7099990844727,136.084228735946,95.9107331693991,17.8869756778112,4.318
LKA,2019,7.43541256815093,-0.2204838868248231,4081.9477217813424,32.02090073,92.25,126.514451763616,,19.4563160693078,4.67
LKA,2020,7.8962203692284,-4.6245150371271535,3847.601367411821,36.18473435,92.379997253418,131.773421339878,,20.1614879343022,5.364
LKA,2021,10.5401488574725,4.207476495002595,3996.962405316879,44.45308724,92.4300003051758,135.522602889503,89.8339685558794,20.7824292013914,4.981
LKA,2022,9.63609972688813,-7.349193111466562,3342.6365043804626,48.3,92.4899978637695,151.72675762805,88.1918156520303,22.3679922774735,4.528
LKA,2023,8.76545173115153,-2.0289296690343974,3815.415317674743,51.2,92.6600036621094,142.277402587724,87.9534065332114,20.7412633848006,4.528
LSO,2000,,3.875546775766935,442.77954577908105,0.211806070361977,86.25,1.07789110605101,28.7576808929443,2.08551001548767,16.169
LSO,2001,,3.561581833920925,412.6774736768215,0.261150063093855,,2.8487849932004,30.2747707366943,2.27312994003296,16.081
LSO,2002,,0.7238360671671273,388.9233498513496,1.08394313737534,,6.91605015142787,31.2329406738281,2.2450098991394,16.079
LSO,2003,,4.559777163845283,583.2700362002877,1.53249659019509,,6.34489957225453,32.0320014953613,2.70279002189636,16.056
LSO,2004,0.0011161116294265,1.6923741735859608,766.6858209282425,2.17552433931097,,9.95434596112177,34.4488716125488,,16.154
LSO,2005,0.0023040578042021,3.4661222275531145,861.3814964149951,2.580199957,,12.7893640595655,36.768440246582,3.44801998138428,16.031
LSO,2006,,4.230095228052093,925.4674855028424,2.97970818724486,66.0999984741211,18.4011006327301,38.4086112976074,3.67536997795105,16.054
LSO,2007,0.0056315876776765,4.187914099571515,861.1884208995633,3.44543125970873,,24.6998875730315,41.5562515258789,,15.942
LSO,2008,0.0071190989661542,5.523419669786463,898.482517882593,3.58,,30.1654529450441,44.7508811950684,,15.851
LSO,2009,0.0201930149332394,-1.2537577992083158,878.8479505377716,3.72,,33.3689571771781,49.1937294006348,,16.115
LSO,2010,0.0200375604069829,5.269670780562862,1119.4755779304196,3.859999895,,49.4651223718861,54.2426986694336,,16.068
LSO,2011,0.0664843106460795,4.616413945287519,1280.733909315806,7.0,,61.1891009424486,56.9506416320801,,16.115
LSO,2012,0.0804186488683877,6.334083746794477,1217.9307122894418,10.0,,75.9363906183486,59.0772018432617,10.8528418132462,15.761
LSO,2013,0.110624632872098,1.7925255557554465,1151.0373583722674,15.0,,87.055264662748,57.7590713500977,10.4558385996916,15.926
LSO,2014,0.0722084487731054,1.710549905454755,1173.5377928819005,22.0,,102.821994635806,58.2575629391492,10.4168970963646,16.066
LSO,2015,0.0979753503141436,3.1240667804454603,1121.1985134251822,25.0,,101.688197961524,59.3985096286536,9.72517754374624,16.223
LSO,2016,0.10467409743234,3.608907316877136,992.4918406784652,32.4538569477365,97.2699966430664,107.157971519258,56.8386993408203,,16.138
LSO,2017,0.223493470430344,-3.1381749373347105,1069.366732475424,39.0,,110.370078484639,59.3586515505342,10.3130654092878,16.379
LSO,2018,0.263921601133539,-1.480633158482405,1170.6556970281936,40.79999924,86.2399978637695,72.4555241955612,,9.93844298033582,16.614
LSO,2019,0.209015549435255,-1.4179938308520548,1082.0570677751584,42.301733569273,92.3961659464955,76.1124827725111,,,16.876
LSO,2020,0.226324591508713,-8.155957854599109,918.5825747044472,43.65750122,,69.8944012395073,,,18.385
LSO,2021,0.353652507890634,2.2667096183329107,1066.5864514382265,45.05670166,,80.5368195682415,,,18.214
LSO,2022,0.39753117741491,2.3877802018628387,1030.1258294775712,48.06959915,,68.1001351640997,,,16.623
LSO,2023,0.383738154734299,1.6943317760877363,921.4351415570555,48.98590088,,69.3513051423509,,,16.348
LTU,2000,,3.418622065716363,3300.636349285588,6.42706749477765,,14.9697091934012,,,15.931
LTU,2001,0.0698818659581158,6.48412665187908,3532.527873632422,7.17935699381369,99.6500015258789,29.3117715960016,99.6236419677734,57.3476104736328,16.84
LTU,2002,0.580711662141955,6.719839451036265,4148.130914850149,17.69,,47.7800264223806,102.291709899902,63.0700798034668,13.008
LTU,2003,1.95562411024813,10.551895962957374,5507.474341876524,25.91,,61.5530273084651,105.020172119141,69.6304168701172,12.874
LTU,2004,3.82180940616857,6.502035360755556,6734.574870619461,31.23,,90.3592532233403,103.009536743164,74.9013824462891,10.684
LTU,2005,7.04582990569982,7.731446757749197,7857.031487864918,36.22,,131.038602302106,104.49723815918,79.7298126220703,8.325
LTU,2006,11.2763501710192,7.395481224686293,9210.10118229413,43.9,,144.296392938056,107.004852294922,82.4531784057617,5.78
LTU,2007,17.3002567947876,11.077928257867312,12295.121277936596,49.9,,152.012023368388,106.929290771484,82.5158309936523,4.25
LTU,2008,18.4494764858694,2.59946154605602,14955.534546292096,55.22,,157.03197861735,106.108779907227,85.7450866699219,5.826
LTU,2009,20.0356658048958,-14.83861178948476,11854.371105309569,59.76,,156.847948346861,104.755882263184,89.2521667480469,13.785
LTU,2010,21.9297095928618,0.4271995665507688,11829.12260945704,62.12,,157.889641413685,105.068267822266,86.5725708007812,17.814
LTU,2011,24.0272372898481,6.323636648212982,14261.843378732545,63.6399774002179,99.8199996948242,163.043370593157,106.008163452148,84.0555877685547,15.39
LTU,2012,25.7287935833036,4.382905843551569,14288.185349313851,67.2299893276414,,167.226065135398,106.17350769043,79.7516326904297,13.365
LTU,2013,28.2656607039035,4.046913185753255,15636.525258604766,68.4529,,154.341459457267,108.811836242676,74.3968200683594,11.77
LTU,2014,27.337779493026,3.772543795809895,16446.164718166307,72.1335378644566,,145.49429149643,107.746429443359,72.034538269043,10.698
LTU,2015,28.6774149586821,2.8328064334323386,14269.803987828654,71.3780590101754,,143.991494147494,106.955902099609,72.1163330078125,9.12
LTU,2016,29.8964138705034,2.671922150533291,14934.27028404284,74.3766455618662,,146.550393676088,106.39778137207,74.0858306884766,7.862
LTU,2017,28.2319064734089,4.612243103128094,16800.151024609866,77.6152565124514,,154.147985747777,107.223350524902,76.5389785766602,7.073
LTU,2018,28.1444849879285,4.918367801068115,19247.231536796684,79.7225827680518,,134.333614750945,106.866737365723,77.3577728271484,6.147
LTU,2019,28.2791627222047,4.677351835304506,19608.794394555272,81.5818683764046,,132.528841977519,106.835861206055,75.0942306518555,6.255
LTU,2020,28.4988545174577,0.0428158336981425,20428.64781573941,83.05554724,,131.341332336588,106.810821533203,73.5892868041992,8.487
LTU,2021,28.712701575387,6.394817729302062,23882.866891675312,86.93054425,,133.357273318046,105.67610168457,75.0314712524414,7.112
LTU,2022,28.4400438919259,2.465320131550115,24946.57240051877,87.72420219,,135.834150715729,106.918357849121,76.9154586791992,5.955
LTU,2023,27.9638162516437,0.7395373981858029,27983.365825688685,88.50287484,,137.203719983084,105.428817749023,77.0064163208008,6.841
LUX,2000,,6.938095046920736,48659.63909681871,22.8873279731211,,69.5372043326332,,,2.345
LUX,2001,0.275041199587099,3.074275202103365,48440.18055646617,36.163422506306,,92.6003730599975,95.656379699707,9.9181604385376,1.805
LUX,2002,1.30536370743903,3.225288469983539,53005.73180162898,39.84,,105.961392417824,95.4434585571289,11.6310997009277,2.621
LUX,2003,3.39745661055511,2.6192502126753965,65689.32145369114,54.55,,119.290542185474,94.9043197631836,12.0609903335571,3.675
LUX,2004,7.96428509085831,4.230678921924877,76544.91708684732,65.88,,102.553808019271,94.1919326782227,,5.113
LUX,2005,15.0635095613532,2.482504993718294,80988.20448694029,70.0,,109.591866994153,93.7901229858398,,4.488
LUX,2006,20.9213603853946,6.016627396779043,90788.81642710492,72.51,,150.78267416139,94.220832824707,9.85431003570557,4.731
LUX,2007,26.7932621233889,8.098520980698169,107475.32029797773,78.92,,142.5239969184,94.9079666137695,,4.065
LUX,2008,29.2848524509704,-0.3022729833067075,120422.1379341569,82.23,,144.583733818688,95.75830078125,10.6716299057007,5.06
LUX,2009,31.3376302472766,-3.238952688393084,109419.7469531064,87.31,,144.524044184212,,,5.194
LUX,2010,33.1818450562661,3.7604057865892457,110885.99137872108,90.62,,143.276640192349,100.080001831055,18.2021293640137,4.423
LUX,2011,32.7339447418355,1.0442860057217018,119025.05720346652,90.0298585646936,,147.511878499915,100.420967102051,,5.122
LUX,2012,31.9617588949556,1.649711343546855,112584.6762709582,91.9499237417387,,143.387946442865,100.609519958496,19.117790222168,5.03
LUX,2013,32.4834270107517,3.171685137809547,120000.14072985917,93.7765,,145.093438163702,103.469413757324,,6.045
LUX,2014,33.580271770101,2.623088380975417,123678.70691931433,94.6702052774766,,144.244165248014,104.596977233887,,6.044
LUX,2015,34.2910720305652,2.268365727351068,105462.01258442264,96.3767141704759,,141.659175188223,104.379188537598,20.2907104492188,6.796
LUX,2016,34.8068400324932,4.978190471226384,106899.29354955172,98.1366986657616,,130.932672500368,106.08519744873,19.9203605651856,6.669
LUX,2017,35.9768313229784,1.3171194229840495,110193.2137972278,97.3629603241751,,133.110922975046,106.78434753418,19.5990200042725,5.523
LUX,2018,36.8853200372964,1.61129891211624,116926.75959390483,97.061298705829,,131.326868398506,106.983123779297,19.3915195465088,5.589
LUX,2019,37.3611453762962,2.749320919206923,112696.649059674,97.120635693272,,131.870169616698,106.946510314941,19.3969497680664,5.592
LUX,2020,37.2960860898482,-0.5100516340398258,116860.02817235976,98.45962893,,132.908973559976,107.078948974609,19.961389541626,6.766
LUX,2021,38.0399641403524,6.92973270801744,134965.81544215154,98.66086333,,136.87108956478,106.482757568359,20.7341499328613,5.571
LUX,2022,38.3269581349215,-1.0974125629381888,123719.6589159963,98.24203749,,139.651285065505,107.83975982666,21.032600402832,4.588
LUX,2023,38.3793065082138,0.0994370594039111,133230.6191788991,99.34785707,,144.474949556306,107.744010925293,21.5371704101562,5.184
LVA,2000,0.0119916581972062,5.841026423539589,3278.178964408034,6.31906208267861,99.75,16.9433685496807,,,14.211
LVA,2001,0.138348313583238,6.460578267272865,3504.6182946239664,7.21934580836289,,28.090267249597,92.8558120727539,63.4917602539062,13.821
LVA,2002,0.43264739972423,7.665487785869914,4003.609357835385,21.94,,39.6822464437465,95.2927322387695,67.8093032836914,13.829
LVA,2003,0.853348035635024,8.42913257059108,4914.57992829302,26.98,,53.2790967520961,96.5377883911133,71.0342407226562,12.061
LVA,2004,2.17063706234592,8.725143417279284,6109.732651868175,38.58,,67.8707555161397,99.2952423095703,74.6085586547852,11.708
LVA,2005,2.71320805934858,11.6153178557457,7283.787381276217,46.0,,83.5617184514221,102.686317443848,75.4191970825195,10.033
LVA,2006,4.94242534582647,12.825017846905013,9211.7374468148,53.63,,98.4075939418629,103.965400695801,74.5965118408203,7.03
LVA,2007,15.3836192324889,10.4145372792714,13370.978945250785,59.17,,100.737558024988,103.921241760254,73.0432968139648,6.052
LVA,2008,18.9239067993871,-3.388716658499576,15677.608086450567,63.41,,105.551654925745,104.897567749023,72.3635406494141,7.739
LVA,2009,21.2280519111895,-16.04001953130421,11996.032272977303,66.84,,107.542192196889,99.4204025268555,73.0548934936523,17.515
LVA,2010,20.7297918659797,-3.661258595547622,11188.4191700977,68.42,,109.927825454005,102.822158813477,69.0510406494141,19.482
LVA,2011,22.2055874415821,3.0363448266881505,12902.57405333702,69.7499545592245,99.9000015258789,112.090589002306,105.565788269043,67.9534683227539,16.206
LVA,2012,23.4018125136081,7.3052405720089695,13329.349993127104,73.1199437663748,,129.304547798055,106.344802856445,66.6435470581055,15.047
LVA,2013,24.6397186303098,2.096090281562482,14484.47152821325,75.2344,,127.073387613574,114.776809692383,69.0765991210938,11.867
LVA,2014,25.3240856124593,2.0949597710558976,15185.81458123595,75.8261041383556,,119.549742772481,113.706932067871,70.8979415893555,10.846
LVA,2015,25.4568684345307,3.783367120849718,13321.975314061565,79.2005829239344,,130.949148754694,112.356651306152,74.2998809814453,9.873
LVA,2016,26.4893005276389,2.5516860197403446,13838.526682327232,79.8420977843089,,135.227462327724,111.296806335449,80.6048126220703,9.643
LVA,2017,27.0886247975645,3.398948726239311,15132.495833398172,80.1140770037369,,126.846989128969,110.723251342773,88.0574264526367,8.715
LVA,2018,27.2877295355647,4.309712862945034,17252.171042862567,83.5771748630956,,107.397431401316,109.155700683594,93.0244827270508,7.412
LVA,2019,26.5858975490829,0.6753727718842271,17294.975160096918,86.13545644343,,108.221910991332,107.602462768555,94.8645324707031,6.312
LVA,2020,25.804169430384,-3.4692275078055417,17564.232154935427,88.89796078,,107.902487108935,105.956283569336,94.5108337402344,8.098
LVA,2021,25.9761549056076,6.942541730625919,20261.888778891636,91.17964988,,114.644670333429,105.814010620117,93.4839324951172,7.513
LVA,2022,25.989241189689,1.9085341902980133,20221.103686109032,91.03009059,,115.202627450543,104.764526367188,91.3303680419922,6.815
LVA,2023,25.9948491178264,-0.9416060688236314,22710.263754419742,92.18791291,,119.909944560018,102.126243591309,85.7360610961914,6.465
MAC,2000,0.853172470724362,5.747145934759374,15731.40816337715,13.6085897418451,,32.2545385528311,,,6.874
MAC,2001,2.19893288402134,2.888240106514388,15810.722766656158,22.5212167700561,91.3000030517578,43.6899747262005,82.3632736206055,50.4305801391602,6.371
MAC,2002,3.71786831106062,8.904809049025957,16814.992642413417,25.1718801643395,,60.5547198112339,85.1063385009766,66.0375518798828,6.278
MAC,2003,5.92129247654316,11.643355141658688,18589.899833053376,25.7421239826498,,77.6097797050653,88.1465911865234,80.2272033691406,5.995
MAC,2004,9.37743674823725,26.63687423061141,23407.19936921936,31.4840973824121,,89.6827042720863,92.5055236816406,69.0725402832031,4.904
MAC,2005,13.7320325951584,8.077949299539782,25681.21673152215,34.86289978,,107.538589171415,92.0361480712891,57.060718536377,4.158
MAC,2006,18.1262985334557,13.392171191935091,29813.78771679328,46.4,93.5,125.08122898022,92.9831237792969,49.7756004333496,3.822
MAC,2007,21.1570532765306,14.48177281290279,35400.23346594085,47.32699966,,152.089033555119,94.0301895141602,46.4321784973145,3.269
MAC,2008,22.683746011606,3.39251560752048,38888.51180445027,49.24,,174.014516821227,89.8171920776367,48.17041015625,2.999
MAC,2009,22.9564881898075,1.298379468851124,40354.281029367325,54.0,,188.792009943893,89.3067169189453,56.2147483825684,3.58
MAC,2010,23.4682999115148,25.103107524695844,52596.2250160214,55.198,,199.404590569397,91.1610379698531,63.4042461657596,2.84
MAC,2011,23.914716494711,21.62230643810868,67046.72842921011,60.2036967182195,95.6399993896484,235.079295314897,94.9301234316026,70.3462105845473,2.56
MAC,2012,24.6143475315178,9.217474795967348,76058.0224963659,61.31,,274.656223720989,97.4283454689247,53.9347408829175,1.97
MAC,2013,25.3524467091891,10.781671159029656,87107.83130636263,65.8,,287.643446353444,98.6075581395349,61.8619153674833,1.82
MAC,2014,26.4618944001678,-2.038742279618191,88355.31817644459,69.7809492200465,,304.184963559144,101.75873015873,69.2981220657277,1.67
MAC,2015,27.3135223143179,-21.75400787532456,69902.96057412325,77.6001318608868,,304.751044313614,100.96644295302,76.1658415841584,1.81
MAC,2016,28.0554364413727,-0.7015102125529609,68911.67559196283,81.6429854646415,96.5400009155273,310.568300773121,99.4636678200692,79.925,1.939
MAC,2017,28.7678987369964,9.918558445135131,77570.98761669769,83.1740890688259,,316.601552229203,97.4219858156028,81.2655086848635,1.981
MAC,2018,29.3055867583929,6.359170305676855,83588.28750090144,83.7940896091516,,331.099986034622,92.7108013937282,76.7935034802784,1.803
MAC,2019,29.807414296232,-2.4609094006738985,81882.69645238694,86.4679257062588,,416.260540646881,90.6689895470383,80.0911214953271,1.73
MAC,2020,30.4508928113933,-54.40209257893534,36883.66525785429,87.46230316,,237.343774476003,88.5771812080537,86.7956730769231,2.542
MAC,2021,29.6158421202704,22.462202002336213,44884.89616023926,88.46810492,,183.574788091048,88.5480769230769,98.9696202531646,2.221
MAC,2022,29.6066193799726,-18.956941494497,36806.891255460985,89.48549652,,172.244717160072,90.2211838006231,116.232189973615,2.446
MAC,2023,29.6759264447159,75.30841842934132,67216.36311121237,89.82640076,,192.478344669931,92.5810397553517,129.151041666667,2.206
MAF,2011,,,20930.58211777581,,,,,,
MAF,2014,,,20638.770588237883,,,,,,
MAF,2015,,1.0,,,,,,,
MAF,2016,,5.0,,,,,,,
MAF,2017,,-8.000003240382952,,,,,,,
MAF,2018,,-7.999995068982287,,,,,,,
MAF,2019,,6.500003637008206,19033.06496348889,,,,,,
MAF,2020,,-12.500002246730958,,,,,,,
MAF,2021,,4.899999671335337,21668.377652532254,,,,,,
MAR,2000,,2.582180914997465,1499.107421875,0.693791244805455,,8.23967968684995,39.6924896240234,10.1461200714111,13.58
MAR,2001,,7.721825195777285,1506.24523925781,1.37143810096418,,16.5601184092407,41.3156585693359,10.5071296691894,12.46
MAR,2002,0.0068497509190824,3.730197374857454,1596.02062988281,2.37325319241544,,21.2296727647944,43.0969085693359,10.6168403625488,11.59
MAR,2003,0.0091710187016752,6.1711021495324445,1941.87255859375,3.35336668122363,,24.8884606976027,44.651439666748,11.0415000915527,11.92
MAR,2004,0.215871402340826,4.571380165162083,2183.55541992188,11.6079347729582,52.310001373291,31.1717436954099,47.3964385986328,11.1358003616333,10.83
MAR,2005,0.820662817858694,3.1922497301583093,2242.98828125,15.0844445240204,,40.8220113851492,49.1547889709473,11.69873046875,11.01
MAR,2006,1.27345465942188,7.7908200104026974,2438.12646484375,19.7711915653115,,52.0120841652536,52.2258186340332,12.1653699874878,9.67
MAR,2007,1.53066387639665,3.441067766904183,2755.5859375,21.5,,64.2243296034678,55.3458595275879,11.6039199829102,9.56
MAR,2008,1.56051392412264,5.6845393628473175,3183.20043945313,33.1,55.1500015258789,72.1861049565747,57.666561126709,12.6373701095581,9.57
MAR,2009,1.49700703492122,3.74576940136258,3119.58862304688,41.3,56.0800018310547,79.0201255804651,60.7418212890625,13.0986795425415,8.96
MAR,2010,1.55388163790599,3.499557094032156,3067.9853515625,52.0,,98.5069862903323,63.0757983249551,13.9896441158412,9.09
MAR,2011,1.80844788018493,5.52464523319847,3301.98876953125,46.107482597,67.0800018310547,111.063715196143,66.0255284774218,15.8539977340994,8.91
MAR,2012,2.06726433186317,3.062343685029973,3164.17724609375,55.4160531914894,69.1600036621094,116.972130406733,68.7358726261435,19.0472282489073,8.99
MAR,2013,2.49778239459711,4.122212868609438,3379.7431640625,56.0,,125.560354723339,,22.4068908691406,9.23
MAR,2014,2.90442154576056,2.7192440802028983,3435.40698242188,56.7746379160074,64.2600021362305,128.971839608382,,25.3112415031422,9.7
MAR,2015,3.31584217888863,4.344582976352385,3146.24780273438,57.0799993486116,,124.480492544005,,28.5519130573154,9.46
MAR,2016,3.58453478764246,0.5211855060896795,3140.85546875,58.271236420398,,118.531797132419,,32.0952579243239,9.3
MAR,2017,3.89000663311516,5.057898161734457,3296.52661132813,61.7622120123071,,123.894319060738,78.2157249451868,33.4735433090703,9.22
MAR,2018,4.33205746913484,3.0656413302595524,3501.69799804688,64.8038651924043,,124.827523956634,78.470919593794,35.319186358341,9.272
MAR,2019,4.83650253578356,2.890974761370771,3508.09765625,84.1203630467602,,128.874798962456,79.3440512967066,37.7212021382481,9.191
MAR,2020,5.74683480916137,-7.178207442467738,3268.0302734375,84.12036305,,135.088404811169,80.3087996541375,39.6858047574445,11.189
MAR,2021,6.14617858388986,8.154738898236815,3785.93627929688,88.13031937,,138.911268095998,80.740396321068,42.531967383806,10.551
MAR,2022,6.47150166958379,1.8126924219480856,3463.1376953125,89.9,,141.870002419562,84.4553724029251,45.9400219155138,9.413
MAR,2023,7.02184328513844,3.65564411017931,3813.72607421875,91.0,,148.155101338402,87.7346312462207,47.4687039298036,8.896
MCO,2000,2.46495147126791,3.910229927580943,81789.01450877704,42.1848634460346,,42.9117239254352,149.82096862793,,
MCO,2001,8.19182050728881,2.1877336904009894,82402.7746362391,46.6461423640265,,44.0780349493019,,,
MCO,2002,15.1255320461415,1.026497573275222,90051.44630794163,48.0471171729696,,45.8762568626241,,,
MCO,2003,20.1859516896275,1.0875365474680052,111110.46046391598,49.4911689195459,,46.5836782603324,,,
MCO,2004,23.5428854427833,2.470482604996093,125160.28292875108,52.4901966838546,,48.7510446652428,,,
MCO,2005,29.4939459795095,1.895414108591979,130538.71137972226,55.46480179,,53.3716237193418,,,
MCO,2006,34.3138784040927,5.817648496700073,143083.50944365622,61.47600174,,57.1076519948841,,,
MCO,2007,38.6342934321701,14.437514437514436,184558.45542398316,64.37770081,,64.0763891070139,,,
MCO,2008,40.8342756627717,0.7468712151796524,204263.89323652856,67.25,,69.1041588139213,147.5048828125,,
MCO,2009,41.4040291682116,-11.336986575836503,169150.33764729896,70.1,,71.0666172290199,,,
MCO,2010,41.6126405934324,2.06521962654098,161853.92274522842,75.0,,70.602780206857,,,
MCO,2011,46.8980144936075,7.022356946176188,179364.0095243972,80.30000305,,93.6457903729453,,,
MCO,2012,46.8381780991616,1.0122184123046054,165444.62578280302,87.0,,95.6325084267235,,,
MCO,2013,47.6655288176715,9.577098323548157,184940.6336662805,90.69999695,,100.047958924592,,,
MCO,2014,49.2692648361382,7.187027775379676,195693.5195405436,92.40000153,,93.2102524357839,,,
MCO,2015,49.9333460293277,4.910371765362356,170437.0211286285,93.36329651,,92.5537992763283,,,
MCO,2016,49.9356154093787,3.008443587527438,173604.6697231258,95.20819855,,89.3255714132418,153.586303710938,53.5667991638184,
MCO,2017,51.1120547799777,-3.2061832381321267,170663.470051177,97.0530014,,87.5258771697011,,,
MCO,2018,51.5909210043508,5.697901211929263,188298.3896941907,,,85.6764690464958,,,
MCO,2019,53.7300900049857,7.120889519753959,193746.7298908854,98.0,,88.6483507832795,,,
MCO,2020,54.8672798948752,-13.23910482921083,176891.80632896555,98.57080078,,93.2588699080158,,,
MCO,2021,54.9173307031433,22.232215585120827,223823.32719246365,99.07759857,,97.1422638668985,,,
MCO,2022,55.2284811589736,11.266295519860051,226052.06066464883,98.75189972,,100.061647530246,,,
MCO,2023,55.8835609405483,5.443950888400877,256799.9112120507,98.87049866,,104.060991888284,,,
MDA,2000,,2.107716082007329,440.5386839803724,1.28284641670022,96.6500015258789,3.2821979486499,,,8.539
MDA,2001,0.0057043704069674,6.10000039929173,507.4040762528191,1.48781295215565,,5.37022318647563,,,7.366
MDA,2002,0.0100894777367708,7.799999657738326,570.7998661882931,3.78724279887342,,8.16390815196009,,,6.845
MDA,2003,0.0145772630346248,6.5999999577771575,682.319095965299,7.40754458415897,,11.6213261695568,,,6.378
MDA,2004,0.0600246770862653,7.399999733581893,897.1784947494684,10.629390841654,,19.4480942226804,,,6.374
MDA,2005,0.260613252190142,7.500000149372596,1034.391977469929,14.6302704551796,,27.3223975215793,,,5.633
MDA,2006,0.555731800242572,4.799999836708309,1183.02481442894,19.6206477051634,,34.6351071936054,,,4.26
MDA,2007,1.37108726290415,3.0000002258552456,1531.2161859074763,20.45,,48.8869490439311,,,2.749
MDA,2008,3.04873337877139,7.8000001454152255,2110.5530535385687,23.39,,64.1199480143426,,,2.097
MDA,2009,5.06352851025711,-6.000000263528278,1898.4397571098812,27.5,,57.6440352813251,,,3.024
MDA,2010,7.4547521029782,7.100000107058364,2436.7993510242086,29.68000031,,70.2257053429633,87.9811349895035,38.1453631147397,2.972
MDA,2011,10.0167937961344,5.818166146848242,2941.362240660208,32.06999969,,90.4419573908726,87.7193726926085,39.4480430115419,2.677
MDA,2012,12.0173397889983,-0.5897339547625791,3044.8084324814986,34.65000153,,102.918975508711,88.1958686665424,40.1086414991241,2.189
MDA,2013,13.7695240878002,9.043865607418098,3321.0439779571934,37.43999863,,108.451690919044,88.3360494330142,41.2771708905345,1.894
MDA,2014,15.2330041292856,4.999625854076555,3289.9575856877727,66.9999982002077,99.3600006103516,111.829207986696,104.382597025321,52.151516238366,1.45
MDA,2015,16.2569619282762,-0.3382356223872023,2749.55137054338,69.0000044661932,,112.958678058046,105.06970563726,52.1000519119307,1.781
MDA,2016,17.2155177259579,4.646014362594087,2847.087947704789,70.9999991066624,,117.008370513998,106.047154912204,52.8435823784374,1.591
MDA,2017,18.2974964435539,4.175612051062785,3453.267277202941,71.76709747,,117.321043357799,94.3536367146469,51.9490291393525,1.622
MDA,2018,19.7583973228257,4.075595465850341,4156.449819566462,72.54239655,,115.31999925169,95.915919225487,52.8423092059456,1.239
MDA,2019,21.54270340639,3.552314085347604,4405.334181621547,73.32610321,,116.105189229966,95.6507638474012,54.7812048030675,1.502
MDA,2020,23.4268592640718,-8.275978319769493,4375.778893052403,74.11830139,,111.444672775453,96.1733374702658,56.2498196612517,1.206
MDA,2021,25.2112754309344,13.929999788978575,5274.605821953523,74.91899872,,128.983642317657,96.5853430388789,61.3014036981023,0.794
MDA,2022,26.317794331222,-4.647851010373614,5744.296184344349,74.91899872,,137.182551887592,97.6136725974109,68.0572346521372,0.909
MDA,2023,27.3086365814931,1.18802067937429,6799.585946445756,76.50330353,,129.546081439289,97.8896863952854,71.1679028753075,1.57
MDG,2000,,4.456858939569457,280.28290555964884,0.196394691006341,70.6900024414062,0.382009619807974,,2.02373003959656,5.8
MDG,2001,,5.980235769827331,319.28327823565746,0.222511586178292,,0.865969167153126,,1.89465999603272,5.35
MDG,2002,,-12.407971105514918,304.9417773984449,0.339720154596142,,0.928836513320607,,1.92859995365143,5.515
MDG,2003,,9.784892124741743,352.62009584992484,0.423252419277809,,1.56965632856485,,2.0998899936676,5.01
MDG,2004,,5.257003622087424,272.2007485885601,0.525353654946669,,1.79445925877516,,2.44068002700806,3.951
MDG,2005,,4.755845094991187,305.812074924388,0.567700028,,2.66324010069674,20.3285102844238,2.54628992080689,2.62
MDG,2006,0.0068978068876603,5.398508448536802,324.1468748826037,0.607599974,,5.30075933146314,22.8831806182861,2.74632000923157,2.945
MDG,2007,0.0115854535722299,5.71056419885052,419.548001431865,0.649999976,,10.9142059758793,25.2112007141113,3.13453006744385,3.202
MDG,2008,0.0166699802713078,6.712632539130013,512.579800058444,1.649999976,,23.1087553718629,27.4633598327637,3.23572993278503,3.431
MDG,2009,0.0212370192432641,-3.9787086116543975,446.31523837059217,1.629999995,,29.162840971111,28.5682106018066,3.44889998435974,3.885
MDG,2010,0.0243020212465751,0.6192397446221207,450.0093916457256,1.700000048,,34.7635703189871,,3.61032855425362,4.28
MDG,2011,0.030023266717202,1.5784270536655498,506.16369155930926,1.899999976,,38.0363591750174,34.1198081970215,3.99246757065153,2.516
MDG,2012,0.13245426583546,3.011148116212084,493.5111629042107,2.299999952,71.5699996948242,37.4155490576043,35.3920151133501,4.04987583552392,0.599
MDG,2013,0.157565817989663,2.3003762280072664,515.3015893618319,3.0,,35.0948534776429,,4.186720053214,0.995
MDG,2014,0.100285297234557,3.3392031119536654,505.6849225034353,3.700000048,,39.2252725571455,35.8148702330413,4.68533144082284,1.385
MDG,2015,0.0931855023903611,3.132298074903048,445.3200694805676,4.173999786,,42.0572239372609,36.1207695007324,4.65904652237845,1.785
MDG,2016,0.101092139939568,3.993146061994992,453.97071452246337,4.713699818,,30.6447038676546,36.0765113830566,4.6583858057243,1.949
MDG,2017,0.0935555068196559,3.9333075946279337,491.8668487189288,6.406000137,,32.5906255978573,34.7709486382629,5.07525058069797,2.123
MDG,2018,0.0989673512851062,3.1943565174439783,500.4571855291595,7.747799873,76.6800003051758,38.7515500132643,34.6266095687665,5.11877849200791,2.303
MDG,2019,0.106309263427764,4.411232129095893,499.8188376225341,9.379400253,,46.077978411707,32.8161749019587,5.28586006164551,2.479
MDG,2020,0.110521830202826,-7.137671620644895,450.7716152051568,11.35470009,,54.8084663590199,,5.17336117275841,3.292
MDG,2021,0.104182794544746,4.65068343174309,483.4694633511948,13.74590015,74.6900024414062,53.9177233784298,34.1320359801924,5.3135678666922,3.498
MDG,2022,0.10748996107107,4.137535349563066,504.0591069691683,17.81170082,,64.7494924066919,,5.87562673022926,3.186
MDG,2023,0.124487385085979,4.230865806963436,514.0640765519274,18.24080086,,75.4562966735535,,6.1466638463036,3.044
MDV,2000,,3.8458104083215687,2213.8123505317794,2.2038729393788,96.3300018310547,2.70832816228694,51.4409103393555,,1.97
MDV,2001,,-3.9436345227125287,3033.9323450703646,3.61729064930367,,6.58862421408321,61.0277481079102,,3.038
MDV,2002,0.0651541753538901,7.2683865613965395,3076.0700716010097,5.3477651689359,,14.3678673323823,61.3511009216309,,4.094
MDV,2003,0.169651018074748,13.750049641083592,3548.5767011055987,5.97659284988557,,22.4175438714834,67.9700698852539,0.21356999874115,5.126
MDV,2004,0.237879587144549,5.924892511131333,4070.2609459446007,6.58825487530861,,37.5717039411041,67.8094329833984,,6.151
MDV,2005,1.06386797594222,-11.17730970617842,3796.515465246436,6.86960506696215,,66.4493243132993,,,7.313
MDV,2006,1.99903775995616,23.630271985268635,5018.943354091592,11.0363527828647,98.4000015258789,86.3635929151094,,,8.345
MDV,2007,3.20667901466659,7.133380247178977,5758.102869330527,16.3,,96.6284412858767,,10.3270502090454,9.421
MDV,2008,4.56881934735402,8.976454590336331,6757.432809292917,23.2,,129.585328851474,,11.3926296234131,10.361
MDV,2009,4.41605053477855,-8.340698615710508,6734.03165601895,24.8,,131.439236235733,,,11.697
MDV,2010,4.31079403090978,6.785467822914399,7173.596018446917,26.53,,137.018282001818,70.0468136514648,,10.875
MDV,2011,4.72015714232192,8.84342600490342,7424.520410970998,34.0,,141.955019616029,72.8434927609116,,10.043
MDV,2012,4.66860383953177,2.389287979634417,7461.29703686309,38.93009949,,144.912336034,71.9760042609256,,9.134
MDV,2013,5.08685979953508,6.974962264125281,8236.081779441261,44.09999847,,156.262903991801,68.3872693233485,,8.295
MDV,2014,4.79719160479381,7.860686431080737,8939.074165714721,49.27999878,98.6100006103516,160.974524741488,72.9110894145066,13.6843761236965,7.461
MDV,2015,5.41277203996693,3.8681353649447487,9644.906550281454,54.4620018,,172.785960191894,73.441380211737,,6.611
MDV,2016,6.61143042760338,6.375283067168638,9947.807447317393,59.47750092,97.7300033569336,183.197235330741,70.014084045724,,5.771
MDV,2017,7.97186042807237,7.074428632152745,10509.628805811955,64.95500183,94.5100021362305,196.409673414258,69.7419183184781,33.3294981245829,5.377
MDV,2018,10.0179877784565,8.568955583474704,11423.283842702867,70.93689728,,181.34343974517,68.5727820261217,,4.962
MDV,2019,10.9012960012794,6.923059890500994,11740.272402978468,77.46970367,98.2099990844727,169.774322321116,68.0857601310983,24.6480059688561,4.562
MDV,2020,12.6832736528067,-32.908828775292136,7393.888654393296,79.09780121,,142.936122584731,69.8982015609094,27.0805812417437,5.42
MDV,2021,14.8246453577808,37.50787012432096,10176.143882547023,81.95760345,,136.789214071769,,23.794640430505,5.016
MDV,2022,17.3997244832152,13.826089518413935,11786.019149298254,83.91189054,,136.458655310185,73.5234576648616,48.4968654322788,4.303
MDV,2023,18.6292999539919,4.942863012295831,12587.612603865124,84.55290222,,141.601234995076,79.3565296847573,,4.019
MEX,2000,0.0152090403509224,5.029283993782613,7524.027138009098,5.08138415338066,90.5400009155273,14.2740696650296,71.1195831298828,20.5259704589844,2.646
MEX,2001,0.0499504995544465,-0.4508452532159452,7952.76479510706,7.0380231165045,,21.7360188227069,72.8832092285156,21.3776397705078,2.627
MEX,2002,0.227955821439786,-0.2365880019226409,7983.033983817592,11.9,90.2699966430664,25.5328580326209,75.1482925415039,22.3153591156006,3.003
MEX,2003,0.41598094515152,1.1855448670955866,7434.074650315621,12.9,,29.227164520677,78.5541915893555,23.0477905273438,3.455
MEX,2004,1.01277915709648,3.565441026228868,7849.667596495654,14.1,90.9499969482422,36.8326596827555,79.7827072143555,23.7031497955322,3.937
MEX,2005,1.81677032017237,2.113247114732971,8671.758917984414,17.20999908,91.629997253418,44.5402855250975,80.6305389404297,24.130989074707,3.558
MEX,2006,2.81575456824012,4.805013516649012,9512.635753466991,19.52000046,91.7300033569336,51.6490140299726,82.7013931274414,24.5689697265625,3.566
MEX,2007,4.14106964177955,2.077863939532904,10134.332712970609,20.81,92.8000030517578,61.1903963397257,84.0887069702148,25.1474304199219,3.628
MEX,2008,6.82462658332165,0.9433318729129354,10523.768542766516,21.71,92.9300003051758,68.225553581827,86.0763092041016,25.7789402008057,3.874
MEX,2009,8.60820715794462,-6.295250566972868,8423.569331486395,26.34,93.4400024414062,74.2801618229031,85.9423217773438,26.2105903625488,5.356
MEX,2010,9.31394316309963,4.971334583219502,9728.800783074315,31.05,93.0699996948242,80.4262985351805,87.2729263305664,27.1670207977295,5.303
MEX,2011,10.0362003918243,3.4440450529708926,10664.49440323125,37.1762954125184,93.5199966430664,82.0725244522242,88.3800888061523,28.0361595153809,5.175
MEX,2012,11.1945528217656,3.553210760106083,10744.133523618626,39.75,94.2300033569336,86.2256233206385,90.6936187744141,29.3496494293213,4.892
MEX,2013,10.7719183026526,0.8521015501647042,11216.800851866012,43.46,93.9599990844727,90.2012422761648,93.2623062133789,30.3301601409912,4.921
MEX,2014,10.8799928230972,2.5037635078359277,11391.377350396351,44.3856962723411,94.5599975585938,87.6144646415609,97.3196868896484,31.2052898406982,4.819
MEX,2015,12.1891508368561,2.702323430240256,10021.23861136156,57.4310429923633,94.4700012207031,88.9454290232153,100.982269287109,31.9718608856201,4.311
MEX,2016,13.0255992017626,1.772493225412802,9097.923976747688,59.5404459967255,94.8600006103516,91.3941924453661,102.871368408203,38.589771270752,3.853
MEX,2017,13.7767213511093,1.8717285464838085,9649.278167295855,53.0317886110982,94.9700012207031,92.6493518556478,105.11018371582,40.3390693664551,3.419
MEX,2018,14.7373951154108,1.9720821110106923,10084.79375703637,56.6595667981289,95.379997253418,96.4612204576614,105.964653015137,41.6382789611816,3.275
MEX,2019,15.3885155172291,-0.3926905132905318,10369.555359352678,69.6321092705209,95.3889403219417,97.0358606795758,105.515609741211,43.0441398620605,3.477
MEX,2020,17.7520559419946,-8.354034593790615,8841.270749297508,71.49017499,95.25,96.9237451881936,102.58154296875,45.1654510498047,4.44
MEX,2021,19.2796725887476,6.048483471735722,10314.050673370795,75.62650476,95.6890981310362,99.09481491263,98.3202514648438,45.6506195068359,4.019
MEX,2022,20.6070256426489,3.7097570830909774,11405.794046989628,78.63217894,95.120002746582,105.720624125765,98.3576583862305,46.4061317443848,3.256
MEX,2023,20.752917384408,3.1067964131456023,13830.843848864017,81.18318755,95.8346901734281,111.735420288549,102.055458068848,47.474681854248,2.765
MHL,2000,,2.454430068512721,2264.7911489764524,1.53427179624871,,0.881552478996569,,,
MHL,2001,,6.930044462028917,2394.345011051777,1.7066140776699,,0.956516636347632,,,
MHL,2002,,3.635790150490408,2566.067087992222,2.33544457522934,,1.07340787554691,78.4224166870117,16.0476303100586,
MHL,2003,,-1.5616751046208748,2539.330738395399,2.5697503671072,,1.15803946629485,73.5776977539062,,
MHL,2004,,-0.4083554714163142,2566.082910158136,3.59977681383754,,1.24345928829333,77.7290267944336,,
MHL,2005,,1.7910447761194064,2658.652178938851,3.8787023977433,,1.27152930297075,73.762451171875,,
MHL,2006,,0.1759530791788819,2754.269887675027,3.79559021427832,,,79.1771087646484,,
MHL,2007,,3.688524590163937,2892.2840395887383,3.950000048,,,82.46044921875,,
MHL,2008,,-7.56634669678148,2817.6052277532194,4.599999905,,,84.7516632080078,,
MHL,2009,,3.665241295051928,2906.6302697091446,5.599999905,,,83.8652801513672,,
MHL,2010,,5.539186800235711,3095.4576896472217,7.0,,,,,
MHL,2011,,-0.5025125628140756,3319.398154391508,10.0,98.2699966430664,,,,
MHL,2012,,-1.290684624017956,3514.265154903829,12.5,,,,29.3663060278207,
MHL,2013,2.53349381424992,3.808982376350187,3677.9069079142087,14.0,,,,,
MHL,2014,2.75524138485019,-1.2595837897042657,3735.239778295445,16.79999924,,31.126998152462,,,
MHL,2015,2.04918032786885,1.8857459789240067,3764.344262295082,19.28240013,,31.7622950819672,83.1655992680695,34.320987654321,
MHL,2016,2.09604057934562,2.5040827436037034,4229.809889119453,29.78779984,,,84.9683299860961,36.6609294320138,
MHL,2017,2.14919727481786,3.5581518852894334,4592.834576285757,38.70119858,,34.3871563970857,,,
MHL,2018,2.2082367229767,5.487179487179489,4858.120790548747,43.88249969,,,,,
MHL,2019,2.27236575999273,10.452114730189592,5292.339855023065,49.75749969,98.1800003051758,36.3578521598836,92.6458959354737,37.3626373626374,
MHL,2020,2.34159134547839,-2.772887323943664,5661.96787336674,56.41910172,,37.4654615276542,92.9692504804612,,
MHL,2021,2.27717746029444,2.1593933906745235,6315.311721903933,63.97259903,95.7629302411191,38.6781734232601,94.7273914462945,,
MHL,2022,2.35047533498016,-0.700580183196621,6455.660353818898,64.26719666,,39.7060658232902,91.7037811279297,41.3350449293967,
MHL,2023,,-5.394773775252787,6799.392175547943,64.07589722,,,89.551989301237,,
MKD,2000,,4.54913578288874,1861.89899780644,2.48556631640066,,5.62633764539413,83.5768890380859,22.4084796905518,32.2
MKD,2001,,-3.0672566245166166,1823.0226768263635,3.46818460849398,,10.8055409158685,84.2949676513672,24.3628692626953,30.52
MKD,2002,,1.493665472029278,1989.1353726515904,17.33,96.129997253418,17.6114156580624,83.9654083251953,26.8072891235352,31.94
MKD,2003,,2.222601657324091,2445.3628640001334,19.07,,37.2824012172512,83.6575317382812,27.8220596313477,36.69
MKD,2004,,4.674089579609159,2818.5814561241964,24.44,,47.2351660443568,83.2468414306641,28.2504692077637,37.161
MKD,2005,0.59507887570479,4.724088642019737,3120.984013942332,26.45000076,,54.1201173122685,83.6800384521484,29.7906494140625,37.32
MKD,2006,1.7463346596574,5.13702516153505,3440.441105796795,28.62,,60.4930613292055,,29.2525997161865,36.392
MKD,2007,4.82749047537623,6.4734868575234685,4204.113287604519,36.29999924,,86.1891034077308,84.0014801025391,35.2432899475098,35.231
MKD,2008,8.74101931878654,5.4720013901559525,5026.4202989872965,46.04,,95.0115267568525,84.0322494506836,39.6388511657715,33.93
MKD,2009,11.2968607671847,-0.3586148569796705,4799.78722768888,51.77,,94.3034525397712,84.1355972290039,39.837718963623,32.351
MKD,2010,12.6122529557569,3.358750857738116,4833.365867599679,51.9,,104.968060033975,85.4283828735352,38.147590637207,33.135
MKD,2011,13.7991890008361,2.339886045203315,5416.866729316594,56.7,,108.467609532426,,,31.502
MKD,2012,15.4034279276413,-0.4561832236079368,5049.826538615697,57.449947312961,,110.268442239858,85.8300170898438,39.7961082458496,31.096
MKD,2013,16.8126639116268,2.9252576645048407,5626.261156648935,65.24,,111.124632440594,83.8025588989258,38.9499015808105,29.017
MKD,2014,17.7239038498213,3.6291235127637274,5925.385922180148,68.0584815397496,,111.342589695936,83.6949768066406,39.3214912414551,28.215
MKD,2015,18.4016994838328,3.8558651404173783,5262.686719286744,70.3802030766689,,105.212016364652,84.9836273193359,42.0811805725098,26.395
MKD,2016,19.4533715332855,2.8482051936330635,5598.486226179673,72.1568144676058,,104.549883518699,,,24.312
MKD,2017,20.4183259234605,1.081772738132429,5955.297386345096,74.5168241807954,,103.458690624197,84.6865386962891,43.5097694396973,22.857
MKD,2018,22.2929498345599,2.880596709642674,6713.989253989887,79.1677551850871,,102.572291491295,83.3533935546875,43.8547897338867,21.208
MKD,2019,23.9402500262168,3.910419538401726,6718.858266354576,81.4128827618364,,101.231634434543,82.5312805175781,43.1991004943848,17.414
MKD,2020,25.4041233643961,-4.688450009566523,6659.596510707756,81.40553811,,99.4723867063031,82.4416732788086,43.782169342041,16.575
MKD,2021,26.9448892231031,4.510679490382216,7620.802969775082,81.873703,,104.875134243923,84.1619567871094,44.3020210266113,15.801
MKD,2022,28.0035734605346,2.7588841533296744,7606.237525379702,83.85030365,,111.303079555687,91.4516372680664,53.1601181030273,14.476
MKD,2023,29.1771708951077,2.5549652534029974,8674.358463274853,88.5,,106.458776658176,90.0724868774414,55.0082015991211,13.174
MLI,2000,,-0.7360199922242856,304.6528701893142,0.142545755049184,,0.089953621718981,15.6529197692871,1.77691996097565,1.412
MLI,2001,,15.80603174227096,346.2245542485874,0.185897413256084,,0.201449644976166,,1.89023995399475,1.332
MLI,2002,,3.0362754073888425,378.1916786280683,0.2270455784917,,0.374135847429006,,1.88522005081177,1.36
MLI,2003,,9.79712256086644,441.9103584751711,0.310364443230575,24.0,1.94894660643258,19.7679595947266,,1.272
MLI,2004,,1.4773249029010174,495.00629467566097,0.432819639900985,,3.10523812834724,21.5015201568604,,1.413
MLI,2005,,2.5383783488892107,548.7303828488792,0.507099986,,5.62822858148233,23.2651901245117,,1.367
MLI,2006,0.0220512462385113,3.6896026525527783,586.9854155125928,0.729600012,26.1800003051758,10.8143886204419,25.1828804016113,,1.395
MLI,2007,0.022133419561447,1.7600460785280203,670.8533949780686,0.81,,17.5053976147782,27.6904392242432,,1.372
MLI,2008,0.0352859709752809,3.638710709237188,767.1948389461443,1.57,,23.0146454181582,31.0381298065186,4.79010009765625,1.383
MLI,2009,0.0534092136335505,5.454735626836694,787.4825642825899,1.799999952,,28.8978765173021,34.0355415344238,5.29625988006592,1.406
MLI,2010,0.0502910029715529,5.576788597935149,797.1515411411893,2.0,31.1000003814697,46.6622176783255,36.7189206176726,5.50589495885227,1.375
MLI,2011,0.0515026702513302,2.93537897118415,938.2929025795984,2.2,30.6200008392334,65.7107159010821,38.7492137225876,4.96896888641169,1.403
MLI,2012,0.02547615493819,-1.0723992414783652,872.5060924639458,2.799999952,,86.1756593856956,,6.41861745428738,1.462
MLI,2013,0.0166613066782973,3.2906874205354484,901.920957649814,3.5,,113.114584714497,39.2758121397099,5.94123501789155,1.517
MLI,2014,,6.5026387838632616,947.9150332932192,7.0,,130.439571178385,41.2349114693214,5.53504882678079,1.476
MLI,2015,0.018818888075322,6.2388789018106365,838.1198694010295,10.32999992,33.0699996948242,122.082978226993,38.9892238642006,5.12750941173932,1.404
MLI,2016,0.111738195386459,6.005063085594983,872.4685871716532,14.0,,105.348301513254,40.0999948578594,,1.367
MLI,2017,0.0777267019132024,5.375547696479387,924.0575316922836,18.89999962,,111.210305187838,38.5485805738327,,1.498
MLI,2018,0.591594866067607,4.867849999352643,996.3792921369012,21.39999962,35.4700012207031,107.404034726492,37.9832691019192,,1.62
MLI,2019,0.676472661314418,4.999999116997046,971.9493186380917,24.96030045,,108.814511587375,,,3.29
MLI,2020,1.12281404354348,-1.1691083485760458,953.2429432909744,29.11300087,,116.587405376001,,,3.528
MLI,2021,0.648338018002888,3.1009412446350666,1027.2734536535686,33.95650101,,108.693122357196,,,4.006
MLI,2022,0.774220028570636,3.703190275853856,976.914116406452,35.19919968,,112.119852778009,,,2.387
MLI,2023,,4.763941000409318,1042.4422344483685,36.03879929,,,38.9389470920545,,2.947
MLT,2000,0.414108703534678,19.681269353068885,10348.485765124951,13.1137087111024,,28.6185123594944,,,6.324
MLT,2001,2.27342694843887,-0.7572036518071741,10357.702640726948,17.8778483243348,,59.4402955430206,90.7193222045898,24.9949493408203,7.107
MLT,2002,4.35910396607202,2.741135033796453,11251.202487739843,28.92,,68.2650130065464,91.1574630737305,24.2556896209717,6.902
MLT,2003,5.56946397338729,3.693310663072353,13593.97871829017,31.64,,71.0371215944109,93.1107406616211,30.0867691040039,7.488
MLT,2004,9.16314100847619,0.4073544236558888,15212.131296488336,34.62,,74.5054747101982,104.41886138916,26.6235694885254,7.317
MLT,2005,12.4380625181457,2.881236524290685,15831.343980275578,41.24,92.3600006103516,78.3847866060195,101.806327819824,32.2053604125977,6.923
MLT,2006,12.7446119185277,2.336188703167849,16653.603831238852,40.41,,83.4679651658186,97.5271606445312,31.2252807617188,6.798
MLT,2007,20.1300584615901,5.03640177981643,19444.174363556453,46.9,,88.3347675079159,100.52220916748,34.6690711975098,6.472
MLT,2008,23.440636419401,4.410596898276083,22405.64262665505,50.08,,92.0440414445937,101.423049926758,33.3216094970703,5.977
MLT,2009,27.0098266376739,-1.3952495614480256,21261.54286998169,58.86,,100.306087287159,,35.7878684997559,6.896
MLT,2010,29.7855677615811,6.197349786569276,21946.607306690545,63.0,,107.790825054241,105.11385345459,36.8344192504883,6.861
MLT,2011,30.3037011219232,0.9922017680115972,23516.972445815973,68.0198237885462,93.3099975585938,122.871784244091,94.1126708984375,39.4486618041992,6.388
MLT,2012,31.8224330830663,4.101674602618914,22878.30958625824,68.1998742928975,,124.757214417819,95.5169982910156,42.5473289489746,6.203
MLT,2013,33.3783014199957,6.292333781166249,25415.552538905355,68.9138,,129.921671505793,96.430793762207,44.4813919067383,6.115
MLT,2014,34.8819867199098,7.631362822504201,27424.56936197017,73.1141157845193,,125.718724466898,95.6191711425781,45.4103507995605,5.737
MLT,2015,36.6768468766082,9.620703028421817,25529.66932106732,75.9600189752747,,117.794018171562,93.432373046875,48.0389709472656,5.389
MLT,2016,37.6179796999137,4.078004222169824,26459.064428536916,78.0751488032182,,128.59869659476,92.2248611450195,49.2171897888184,4.694
MLT,2017,38.7512769768028,12.971342528784476,30317.261176987464,81.0119110762945,,129.249073523943,99.5694808959961,54.0890197753906,4.008
MLT,2018,39.5892751744889,7.189214255369166,33382.28078110304,81.6580442928014,,127.093763801237,100.396072387695,57.8407592773438,3.956
MLT,2019,40.1799549616579,4.085055731224301,32421.90874711857,85.7785963798031,,125.866492068688,100.816368103027,58.4985084533691,4.08
MLT,2020,41.1094408219109,-3.4572823253741944,31823.42200172396,86.85876183,,122.175694268893,100.112777709961,61.4767112731934,4.856
MLT,2021,42.1830899964911,13.35098189254984,38078.006427906665,87.46977742,,123.941408455002,101.402908325195,70.2313537597656,3.754
MLT,2022,43.4449972737186,2.5927677688437853,35658.831825019886,91.54062209,,132.861156549134,101.95467376709,74.5901336669922,3.471
MLT,2023,44.282454836797,10.6340558017004,40932.52387744605,92.07266941,,140.59359496844,103.027229309082,80.5250091552734,3.479
MMR,2000,,13.74593055612263,196.6195806252842,,89.9400024414062,0.0295799320661765,39.3193206787109,,0.712
MMR,2001,,11.343997069960537,141.52566070572198,0.0002892773808485,,0.04953121223398,40.303840637207,11.6847896575928,0.689
MMR,2002,,12.02551343403148,146.59839036444865,0.0004264935063618,,0.103783791079435,41.8484497070312,,0.685
MMR,2003,,13.843996890379756,224.2926889124093,0.0240641491408465,,0.142534824036552,42.1795806884766,,0.686
MMR,2004,,13.564661616341551,224.5088114133274,0.024337392002823,,0.196418976046369,45.0282783508301,,0.677
MMR,2005,0.0005122436239107,13.56895002164562,252.6851930607284,0.065200001,,0.27129940081198,45.6932487487793,,0.672
MMR,2006,0.0082891886776086,13.076101379237244,303.4950871192538,0.18204833106115,,0.448285852912208,47.5437698364258,,0.676
MMR,2007,0.0134358321508409,11.991435240214642,419.3757807250424,0.217128445069958,,0.514578241519701,47.3708114624023,11.0508098602295,0.684
MMR,2008,0.020654755544097,10.255305392980787,658.4424872297052,0.22,,0.759210538252597,49.9790115356445,,0.7
MMR,2009,0.0477595166128622,10.550009096193165,758.4429357892551,0.219999999,,1.03164871502753,49.9621315002441,,0.712
MMR,2010,0.0468134407079318,9.634439452044404,1010.5341734340147,0.25,,1.21164199479353,50.8663902282715,,0.725
MMR,2011,0.0443101573417305,5.591482378236606,1213.6289870337605,0.98,,2.51643773692417,,14.3246002197266,0.749
MMR,2012,,7.332670447041494,1202.6658960055008,1.399999976,,7.48356366415727,,13.7377004623413,0.768
MMR,2013,,8.42600102501767,1199.0956159705486,1.799999952,,13.5933519472846,,,0.775
MMR,2014,,8.169907455582774,1293.0004229868816,7.400000095,90.3600006103516,57.2778336231227,57.1178512573242,,0.763
MMR,2015,0.0644384582091319,6.9928402902612135,1166.7330554633684,10.89999962,,80.2397229653255,,,0.766
MMR,2016,0.174162128034933,5.86247291518572,1229.1971351589325,16.0,84.7799987792969,98.2342601991436,67.7588500976562,,1.058
MMR,2017,0.214986286331048,6.136108243603047,1272.822418306033,23.621081950267,,92.3917955157784,72.3457412719727,,1.356
MMR,2018,0.246880529164931,6.268862214710751,1298.2131032078464,29.37899971,95.8142859113662,116.972136284863,77.0191497802734,20.3723297119141,0.767
MMR,2019,0.92296052297012,6.579110067654142,1425.9895421190286,36.54050064,89.0699996948242,155.669416939698,,,0.407
MMR,2020,1.29924592186564,-9.04834717984643,1490.216835483673,45.4477005,93.527395549521,148.158208114821,,,1.476
MMR,2021,1.67276170937317,-12.016372482917674,1242.7213441959868,,,127.240645128106,,,4.34
MMR,2022,2.09694638185872,4.037493436008504,1158.0500503433166,,,107.535089476237,,,3.063
MMR,2023,2.79829802446154,0.9584466251261148,1233.1966620926912,,,121.027626770248,,,2.977
MNE,2000,,3.099996662802454,1627.065119119869,,,,,18.111270904541,30.447
MNE,2001,,1.0998409297946097,1909.5987018617889,,,,,18.9315395355225,30.542
MNE,2002,,1.903936126013832,2109.3063194733054,,,,,17.7185001373291,30.356
MNE,2003,,2.482658913515252,2789.954351103449,,97.7699966430664,,91.9459609985352,18.6800899505615,30.39
MNE,2004,,4.426051471389215,3386.380994179814,25.3500686036232,,76.3334038128359,90.45458984375,22.1096992492676,30.342
MNE,2005,1.20889519753963,4.180602067049463,3675.9885127272314,27.10000038,,85.6746313382225,91.0373306274414,24.9292507171631,30.31
MNE,2006,,8.566419917567572,4422.55172559508,28.89999962,,101.547633509026,92.1242370605469,29.1942901611328,24.815
MNE,2007,2.81853361099752,7.137550164596362,5979.438131809807,30.79999924,,142.095017359275,92.5225219726562,36.3274917602539,19.4
MNE,2008,6.281000876992,6.898600308602184,7390.014812905028,32.90000153,,182.988251467579,93.0311737060547,43.55712890625,17.15
MNE,2009,9.38099861172162,-5.994448625387534,6726.675897344076,35.09999847,,204.631442133458,95.6065979003906,51.6601409912109,19.09
MNE,2010,10.2303793142727,2.775597825478357,6678.63939560908,37.5,,185.100808748149,98.99609375,55.2963485717773,19.649
MNE,2011,10.2281061123334,3.409788124971925,7265.517711766277,35.6115412460109,98.4400024414062,183.204359810839,93.1708908081055,59.0115089416504,19.759
MNE,2012,13.8535846197557,-2.487328829653535,6552.479703373727,56.8387825490631,,156.401963569782,92.6130599975586,60.3092498779297,19.808
MNE,2013,15.1169768888917,3.3861254854024736,7102.777671470204,60.31,,156.964444205798,,60.4347686767578,19.585
MNE,2014,16.450287071867,2.3703089246451583,7342.1714736374115,63.8868840056697,,160.490358344882,,63.2196388244629,18.054
MNE,2015,17.8930024118635,2.5230633397557085,6421.000057314188,68.1197860085679,,160.454990487865,91.863410949707,63.9372711181641,17.555
MNE,2016,18.3977867805956,3.439305621099905,6968.012028836512,69.8816468416779,,166.719850572448,90.5575180053711,59.1839218139648,17.732
MNE,2017,22.1614090312426,3.216685047362745,7674.285657121897,71.2723325399382,,168.464830660169,90.6022262573242,60.9102210998535,16.082
MNE,2018,25.8249904594873,4.732921134339648,8673.594690698583,71.5171004874886,98.5299987792969,184.219098888429,91.4442672729492,58.1831512451172,15.19
MNE,2019,29.2284854340679,4.393915658215278,8749.256297346757,73.4766657478691,,188.173957398388,91.84033203125,56.2633209228516,15.128
MNE,2020,30.2953440746132,-14.99261870235334,7555.486990363213,77.60879306,,177.66521091893,92.3578720092773,58.0944709777832,17.878
MNE,2021,31.180870777725,13.046260742635909,9315.864356431415,82.21969752,,185.488473149833,93.1638412475586,57.9613914489746,16.543
MNE,2022,31.8922375082974,7.739546895162007,10038.18494825166,88.22192026,,207.278149444886,92.1609725952148,57.4317893981934,14.851
MNE,2023,32.0155251660479,6.478362835185635,12258.160047733896,88.5515976,,207.237922064803,93.8724975585938,55.1743011474609,13.146
MNG,2000,,1.1460621370910786,476.0275508271704,1.25565200358112,97.7699966430664,6.29688552620539,62.4367294311523,29.2760200500488,5.992
MNG,2001,0.0019776405537393,2.9527105433811727,524.453483552485,1.65323823906982,,7.87020220365662,69.4697723388672,33.2865905761719,6.111
MNG,2002,0.0035998920032399,4.7329784659011125,570.2492132483989,2.0395726034818,,8.63974080777577,74.5482330322266,34.7981109619141,6.2
MNG,2003,0.0198270683101985,7.004634573848861,643.1680689216577,,,12.6496695819066,82.2682495117188,36.878849029541,6.768
MNG,2004,0.035394151234489,10.62540595993093,794.1545520018152,,,16.8592174038547,88.4728012084961,39.5999908447266,6.851
MNG,2005,0.070217569137974,7.253665437960151,994.9001091324096,9.0,,21.7365116925906,92.1028823852539,43.4830207824707,7.015
MNG,2006,0.135409299755954,8.556234816643652,1329.8917957905269,9.0,,29.9796189659682,92.3052825927734,46.8148307800293,7.193
MNG,2007,0.283554418866818,10.248016359005746,1627.6878774335903,9.0,,45.8051776001595,,46.9772300720215,7.2
MNG,2008,1.23381809458159,8.900367940675508,2127.426785947373,9.800000191,,66.9284063613147,,49.1745986938477,5.565
MNG,2009,1.50364345674788,-1.2685989360828245,1703.3275679001902,10.0,,84.3807849396284,98.5075302124023,53.1806716918945,5.86
MNG,2010,2.84091834423251,6.365161678631097,2625.21881402433,10.2,98.2600021362305,92.9207634213904,91.1776885986328,56.0776786804199,6.549
MNG,2011,3.42607770710846,17.290777586955542,3736.042014550773,12.4999911084745,,107.181059165519,,56.7482133834947,4.769
MNG,2012,3.94085550888065,12.319819849403205,4328.890019056554,16.4,,120.738848253543,,61.3067016601562,3.905
MNG,2013,4.89953823458973,11.648916187892496,4340.143105444494,17.699984237,,100.901264814345,,64.8171691894531,4.231
MNG,2014,6.77117608106174,7.885225482047616,4126.239758005238,19.9424474349209,,103.920441847843,,66.6792297363281,4.798
MNG,2015,6.98959122144406,2.379835807317221,3838.921269899843,22.5000041337688,,103.078420951136,,70.3587265014648,4.861
MNG,2016,7.43705957487671,1.48978448679577,3619.9002638379216,22.2657705007562,,110.745846833017,,65.2477111816406,7.235
MNG,2017,9.18362021979381,5.636876386947719,3645.9670866955134,23.71430016,,125.18399904135,,64.4055709838867,6.359
MNG,2018,9.66655365112798,7.744880620248807,4107.6428852846775,47.1300018848989,96.9000015258789,133.283865358717,91.2949725153641,65.1030502319336,5.377
MNG,2019,9.83638257697054,5.602244220642547,4347.54610314873,51.079994082603,98.4599990844727,136.719198864644,88.7463471502002,67.970817565918,9.024
MNG,2020,9.3475568899214,-4.557751975834307,4001.251930777028,62.50002848,99.1800003051758,132.610273840436,95.3826370696027,66.2557467107749,6.413
MNG,2021,11.3929982387502,1.636769577366621,4517.61578018785,81.60682285,99.2143568969301,140.352142155192,98.3276220923038,67.4261046440448,7.871
MNG,2022,12.9008288504333,5.032709636652697,4993.514874634954,81.07720184,98.7300033569336,142.808581769425,93.5508272676123,67.6998728025335,5.954
MNG,2023,14.5529107220073,7.422112761502504,5838.631080839024,83.74320221,98.6399993896484,141.08481753135,96.8181201904352,67.941399950927,5.178
MNP,2000,,,,,,4.38878810931008,,,
MNP,2001,,,,,,19.4163332548835,,,
MNP,2002,,,19227.889424660814,,,25.6626433855461,,,
MNP,2003,,0.3431708991077613,18938.872838996653,,,28.4602803381177,,,
MNP,2004,,-3.077975376196989,18924.58318996528,,,32.021645969533,,,
MNP,2005,,-12.702893436838394,17015.748789171506,,,,,,
MNP,2006,,-6.87146321746161,16314.557859002667,,,,,,
MNP,2007,,-6.684027777777786,15914.219304049811,,,,,,
MNP,2008,,-11.069767441860463,16430.446194225722,,,,,,
MNP,2009,,-17.573221757322173,14369.633981021238,,,,,,
MNP,2010,,1.3959390862944048,14771.403745539925,,,,,,
MNP,2011,,-7.384230287859822,13598.716609461277,,,,,,
MNP,2012,,0.810810810810807,14013.600330615773,,,,,,
MNP,2013,,2.68096514745308,14632.851889760794,,,,,,
MNP,2014,,4.177545691906005,15945.417608953963,,,,,,
MNP,2015,,3.383458646616532,17665.100749310866,,,,,,
MNP,2016,,29.212121212121215,24225.47416934197,,,,,,
MNP,2017,,23.170731707317078,31225.6049960968,,,,,,
MNP,2018,,-19.497334348819493,26509.362837989283,,,,,,
MNP,2019,,-11.447492904446548,24496.6652122421,,,,,,
MNP,2020,,-29.059829059829056,18220.83824272008,,,,,,
MNP,2021,,4.96987951807229,19455.50139423998,,,,,,
MNP,2022,,16.64275466284076,23785.75459004297,,,,,,
MOZ,2000,,0.7662349557734416,327.1262397915697,0.109592530041641,,0.281665622612854,5.94095993041992,0.613489985466003,2.832
MOZ,2001,,12.85168202077358,304.7921386219133,0.160031946644069,,0.823466563784593,6.66658020019531,0.602580010890961,2.838
MOZ,2002,,9.668505346694277,313.88666172119804,0.259612611253739,,1.34378340548628,8.2307596206665,0.682079970836639,2.902
MOZ,2003,,7.217700865696557,339.4887378006477,0.419538843913707,48.1599998474121,2.2470417004534,,0.928529977798462,2.857
MOZ,2004,,8.204704947885773,400.0569731615448,0.679447835392438,,3.56849208981733,10.5598001480103,1.15550994873047,2.953
MOZ,2005,,6.312023780231925,436.77385616738417,0.854399979,,7.40691910278913,12.95458984375,1.43202996253967,3.035
MOZ,2006,0.0105883041717197,9.910677567829154,457.4876478331826,0.842954488044236,,11.2537028396523,15.2163000106812,2.12770009040833,3.037
MOZ,2007,0.0299093816668691,7.649353937958665,507.8749239143042,0.91,,14.4674737235959,17.9137401580811,3.03946995735169,3.082
MOZ,2008,0.0510334187083242,6.878029425609952,592.1591111841216,1.56,,20.1888204410131,20.1720008850098,3.51939988136292,3.112
MOZ,2009,0.0613976266700072,5.928971874608152,547.6971441936511,2.68,50.5800018310547,26.6650991246997,22.9890193939209,3.82146000862122,3.207
MOZ,2010,0.0753198965096013,6.679729356628641,496.18583939265926,4.17,,31.4105056102953,25.1208838457009,4.6029332896014,3.259
MOZ,2011,0.119979505298291,7.134058423004447,618.1764928678903,4.599999905,,33.216339150187,26.0157578808472,4.903703492415,3.295
MOZ,2012,0.120955650717816,7.994503161072203,685.6857481995128,5.0,,36.1781646576283,25.6446165136399,5.19951373358179,3.304
MOZ,2013,0.115170237953958,6.571413896655372,686.505672517351,5.5,,49.5029641007918,34.4439086914062,5.59344755668074,3.345
MOZ,2014,0.143416778231361,7.7025684483930945,697.1426804441226,6.0,,71.6701472266196,33.95458984375,6.25049132527997,3.377
MOZ,2015,0.160353647407002,7.393093698637699,610.5637747065892,6.5,56.0400009155273,75.8447213176406,34.5285606384277,6.73181717702859,3.426
MOZ,2016,0.170460624854022,4.696990242257954,441.4897348190715,7.0,,54.9641156223382,,7.34197304077013,3.65
MOZ,2017,0.218845913283962,2.6382073731065816,470.9385630519602,7.7963266079129,60.6599998474121,42.1619694080105,37.2411918640137,7.24573099191356,3.935
MOZ,2018,0.241713568697421,3.484932024227817,517.5072602581007,10.89999962,,48.5007087167822,,7.4630510423433,4.21
MOZ,2019,0.234152423439938,2.3178139482147486,519.0925509136196,12.47929955,,49.4350694242276,,,4.462
MOZ,2020,0.227393157051228,-1.2195225001119212,462.4338764799215,14.28740025,59.7799987792969,50.2318825476662,,,5.019
MOZ,2021,0.206558007808804,2.3774357276150653,509.90782947555147,16.35759926,,43.1636190464176,,,5.413
MOZ,2022,0.197784521833894,4.369308019380398,578.2732221845027,18.96220016,61.6653441678133,45.8178199662019,,,6.789
MOZ,2023,0.149001818335337,5.5038445665024085,622.1911332459667,19.94560051,,47.5003032540948,,,6.661
MRT,2000,,-3.918025879232928,680.9110618797781,0.192031462434805,51.2099990844727,0.585435064346201,18.0476703643799,,10.03
MRT,2001,,-0.7994938157893472,651.8178401997768,0.261448551967195,,4.12366169421673,20.5369300842285,3.47914004325867,10.132
MRT,2002,,1.3814839619905823,648.8796439348624,0.363229414608579,,9.02771615993982,20.5889301300049,3.0836501121521,10.201
MRT,2003,,6.928269551063025,732.0178208126755,0.424004895843197,,12.524919291118,21.539270401001,3.29281997680664,9.911
MRT,2004,,4.7327579245203,823.554457141893,0.481470438230954,,18.2105677067792,22.1136894226074,3.34153008460998,9.77
MRT,2005,0.0055800172776388,8.566287249066676,998.96583416747,0.670000017,,25.3691742833335,22.4629497528076,3.07908010482788,9.59
MRT,2006,0.0322863229428668,18.33319875977135,1300.6036798865928,0.979700029,,35.1772263626288,23.1758899688721,3.48698997497559,9.313
MRT,2007,0.129321813777235,-1.9694227516076095,1405.1501620336849,1.433599949,,45.7141942652888,,3.95002007484436,9.482
MRT,2008,0.184590117894529,-0.3310791952783773,1635.5630623124007,1.870000005,,65.7183543081028,18.5803203582764,4.07179021835327,9.715
MRT,2009,0.206275148822572,0.0978758719728034,1435.430108118934,2.279999971,,66.4418800358538,20.0069904327393,4.12409019470215,10.214
MRT,2010,0.171308167439062,2.620229520553778,1659.9636970545478,4.0,,81.8660764708571,20.4244003295898,4.66769636853479,10.093
MRT,2011,0.174716820290903,4.172783283044183,1931.199755254651,4.5,,94.6316258570616,22.7523097991943,5.06647175812938,9.976
MRT,2012,0.185049380580564,4.470013182336928,1859.1173324764088,5.0,,111.230731736701,27.0638964405956,5.49335070425997,9.864
MRT,2013,0.201696802468349,4.150813186271705,1936.2695044610089,6.199999809,62.0699996948242,106.798483685642,30.2620419125702,5.79601450584933,9.926
MRT,2014,0.20787244115521,4.274823271302836,1718.9708937470857,11.80000019,,97.5267336951353,30.6988232872483,,10.026
MRT,2015,0.243018145169932,5.376339236949363,1558.842054734161,17.60000038,65.1100006103516,91.8941169084199,31.196307538775,5.88425001273035,10.104
MRT,2016,0.272618915656489,1.2609092244830291,1568.00551190332,19.23279953,,88.4383494871236,32.187587041888,5.56245834327609,10.287
MRT,2017,0.300123497838788,6.270545693865742,1617.934015422666,21.01720047,,96.7595354581295,31.7565696757394,5.15614020144375,10.336
MRT,2018,0.304863077886015,4.772173638901549,1723.378094426555,22.96699905,,105.275094895088,35.5293425627344,5.13275480775448,10.411
MRT,2019,0.242070430744355,3.141004892646393,1767.0727106209977,25.0977993,,105.441089704161,37.5793709898761,5.88823986461851,10.416
MRT,2020,0.401227704167555,-0.3606573865228597,1795.7243732442291,29.90649986,59.5299987792969,126.277034284458,36.0277030077074,5.97194330025359,11.051
MRT,2021,0.405903092669414,0.7427154981401998,1947.4741390720917,35.63660049,,137.540323142707,,,11.131
MRT,2022,0.415227794850191,6.7960049994760965,1961.2816664886943,42.46450043,,109.883898247552,,,10.52
MRT,2023,0.59041012129361,6.8094900245797305,2127.957628597303,44.95629883,,90.7724948884417,,,10.37
MUS,2000,,8.202791748652729,3981.983432495823,7.28153511499385,84.3000030517578,14.7949785842685,74.3924789428711,10.6760301589966,9.125
MUS,2001,,3.3475407273142963,3908.556949274354,8.78090401892036,,22.2235093624495,80.2969284057617,16.4485702514648,9.14
MUS,2002,0.0230940332310983,1.6149186586243758,4073.060530559032,10.252624671916,,28.161107217088,82.4172286987305,15.1241102218628,8.205
MUS,2003,0.0953225145499674,5.925445489477397,4858.265755497474,12.1871062041308,,37.2277089024305,85.5775909423828,15.7577295303345,8.318
MUS,2004,0.205152824451912,4.330019854643226,5460.608001841983,13.6890885885342,,43.8266122579613,86.3435287475586,17.2851009368896,8.337
MUS,2005,0.429361724128331,1.7775430203446518,5354.029742606423,15.1722002,,52.2446836857658,88.6331024169922,21.0529594421387,9.524
MUS,2006,2.2072653410678,4.865544607755339,5784.224918830265,16.7,,61.1177886041965,86.6944198608398,23.6054592132568,9.04
MUS,2007,2.76734949799845,5.763802194530683,6677.375386163975,20.22,,73.1476040513014,86.7215270996094,24.5238494873047,8.475
MUS,2008,4.11968916591809,5.463056504228405,8140.479836392435,21.81,,81.0663444829304,86.2219161987305,27.0272006988525,7.17
MUS,2009,5.69793552947211,3.36352090607312,7426.861373139386,22.51,,84.9704293760927,86.6567001342773,31.3993797302246,7.257
MUS,2010,7.32215958568935,4.39672657214976,8113.176707402124,28.33,,92.8425699047874,86.9073104858398,33.0799908955061,7.654
MUS,2011,9.1921039721924,4.1455526256101365,9324.24232310496,34.95000076,89.25,100.608971543233,88.7222900390625,34.2265053809565,7.447
MUS,2012,10.9217558584205,3.510620901672638,9421.525140982249,35.42,91.7699966430664,115.252449250293,92.1094389658945,40.3749497386409,7.472
MUS,2013,12.5795517217874,3.3975508522064928,9877.138659588343,40.116825135,91.4899978637695,118.793106653529,93.7982864379883,41.4023953525386,7.322
MUS,2014,14.0866327916688,3.857739052806892,10490.331556385292,44.8032753683379,92.4700012207031,127.86328226284,97.075353264043,40.0382004235695,7.467
MUS,2015,15.2753864309067,3.71766362108832,9630.543783750698,50.1393184766711,92.7099990844727,136.371902265385,93.9681984718368,37.760738643162,7.41
MUS,2016,16.4576177636993,3.885761210760336,10095.122557415598,52.19129944,93.1600036621094,140.423888162514,94.4362545563892,38.4107692617261,6.814
MUS,2017,19.0600896444054,3.954417309602647,10986.70340930054,55.4032403002657,,142.524532117413,92.5403344955972,39.6618786560902,6.752
MUS,2018,21.3138552473439,4.116693694564916,11818.748061927196,58.596169704299,,148.816797831837,91.4171358592572,40.4078098261963,6.426
MUS,2019,23.8830105654334,2.863949386847338,11568.253339982366,61.7299551453346,,145.117277088014,93.1354968676317,42.9878710798151,6.331
MUS,2020,25.1865809761826,-14.197435813779151,9135.84773751062,67.73290684,,149.06995900167,89.5019998431496,42.5378418595105,8.626
MUS,2021,25.7028828022003,3.3380908405727894,9177.711959730132,71.59999847,92.9800213334339,154.053185977432,,43.9577226373808,7.719
MUS,2022,26.1963906498554,8.342443802504704,10246.501745555295,75.5,,164.309278835228,,44.2026816403629,6.322
MUS,2023,26.9082309192612,4.699181896874435,11269.96844621386,79.5,94.2877776512134,165.257524411348,,43.3386887794765,5.571
MWI,2000,,1.5760776261689529,224.2241591842804,0.126780944756387,,0.43301741914195,31.0989303588867,0.331539988517761,5.045
MWI,2001,,-4.974963618924761,215.4745248983569,0.164020725330811,,0.480718719771781,32.2248115539551,0.364780008792877,5.221
MWI,2002,,1.7000000307831726,428.2104398383979,0.21509472652259,,0.724274521819057,31.3253707885742,0.385289996862411,5.248
MWI,2003,0.0005664292643955,5.7056394046741445,383.3485968526416,0.278815116302304,,1.10916700912378,,0.391519993543625,5.165
MWI,2004,0.0011039349119975,5.420497549938276,404.6742484454283,0.347505334967577,,1.77697522954047,28.9145393371582,0.462709993124008,4.964
MWI,2005,0.0031464098490104,3.2687260231706574,414.36112198447466,0.384499997,,3.2800777505911,28.7130393981934,0.45329999923706,4.935
MWI,2006,,4.699999764046908,440.82214902387295,0.425099999,,4.6986669369963,30.5642108917236,0.479409992694855,4.954
MWI,2007,0.0068796140462862,9.599999876834689,475.1802616593313,0.965864736553132,,7.74031710895931,30.2626094818115,0.477120012044907,4.876
MWI,2008,0.0070547408538254,7.639736399445908,554.0488203961194,0.7,,10.787342707362,32.6917381286621,,4.796
MWI,2009,0.0071826564825767,8.328109852403799,625.8697298696254,1.07,,17.2664810012484,33.3515281677246,,4.732
MWI,2010,0.0073179962071871,6.874065854161415,683.1246947167995,2.26,,21.025675510066,33.6619814891638,1.26225889832108,4.78
MWI,2011,0.0113330986355604,4.9326699981372855,763.0610003945718,3.33,,25.8864481164849,34.7371599213107,1.55183037174754,4.829
MWI,2012,0.0078805431871271,1.9000000007290936,558.46208832772,4.350599766,,29.5800071510519,34.8210140987042,0.838820281170415,4.949
MWI,2013,0.0543070159937472,5.410349998171668,496.94736826731287,5.050000191,,32.7317425220037,37.847295845447,,4.978
MWI,2014,0.05150546237057,5.625270001051391,529.5133440205997,5.829999924,,33.8868400746068,39.5435659506335,0.827777867221161,4.967
MWI,2015,0.034268649944541,2.800000000033549,539.605363240686,6.0,,38.4341901744435,39.7291461793841,0.809801002249246,4.953
MWI,2016,0.0495052352697577,2.499999999143114,450.5061055107186,6.300000191,,40.8844441758703,38.1843681335449,,5.011
MWI,2017,0.0599566013099431,4.000000000891717,495.76968336716527,7.0,72.8266778164735,43.0855088342582,39.6154222954854,,5.046
MWI,2018,0.0613015454757565,4.353564716192111,533.2025671893307,8.798299789,76.7200012207031,38.1955692011493,38.8324397802949,1.6942403485732,5.021
MWI,2019,0.0596980345376099,5.716825191943372,580.8891397624755,11.05860043,,46.7841008334388,35.5212672502146,,4.964
MWI,2020,0.0627371263723842,0.7935964297872857,602.5074781761056,13.89949989,70.1500015258789,51.2170439392301,41.4565075090498,2.40217380732134,5.72
MWI,2021,0.0670814931398598,4.558292120160829,617.4469944510071,15.30300045,,59.5599408158462,35.8885917563293,2.39798041885226,5.652
MWI,2022,0.0724060330808983,0.9211150690059356,604.2697403603173,16.84830093,,59.6495709408963,35.5084899925617,2.70813684546823,5.02
MWI,2023,0.079556560544817,1.9457528167598357,633.214767978695,17.98810346,,61.0866071008045,36.644092994481,,5.009
MYS,2000,,8.858868169693864,4083.528744836047,21.3847311644538,88.6900024414062,22.2996735954346,76.4828262329102,27.5522994995117,3.0
MYS,2001,0.0170020765486193,0.5176753191928611,3943.799439102389,26.6959725007084,,31.3900838278883,75.6187362670898,26.960880279541,3.53
MYS,2002,0.0800830553639777,5.390988306927966,4184.031637735386,32.3382043389359,,37.5604548860269,75.0011596679688,28.92991065979,3.48
MYS,2003,0.447341087591283,5.788499285887497,4465.321945672084,34.9711523397291,,45.0736604261284,80.088996887207,31.2641696929932,3.61
MYS,2004,0.999731873891089,6.783437723703045,4939.248518544275,42.2522656295248,,57.8498313244464,80.5677719116211,29.779899597168,3.54
MYS,2005,1.86986635854964,5.332139161414858,5555.581799512061,48.6291702459839,,75.6500475633466,76.2537536621094,27.1163005828857,3.53
MYS,2006,2.84276851737206,5.5848470671515,6158.4078553323625,51.6379889864403,,73.6762398568335,75.8026123046875,27.6703605651856,3.32
MYS,2007,3.83430285414437,6.298785927409469,7168.930319425083,55.7,,86.4755300769983,74.2519378662109,29.375789642334,3.31
MYS,2008,4.82153483966066,4.831769889130968,8371.82156086005,55.8,,100.518464614095,74.8359527587891,32.9037017822266,3.34
MYS,2009,5.52395471352698,-1.5135287159871351,7191.43287234626,55.9,,107.179512670287,75.0242767333984,35.0602111816406,3.62
MYS,2010,7.32068815724969,7.424847383260968,8899.34505544675,56.3,93.120002746582,118.156632715164,77.2140274047852,36.6774305573553,3.32
MYS,2011,8.59576382844835,5.293912834140031,10217.106858503092,61.0,,125.715832147402,77.5925369262695,35.5661790570975,3.05
MYS,2012,9.84700347717991,5.473454192538526,10600.574424002583,65.8,,139.314753874976,81.2371978759766,36.825516807355,3.04
MYS,2013,9.73942530166021,4.693722525578934,10713.640763889867,57.05751226,,142.522112800428,80.938362121582,38.0700970900265,3.14
MYS,2014,9.97193881432051,6.006721945582029,11013.310733440316,63.6654258813225,,146.3656485505,83.2836303710938,38.3919142029325,2.88
MYS,2015,9.80955980953099,5.091532421550113,9648.679793752302,71.0640678111957,,141.210531313909,81.5115814208984,44.289909239243,3.1
MYS,2016,8.55245970508987,4.449781397615411,9476.534098099228,78.7883099275229,94.879997253418,136.725167298764,79.8283920288086,45.4034659569972,3.44
MYS,2017,8.30705146836206,5.812722409833285,9862.548066122346,80.1404790103961,95.0800018310547,130.853522804244,78.8863677978516,42.293211695146,3.41
MYS,2018,8.19179819298533,4.843086976348815,10901.80199544212,81.2010486181174,94.8499984741211,128.873150399987,74.4872817993164,43.3100279300797,3.3
MYS,2019,8.86497357882019,4.413187421295859,10920.191763972032,84.1871450078281,94.9700012207031,133.372921941941,75.3229827880859,40.8082966813944,3.33
MYS,2020,9.91101742902637,-5.456846584267012,9957.526266976134,89.55501192,,129.017911652905,73.2459411621094,39.7445667367633,4.54
MYS,2021,10.8921782282506,3.3153495439916583,10903.103748077188,96.7514278,,137.684938559871,74.9618181140898,38.1899993008367,4.64
MYS,2022,12.1753566089982,9.031737230444506,11754.567833624773,97.3986404,95.7699966430664,138.208441079076,78.8341986282999,36.9853099297291,3.93
MYS,2023,13.0287000355119,3.537063804105699,11386.039563652774,97.69272633,,142.7320920639,79.4472788704033,37.2745812491757,3.858
NAM,2000,,3.492183363651776,2156.675905127136,1.64473954726899,,4.50884641164558,63.7193412780762,,20.3
NAM,2001,,1.1779486946791735,1915.589265948749,2.41697944170998,84.9400024414062,5.74029319651404,67.4832611083984,7.40269994735718,21.009
NAM,2002,,4.788661218821105,1772.0756553749345,2.63369976876116,,7.93663391482404,66.1111907958984,6.05016994476318,21.538
NAM,2003,,4.239794295821369,2569.2473931788263,3.35983988553801,,11.6649386898528,65.2594223022461,6.39102983474731,22.104
NAM,2004,,12.269548103676884,3403.1549619295456,3.8047156152631,,14.7313553186735,64.5331420898438,,22.09
NAM,2005,0.0068138526641655,2.52926265819022,3685.772999915872,4.010000229,,22.8242198901444,63.1600494384766,7.1070499420166,22.108
NAM,2006,0.0099403179295221,7.073175318458254,4017.1834716928015,4.39887064732726,,30.566276818777,62.1227416992188,6.75277996063232,21.848
NAM,2007,0.0126820568710988,5.374044151676344,4379.043136827322,4.83561077833704,,39.6448033290399,62.7577209472656,,22.12
NAM,2008,0.0156322054697087,2.6498120378026755,4204.785554227491,5.32900377208954,,51.3908754816673,,9.49368953704834,22.005
NAM,2009,0.0229614603681343,0.2959709140010886,4302.913741483761,6.5,,78.5395548461197,,,22.271
NAM,2010,0.447196455037916,6.039249479558578,5418.216333658139,11.6,,92.4287530968414,68.0998401813149,,22.12
NAM,2011,0.820472202485644,5.09133813864338,5834.791767579403,12.0,88.2699966430664,102.24430130572,72.4541177178611,,19.481
NAM,2012,1.09598141666067,5.0616820696264,5942.646809786729,12.94139957,,97.8210232683603,74.2465574610051,16.9048603106683,16.771
NAM,2013,1.58667582978618,5.614719622544854,5346.621311499674,13.89999962,,121.105585418565,76.142480002464,17.4603999838663,19.028
NAM,2014,1.78241879056579,6.092519159779556,5378.323262412051,14.84000015,,115.5200011764,76.7595646559311,18.4653069281067,18.521
NAM,2015,2.96542138735627,4.264174537636748,4774.106508657753,25.68790054,,107.392368276966,78.2608012276393,19.6551504993361,20.791
NAM,2016,2.63785901436242,0.0337944502063294,4395.687761623764,31.0333004,88.1304979203867,109.049558197665,79.2606097203135,21.4367036193,23.352
NAM,2017,2.623967181163,-1.0272480885670916,5143.960723230756,36.83739853,,106.914765245509,79.5334606379175,22.4801755471009,21.748
NAM,2018,2.43865058644091,1.0599394986075197,5308.608134087051,42.8207016,88.2832376600657,107.060260494691,78.8626899009705,23.7001690404035,19.877
NAM,2019,2.60177914003955,-0.8391521634193566,4731.921031883102,49.77590179,,106.53315947895,79.0125016773938,25.8966511201824,19.929
NAM,2020,2.88695019939445,-8.10140201443319,3878.589829939662,57.8608017,,106.206587456143,82.8872992484077,25.9870484145026,21.003
NAM,2021,3.1781346555903,3.6038291924870265,4412.835569305204,60.25999832,,103.727351391971,83.3329528489539,26.6057345682932,20.931
NAM,2022,3.29190749644768,5.398724780365399,4349.799084933142,62.99720001,,100.557816104444,81.8163691171532,26.1092654658031,19.615
NAM,2023,3.52006938690795,4.324980488668047,4225.991024181023,63.69549942,87.6399993896484,87.6760954339972,81.6173009252032,,19.154
NCL,2000,,2.1001088268880466,15329.729720005778,13.9395488232698,,22.3883674439036,,,17.907
NCL,2001,0.0579692323907478,,14482.360626360243,18.2371097828416,,29.8264875475941,,,17.391
NCL,2002,0.301417523553626,,16104.552040681863,22.389797417113,,34.4477169775573,,,17.045
NCL,2003,0.704754983564167,,20768.10614888481,26.4083344703588,,41.0316970736613,,,16.665
NCL,2004,2.13658180127215,,24475.648854703708,30.2980462088488,,48.3462873465863,,,16.31
NCL,2005,3.92829229768272,,25528.291835344437,32.3590147531561,,54.9408505571219,,,15.778
NCL,2006,6.30223755488857,,28193.25375733869,33.5157146807209,,62.6143722202248,,,15.256
NCL,2007,8.10250274204806,,35177.65352614477,35.05,,70.3360255259747,,,14.754
NCL,2008,10.0285629863095,,35723.90331949466,34.51,,77.4052989264257,,,14.36
NCL,2009,12.8750242954325,,33836.49408047197,33.99,,81.4752186588921,,,13.97
NCL,2010,14.6019221506067,,35798.90847578292,42.0,,84.4136828986704,,,13.998
NCL,2011,16.0450658993108,,38835.94018513848,50.0,,85.2807989705226,,,13.988
NCL,2012,17.6340871690848,,35559.5672006157,58.0,,85.0412136964213,,,14.116
NCL,2013,19.3626229129188,,36671.156675262064,66.0,,86.8789330327792,,,14.39
NCL,2014,20.7308053366711,,37816.95585992946,70.0,,86.4435467812136,,,14.59
NCL,2015,19.5541162843259,,30858.723706053293,74.00175279141,,91.9161063396994,,,13.621
NCL,2016,,,30782.854443351425,,,,,,12.679
NCL,2017,,,32354.71028329008,82.0058408035186,,,,,11.676
NCL,2018,,0.4000000000000057,34902.896878003085,,,,,,11.702
NCL,2019,19.3931016974253,-1.3999999950665938,33411.33588356718,,,91.6764807514651,,,10.88
NCL,2020,19.3542030291087,-2.400000006921445,33270.33059763696,,,91.4925961376049,,,13.558
NCL,2021,19.2837658740455,-2.099999997255196,35311.5543551452,,,91.1596204954876,,,11.574
NCL,2022,19.372882005273,3.500000002890971,33516.36308590602,,,91.6763895612682,,,10.71
NCL,2023,,2.799999996036817,33701.892332278054,,,,,,10.922
NER,2000,,-1.2084777410057512,194.77195989893465,0.0362612938065891,,0.017863302295556,6.30063009262085,,1.427
NER,2001,,7.268134902132346,205.4179361209311,0.10518543139701,14.3800001144409,0.0178346024339115,6.231369972229,,1.47
NER,2002,,4.918470575946216,225.2943911474382,0.127152468779619,,0.465951324237534,6.28120994567871,,1.808
NER,2003,,2.1706103837418027,265.2253634524692,0.155698703668983,,0.643628217398725,6.86678981781006,0.827859997749329,2.145
NER,2004,0.0005804383530747,0.363801578722132,283.4682817982956,0.189933733703092,,1.29973715942214,8.35079956054688,0.796029984951019,2.751
NER,2005,0.001541124171573,7.331868842585166,318.64312191827327,0.221300006,28.6700000762939,2.35423436951156,9.26323986053467,0.951579988002777,3.1
NER,2006,0.0024319166706205,5.93104997350342,333.3450784194467,0.294,,3.38505980377446,10.6787004470825,0.960169970989227,2.528
NER,2007,0.0032559625658876,3.142724083867307,387.1680658833007,0.390399992,,6.07959815207237,10.3014001846313,0.905510008335114,2.021
NER,2008,0.0040164263374716,7.731414227773371,475.0449553981623,0.7,,12.3528088783202,10.6592998504639,1.03770005702972,1.584
NER,2009,0.0062720796805002,1.9626009069464487,461.1315339614871,0.76,,16.3011350896202,11.1999397277832,1.25635004043579,1.208
NER,2010,0.0090640821544235,8.578166742622528,474.4256923408307,0.829999983,,22.1684789291814,12.8063202484136,1.30152108043912,0.718
NER,2011,0.012307668661491,2.35775693603874,510.7595617626796,0.9,,27.612953279822,13.6643213754076,1.34816649944538,0.316
NER,2012,0.0205698689039478,10.54894457634461,528.5101044696552,1.049999952,30.5599994659424,30.2495367855019,14.8037867184503,1.54284142561837,2.177
NER,2013,0.0345574257482412,5.315130633947263,552.1033343631171,1.149999976,,37.8312018781097,15.9596510320284,,1.401
NER,2014,0.155881254433501,6.642136654956033,565.3098973117496,1.24867568902241,29.0437067944143,42.8624011489646,17.8459505465436,,0.524
NER,2015,0.136352479886906,4.392648832072908,485.6625741752788,2.476200104,,44.9309205276883,19.6922012498743,3.24257822413642,0.556
NER,2016,0.0372575269558715,4.281375584781429,499.910520068193,4.322800159,,36.120522177752,22.6700395113082,3.45043638449437,0.55
NER,2017,0.0403537206550309,5.531985312714511,529.9294189348683,10.2243115586561,,40.9549864276209,23.7611505662509,3.66741981878978,0.556
NER,2018,,6.894584208645128,576.9275364154623,10.74180031,33.0499992370605,,,4.33801956751366,0.536
NER,2019,0.0479349681103909,6.078815289591859,541.2658198702726,11.28549957,,52.8112616845298,,4.15170730347346,0.531
NER,2020,0.0505953107507067,4.454818038464126,575.4513403069149,11.85680008,,60.0355524816093,,,0.591
NER,2021,,1.1152006386970612,609.5857036701374,12.45689964,,61.5063092448251,,,0.806
NER,2022,,12.221549746704085,613.6147364292975,13.08749962,35.6100006103516,63.3770548032743,,,0.403
NER,2023,0.107619048674827,2.635169804012577,647.930108509567,12.98079967,,65.735032215569,21.5605140503495,,0.407
NGA,2000,,5.015934759365464,547.3182989033786,0.0640808079494101,,0.0237374647789432,23.9613494873047,,3.953
NGA,2001,,5.917684649244251,566.4282318129331,0.089901370457273,,0.205186874634686,26.3999805450439,,3.9
NGA,2002,,15.329155740961768,712.1648520776855,0.320461975542327,,1.17556500937436,28.8738098144531,,3.669
NGA,2003,,7.347194967932992,763.3887453672226,0.558576244860521,54.7700004577637,2.29549001985705,,9.28291988372803,3.637
NGA,2004,,9.250558229231686,962.48104194733,1.28613764134527,,6.48475870170114,33.9481201171875,9.52007961273193,3.59
NGA,2005,0.0003447865613617,6.438516525359248,1211.3770350438622,3.54915571796492,,12.8170956320625,33.7729187011719,10.0968999862671,3.727
NGA,2006,,6.059428032024911,1599.5389155636483,5.54503608300536,70.1999969482422,21.6814998851536,33.1262817382812,,3.749
NGA,2007,0.0349676764955042,6.591130360668672,1815.5269754582685,6.769999981,,26.3563208061766,30.4232006072998,,3.794
NGA,2008,0.0430064367391725,6.764472777842627,2154.1054354536427,8.0,,39.9685817471357,33.6112785339355,,3.792
NGA,2009,0.0505759155118218,8.03692510100366,1820.4863385478188,9.300000191,,45.9848876760246,37.1381416320801,,3.763
NGA,2010,0.0594732858863234,8.00565591623166,2202.25672957344,11.5,,52.3861480651505,41.7837982177734,9.21187548100134,3.744
NGA,2011,,5.307924202939148,2418.4131697587463,13.80000019,,55.5301267540609,43.0239906311035,9.74153350922586,3.77
NGA,2012,0.008103830505709,4.230061174924927,2633.197346713614,16.10000038,,64.0053263148187,44.4557914733887,,3.761
NGA,2013,0.008309884720275,6.671335393082316,2872.790833793982,19.10000038,,70.282509513161,52.7967300415039,,3.711
NGA,2014,0.0084670582080396,6.3097186552185605,3088.7213131616927,21.0,,74.7512781478918,42.7821502685547,,3.9
NGA,2015,0.0082277471458061,2.652693295417791,2585.733606717974,22.51420021,,79.1045279367312,43.8246917724609,,4.134
NGA,2016,0.0552235758942345,-1.616868949034668,2070.412733959496,24.13750076,58.2200012207031,78.970142296733,39.3068084716797,,4.499
NGA,2017,0.0553465496536786,0.8058866190915808,1876.3402711177296,25.87789917,,72.3679681751497,,,4.83
NGA,2018,0.0360912702919465,1.922757341997979,2057.8794455401057,27.74370003,,84.2840110939485,40.4885292053223,,5.069
NGA,2019,0.0397927035008571,2.2084292783521136,3189.812864961828,29.74410057,,88.1169010528984,,,5.206
NGA,2020,0.0305206381229766,-6.368898404685268,2797.1845806789997,31.88879967,,95.4356648074949,44.1220893859863,,5.714
NGA,2021,0.0301639204550369,1.1092525402490023,2787.487792209909,35.50979996,63.1599998474121,89.2915858426408,45.444938659668,,5.404
NGA,2022,0.0433814077089791,4.318829491571364,2899.160474692671,39.14720154,,99.5852151989567,,,3.827
NGA,2023,0.051283785190682,3.315903681114378,2138.763837187565,40.06399918,,98.4772822731425,46.8931503295898,,3.074
NIC,2000,0.0139369131688499,4.101590250734375,1017.312443488204,0.980216486692385,,1.7977423395259,53.405029296875,,7.181
NIC,2001,0.0315262415668778,2.960843490572728,1051.8742358909956,1.44879942820716,76.6800003051758,3.23338558224782,56.3652381896973,,7.222
NIC,2002,0.0450299218879402,0.7539388760795731,1014.3339042590968,1.71472958428668,,4.60683868394568,60.6764602661133,17.9654998779297,7.517
NIC,2003,0.0844949388433577,2.5207328955144703,1021.3521666879384,1.88041253242301,,8.95623323366526,,,7.6
NIC,2004,0.0948432289406688,5.312170569507387,1098.6211866233516,2.32066460863941,,14.007895447525,65.4347305297852,,6.41
NIC,2005,0.197188187053605,4.282398337706539,1183.3021401017506,2.566400051,78.0,20.9538936430489,68.5747222900391,,5.37
NIC,2006,0.351402648714535,4.152945598462537,1248.1737157778794,2.8055730627337,,33.7750318102256,69.0923385620117,,5.31
NIC,2007,0.501160308903936,5.076352018098703,1350.3814575337665,3.900000095,,45.5188355326479,72.1754989624023,,4.89
NIC,2008,0.774881724379025,3.4357169360808086,1523.6843708640893,5.300000191,,55.7329896587397,70.7740936279297,,6.2
NIC,2009,1.3909059521787,-3.292665158619698,1467.0828805284489,7.300000191,,59.1267264564002,,,8.16
NIC,2010,1.27720503010919,4.410099117165458,1526.567069514084,10.0,,69.0593730664319,71.3924407958984,,7.83
NIC,2011,1.46230029604484,6.31668553491842,1679.7119208463296,10.6,,82.8921073212797,,,6.613
NIC,2012,1.71677805197409,6.496136471087596,1784.6983601755485,13.5,85.6105708963441,99.1601154121126,,,5.208
NIC,2013,2.20070874162015,4.9270941344730375,1835.439963637147,15.5,,113.788542316855,,,5.28
NIC,2014,1.83646496195825,4.785460135899825,1958.370475795471,17.60000038,87.327180649097,116.506541177339,,,4.52
NIC,2015,1.89136628724316,4.792267683326969,2074.4562063473063,19.70429993,,118.127474523195,,,4.7
NIC,2016,2.84026129428402,4.563147395249672,2131.6870482832232,24.57180023,,124.272855307825,,,3.9
NIC,2017,3.32673076712995,4.631207575802094,2182.61380995674,30.39999962,,129.505649809198,,,3.3
NIC,2018,3.00641554480569,-3.3633566598573026,2035.165493905072,33.9129982,,116.272405969925,,,5.2
NIC,2019,3.35640827391085,-2.8968698672890127,1958.6205152809537,39.01079941,,89.2772705280369,,,5.457
NIC,2020,4.42253148272568,-2.236541762623233,1938.4470475438156,44.87490082,,90.8140674248283,,,6.18
NIC,2021,4.51379519532816,10.454388781651543,2138.385738782365,51.62039948,,93.8165084237294,,,6.076
NIC,2022,5.00781944815467,3.5502747713576497,2322.890696194592,59.38000107,,104.278484676229,,,4.969
NIC,2023,5.43030503048751,4.427793931868834,2609.444911479753,60.30120087,,105.843136180202,70.1749572753906,30.3635101318359,4.698
NLD,2000,1.61905402409651,4.219700345588919,26225.16977341492,43.984351373138,,66.9727924198381,,,2.725
NLD,2001,2.88085335548043,2.32358454925847,26955.71280322782,49.3730621073123,,75.3891268486943,123.443389892578,52.9789810180664,2.119
NLD,2002,7.18911059401766,0.24582951723049,29446.53308728684,61.29,,74.287586648642,120.754852294922,54.2512283325195,2.554
NLD,2003,12.1464574380311,0.0978549395212411,35896.75046307055,64.35,,80.6505222243512,119.909339904785,54.9959297180176,3.593
NLD,2004,19.5183532792721,2.0162833156148707,40611.34143530906,68.52,,90.1034399666958,116.909530639648,56.7709884643555,4.646
NLD,2005,24.9002320580163,2.0340157651248774,42165.39616838797,81.0,,96.1634815625928,117.553810119629,58.7895011901855,5.872
NLD,2006,31.4796082807097,3.537295858533952,45123.54324064257,83.7,,104.863315130995,118.427619934082,59.8265113830566,5.007
NLD,2007,33.3124497886048,3.885423483248033,52100.79962859473,85.82,,116.657089917059,119.842338562012,60.3940391540527,4.153
NLD,2008,34.9756568223498,2.116745142401925,58246.702690587445,87.42,,124.279564732922,121.511627197266,61.0170593261719,3.658
NLD,2009,36.7354644977419,-3.665281470028262,53172.02615814183,89.63,,120.767315086474,122.74600982666,61.4280090332031,4.352
NLD,2010,37.7372328275169,1.3193528789711593,51305.73385339734,90.72,,114.356515784318,124.569526672363,63.7049789428711,4.991
NLD,2011,38.5614208058284,1.773303205750338,54701.77280306112,91.4199957622284,,117.673977365337,129.868103027344,75.518798828125,4.977
NLD,2012,39.3374146344405,-0.9778261213109972,50473.94420026887,92.859992359525,,116.563841951798,111.448249816895,75.8141632080078,5.821
NLD,2013,40.030499091092,-0.0302410184270769,52602.28605207657,93.9564,,114.73405856983,,,7.241
NLD,2014,40.2287973950107,1.612558851123964,53457.22348643223,91.6666666666667,,114.867279906758,,,7.419
NLD,2015,41.0879703576802,2.120640071935441,45793.81354346971,91.7241379310345,,121.637501079209,114.137916564941,80.1601486206055,6.872
NLD,2016,41.9813942626003,2.424280654494268,46808.52914925029,90.4109589041096,,121.420358968335,112.994277954102,79.8454895019531,6.007
NLD,2017,42.0988982620643,2.781508346799868,49513.6817346384,93.1972789115646,,118.57673269471,115.225227355957,83.2009887695312,4.837
NLD,2018,42.5152457224727,2.258731581649556,53955.07700242659,91.8918918918919,,121.162164892591,114.50032043457,83.652473449707,3.832
NLD,2019,42.5292659897442,2.3001616053659006,53554.90074914751,93.2885906040269,,124.08833250929,114.804168701172,,3.379
NLD,2020,42.6667277513049,-3.867997141916078,53467.92774137373,91.33333333,,121.422728509042,136.284164428711,85.3370819091797,3.82
NLD,2021,42.9460563127039,6.276835937452162,60141.98809114923,92.05298013,,123.447849713072,135.962173461914,89.3898620605469,4.209
NLD,2022,43.5643185557355,5.0072345339507365,59123.31855648699,92.51968504,,115.8205562749,138.767501831055,,3.526
NLD,2023,43.2644444744139,-0.5980610175802781,63515.60307800192,97.00680272,,125.272736960305,137.514724731445,86.5938262939453,3.535
NOR,2000,0.518763971411311,3.443416131481001,37991.89075765894,52.0,,71.7901465351791,,,3.458
NOR,2001,1.96162446548331,2.163435059586803,38458.253090765866,64.0,,79.6028586133151,114.568199157715,69.9630813598633,3.738
NOR,2002,4.52415968747562,1.457478860873039,43048.28873501099,72.84,,83.5167101732168,113.255867004395,72.3173294067383,4.022
NOR,2003,8.73574841899818,1.0963578121012176,50208.09602340775,78.13,,88.9621788567802,113.38200378418,77.970588684082,4.221
NOR,2004,14.6276914888311,4.330155976912124,57854.56981694072,77.69,,98.5410115505158,114.047332763672,78.612548828125,4.256
NOR,2005,21.4432708272588,2.9697359702593644,67358.36159697958,81.99,,102.840698194554,111.56275177002,78.4450302124023,4.381
NOR,2006,26.703950267933,2.84726376691944,75047.74170038503,82.55,,104.4721010262,111.527641296387,77.9310684204102,3.397
NOR,2007,30.9463135563526,3.420301199166076,86600.23876078767,86.93,,106.978961607642,111.639923095703,77.0373611450195,2.493
NOR,2008,33.0829820928709,0.8228057970148654,99001.5300678626,90.57,,109.293133681522,111.518058776855,73.5914688110352,2.521
NOR,2009,34.5487937244221,-1.6132715194586922,81939.72654845795,92.08,,110.89194579904,111.068412780762,73.0674514770508,3.1
NOR,2010,35.2484740738801,1.0049326901711737,90020.34225797298,93.39,,114.524452247645,112.978569030762,72.1170806884766,3.527
NOR,2011,36.0526456056247,1.3850511708394464,103545.21898817708,93.4899826515194,,115.596284894229,113.169883728027,71.0614166259766,3.196
NOR,2012,37.0178249972402,2.823956734924593,104627.93694680974,94.6499780533304,,115.523573177259,112.176536560059,71.7047576904297,3.129
NOR,2013,37.6116803448105,1.2729017769628683,106333.13836856572,95.0534,,112.045532746838,114.515380859375,75.8635787963867,3.425
NOR,2014,38.4850493294753,2.095213880801012,100410.02020097924,96.3005098242892,,111.690088069926,113.448226928711,78.109977722168,3.486
NOR,2015,39.5096431037131,2.0442884550143816,77220.95243114144,96.810325691365,,110.118346262292,115.210121154785,79.206428527832,4.296
NOR,2016,40.2402948978253,1.2915873277113548,73222.40068649051,97.2982036675068,,109.426806771527,116.611267089844,81.8827285766602,4.68
NOR,2017,41.0328263217001,2.669644742734661,78771.21512645541,96.3576012951191,,108.392640087689,117.301460266113,83.7353363037109,4.164
NOR,2018,41.5279365452303,1.1103912365576036,85579.07764554942,96.4916579887094,,107.702543341632,117.714706420898,85.3883514404297,3.801
NOR,2019,42.2722351352817,1.4697078195414264,79329.30751900119,98.0000043853142,,108.00526578567,119.421340942383,85.7633819580078,3.684
NOR,2020,44.3863056613216,-1.3605572326158608,71057.58794713985,94.60755647,,108.296844518424,119.941543579102,87.1685333251953,4.424
NOR,2021,44.9392216218255,4.1431468876919695,96442.55521730016,99.0000036,,109.585637519783,119.816871643066,93.9243011474609,4.359
NOR,2022,45.6644653158508,4.080397706592407,113122.13076569149,98.99997764,,111.657196221742,119.442527770996,97.6419830322266,3.231
NOR,2023,45.4377082628592,0.3526955813197645,90984.4087141111,99.00000258,,109.654228618195,117.775093078613,95.0573806762695,3.574
NPL,2000,,6.19999998192236,223.8302891830779,0.204651683653029,,0.0416596918119803,34.4201507568359,4.12185001373291,10.531
NPL,2001,,4.799892142554072,240.7951145446641,0.240015303375743,48.6100006103516,0.0692915966441798,37.3896903991699,4.40957021713257,10.502
NPL,2002,,0.1201431773694139,238.89140296106,0.312956060108532,,0.0863872099710604,41.0556297302246,4.98775005340576,10.593
NPL,2003,,3.945037760511156,246.42970658763292,0.382810917017044,,0.31868804245032,42.0749092102051,4.91134977340698,10.644
NPL,2004,,4.682603251529443,279.58775004442833,0.449843651215974,,0.448858608116278,,5.69477987289429,10.652
NPL,2005,,3.479181048294961,309.0241683393721,0.82655126590551,,0.864008677031659,45.098201751709,7.15422010421753,10.59
NPL,2006,0.0036250125868492,3.364614780562775,340.4317964379677,1.14138916388191,,4.35566906985301,42.5181617736816,7.62671995162964,10.609
NPL,2007,0.0409018917526227,3.4115602798027567,385.44976766064207,1.41,,12.2026092398184,42.0970306396484,9.50374031066895,10.642
NPL,2008,0.0444608504982783,6.104639143734715,464.8173918915294,1.73,55.5600725155626,15.5612976743974,48.0189094543457,10.4749002456665,10.597
NPL,2009,0.062849070779175,4.533078724648604,473.0787511986214,1.97,,20.6008640551193,49.2625999450684,10.4467401504517,10.582
NPL,2010,0.220090357850091,4.816414646945731,585.2784919845743,7.93,,33.6316953522558,55.5892906188965,13.3236488235053,10.563
NPL,2011,0.34464862159849,3.4218087011616234,785.518656222132,9.0,59.6300010681152,48.6245149828721,58.9935111999512,13.2867385971183,10.627
NPL,2012,0.837547528292715,4.670141924469533,788.2029371483766,11.14929962,,60.3184066484316,63.1414794921875,,10.632
NPL,2013,1.12887656815898,3.5251531712914925,803.2695954204771,13.30000019,,77.4276625484107,65.4935302734375,15.4719563352624,10.666
NPL,2014,0.905603676157843,6.011482842504407,821.455224911731,15.43999958,,83.1925129650984,67.5318298339844,13.2380540463977,10.62
NPL,2015,1.0879421947439,3.976053271629709,875.5436354748624,17.58160019,,98.8945582907248,68.6131210327148,12.282886814704,10.643
NPL,2016,0.801932731428298,0.4331137193815237,877.2564546967368,20.70000076,65.5,114.89813690076,71.7744979858398,11.0932748536215,10.714
NPL,2017,1.79644198771794,8.977279356434664,1034.2837490684635,24.3,66.8653947551556,128.863887512657,74.4113311767578,11.4357824790838,10.66
NPL,2018,2.82040516901736,7.6223761039793345,1179.1984319038922,28.60000038,,139.525943467536,,12.613695863565,10.593
NPL,2019,3.62848482357188,6.657055431104681,1203.142947064013,33.33660126,68.7099990844727,136.186080245332,80.2800521850586,13.8072821953912,10.477
NPL,2020,4.38436385331589,-2.369620629207205,1154.215175783182,36.96530151,,131.921020414772,85.3101577758789,14.2002391888535,13.037
NPL,2021,4.30873475530627,4.838149614114997,1252.750767319858,40.98910141,,129.645418271275,83.9220209713597,15.243139284484,12.241
NPL,2022,8.51809813593178,5.631314556845098,1385.9106600292205,45.45080185,,121.1144874334,84.1026475876285,14.8435874359729,10.661
NPL,2023,10.6751345547041,1.9825484346184936,1382.3830089542373,45.80680084,,117.759577544938,89.8898815141438,19.0357612047581,10.437
NRU,2000,,-6.856161101978742,2648.601528609383,,,11.801730920535,46.8175392150879,,
NRU,2001,,-6.76113945239328,2232.308740267263,2.98715523250025,,14.8075024679171,45.7883415222168,,
NRU,2002,,-9.971334150830984,2084.648245209707,,,,41.9780197143555,,
NRU,2003,,0.284579021867188,2463.2825907807883,,,,47.2527503967285,,
NRU,2004,,-4.314765397734718,3040.513498890001,,,,36.415771484375,,
NRU,2005,,0.0,2992.403827769265,,,,42.5531883239746,,
NRU,2006,,8.450704225352041,2910.1414579468446,,,,57.9658584594727,,
NRU,2007,,-22.07792207792197,2272.1529130704457,,,,50.5131988525391,,
NRU,2008,,19.99999999999993,3756.8453122876617,,,,61.9589996337891,,
NRU,2009,,-5.555555555555642,4410.567646689623,,,,,,
NRU,2010,9.45932490291746,0.0,4735.920005020917,,,61.7345414716718,,,
NRU,2011,,14.705882352941174,6444.036420946343,54.0,,66.3497722321252,,,
NRU,2012,,24.358974358974493,9842.770327318558,,,66.231615856628,83.1134567260742,,
NRU,2013,,4.123711340206128,8974.518868744333,,,,,,
NRU,2014,,15.841584158416296,9230.054403289269,,,,83.9183731079102,,
NRU,2015,,3.41880341880281,7747.2558499360675,,,85.81340149717,,,
NRU,2016,,4.132231404959086,8748.156326054284,,,88.7892376681614,78.6677169799805,,
NRU,2017,,-6.349206349206085,9656.979765714845,62.38510132,,88.3080183680678,,,
NRU,2018,,-0.8474576271187289,11413.746301638905,,,,,,
NRU,2019,,8.547008547008403,10801.770565963465,74.73789978,,86.3036161215155,86.1130981445312,,
NRU,2020,,1.574803149605586,10709.068810537998,77.46659851,,85.8885167053165,80.2433776855469,,
NRU,2021,,7.751937984496919,12748.170124935346,80.29499817,94.6337926033357,85.404389785635,,,
NRU,2022,9.95678332344717,0.0,15309.834535192367,83.22660065,,87.1705787645115,92.7814636230469,,
NRU,2023,,-0.7194244604317248,13602.63721128934,83.03970337,96.5899963378906,,90.1002502441406,,
NZL,2000,0.120749465856002,2.8687908731406537,13641.102718382228,47.3795565432096,,39.9733096500547,112.153717041016,,6.13
NZL,2001,0.443680780068257,3.4155746175111403,13882.856826858602,53.2410152941279,,58.7908510335421,112.625297546387,,5.433
NZL,2002,1.10095393229108,4.715145934714187,16874.187491819564,59.0807532812931,,61.9824409236978,115.515556335449,,5.282
NZL,2003,2.06334929818778,4.725874847121276,21913.70817199608,60.9625398663824,,64.6101786263861,117.427673339844,,4.745
NZL,2004,4.6939085337336,4.090535772798631,25420.234882944005,61.8476278106481,,74.120144665284,115.379913330078,,4.005
NZL,2005,7.7629856491174,3.352954441526194,27751.06547088586,62.72019958,,85.3686583843752,119.563697814941,,3.807
NZL,2006,11.2435855129438,2.774442858815803,26654.59320189852,69.0,,90.9216774989598,117.906547546387,,3.857
NZL,2007,20.1981120772407,3.063122218695142,32479.981738146667,69.76000214,,100.66159697258,119.56844329834,,3.661
NZL,2008,21.468765486327,-1.0256113447984774,31324.73979771024,72.02999878,,108.404288867865,118.054237365723,,4.167
NZL,2009,23.7514590047543,-0.040259885205117,28276.72554162253,79.7,,109.193030975507,125.807861328125,,6.121
NZL,2010,25.1163240005796,1.4718250427678754,33761.90096399468,80.45999908,,108.331397475027,119.128967285156,,6.557
NZL,2011,26.8784082871289,2.1445004445997995,38425.829997974,81.23000336,,109.977867524585,118.256721496582,,6.491
NZL,2012,28.8325797270697,2.3025642952096064,40041.7524816244,81.644470179502,,111.567576585407,116.826477050781,,6.931
NZL,2013,29.5474635321209,2.5648360739866973,42984.95718011672,82.77999878,,107.008519144444,115.650527954102,80.388542175293,5.839
NZL,2014,31.1741167278321,3.819336193072417,44599.89927336747,84.0,,112.757443483648,116.084312438965,80.7100067138672,5.428
NZL,2015,31.4454027055313,3.729683121250176,38648.73025621088,85.19999695,,121.368981425995,114.889991760254,82.1818466186523,5.415
NZL,2016,32.4618168012438,3.7435247472108975,40088.32054704985,86.5,,129.380648472778,113.687911987305,81.8633575439453,5.147
NZL,2017,32.8917841600814,3.3156862164820358,42912.15370021475,87.69999695,,132.980049668049,112.943313598633,81.2698593139648,4.736
NZL,2018,33.6193927294608,3.3221966649143155,43204.13051248722,89.0,,128.936896010016,112.411079406738,81.2513122558594,4.335
NZL,2019,34.0227878966682,2.3237170844162307,42872.26812434269,89.86370087,,120.475335425902,120.266319274902,77.5843734741211,4.109
NZL,2020,34.8130286721914,-0.2409161147589884,42054.674313658645,90.92099762,,123.000574962598,116.893188476562,75.7348327636719,4.595
NZL,2021,35.262820014578,4.299160052166144,49902.15434603199,91.99060059,,114.454714130458,117.595428466797,79.4128875732422,3.776
NZL,2022,36.3044927893768,3.345218477926821,49141.63162942272,93.07289886,,115.984187800849,114.774932861328,77.0104675292969,3.299
NZL,2023,37.8530848455277,1.8138945341201944,49302.341876493,93.32610321,,126.854978584281,113.395988464355,76.3811416625977,3.734
OMN,2000,,6.1924106369544205,9753.847551854038,3.52042141651097,,7.14294217788307,77.5544662475586,,4.433
OMN,2001,,4.61316649389876,9611.963601910536,5.89384152148671,,14.0743071127104,80.0002517700195,,4.298
OMN,2002,0.0041544282350361,-0.7841657864292557,9869.130502194375,6.87339603918545,,19.8298997198117,82.3686370849609,,4.335
OMN,2003,0.0056995196478367,-2.19466567976842,10463.54258321412,7.25574294536556,66.0999984741211,24.8934902265811,83.6306076049805,14.3313598632812,4.599
OMN,2004,0.0273152875240696,1.9925151097334608,11800.850741117129,6.75885217024525,,32.9697156061479,,15.1500101089478,4.693
OMN,2005,0.527227266410247,2.779443603061509,14434.857792464712,6.683599949,,53.0900734335198,87.4191207885742,17.117769241333,4.589
OMN,2006,0.77748475447911,4.669814819393281,16930.856507185275,8.299699783,,70.445349777081,89.8000335693359,19.2329597473144,4.387
OMN,2007,0.759345134914823,4.980654670515278,18792.653772481983,16.68,,94.0854853192772,92.0884475708008,20.4086494445801,4.309
OMN,2008,1.1794778773833,8.95005895005896,26576.77924150897,20.0,86.620002746582,117.026255896571,93.2216796875,20.4462108612061,4.142
OMN,2009,1.43005355008334,5.981966949044022,20655.918024921848,26.79999924,,138.049590673204,98.9851303100586,21.9678993225098,3.977
OMN,2010,1.92527603755334,2.4719985658277324,23570.179814732484,35.8278,86.9400024414062,151.446094177944,,27.8526854365953,3.911
OMN,2011,2.40585671100437,2.894609735411919,25188.007415188506,48.0,,147.926430004786,114.451620751396,31.5563508791784,3.95
OMN,2012,3.23965295885197,8.863122255570175,24642.297876859564,60.0,,150.873277494269,110.750350631136,,3.753
OMN,2013,4.0982191379848,5.227704081459422,23458.02338400529,66.45,,149.208910100547,109.168488109249,35.149615885003,3.553
OMN,2014,4.39661208861608,1.29225229411081,23160.65022525467,70.22000122,,153.806036858807,,41.1818561581842,3.453
OMN,2015,5.46554909512887,5.017057997190449,18808.30779218389,73.52999878,93.0400009155273,155.756104259601,101.932699190524,45.1898945959512,3.403
OMN,2016,6.3548355193171,5.04642394571691,17110.189746054482,76.8453904741456,,153.291455497041,102.304902141834,46.8235059845958,3.266
OMN,2017,7.47816940167101,0.3040575659224487,17820.066180933452,80.18560028,95.5800018310547,148.821627766224,101.678019833334,43.5767818520195,2.523
OMN,2018,9.171272567174,1.2871039154328798,19901.76156420162,85.5,95.6500015258789,139.96741643208,103.951581913667,44.9540216505645,1.8
OMN,2019,10.2442069785858,-1.1286380172805792,19180.186415280143,90.25939941,,138.232111508042,102.141469011215,45.1723183863131,2.045
OMN,2020,11.3829602598706,-3.3797205269799946,16784.86306300576,95.23229321,96.9000015258789,140.378600753095,94.5432460924967,48.3754397440909,2.94
OMN,2021,11.5852955507366,2.5821749892893,19403.460016021098,95.23880005,,135.076972756826,94.287268445183,43.8433613964625,1.9
OMN,2022,10.8833264083829,7.98570728354278,23223.582940593456,95.24530029,97.3399963378906,136.800571561762,91.9645458184777,,3.3
OMN,2023,10.8793321668994,1.414013832001615,21027.73845726574,95.25170135,,122.291457994634,,,3.176
PAK,2000,,4.260088011132496,642.3383464998977,,,0.197891740440918,,,0.614
PAK,2001,,3.651350170837645,609.9395069050735,1.31855077925626,,0.466253388008897,,,0.611
PAK,2002,,2.5948166844578395,599.9373457239274,2.57742673683831,,1.04062582676613,,,0.615
PAK,2003,,5.401310873143416,672.44178669894,5.04115812592502,,1.43881062279316,19.8385200500488,2.37435007095337,0.612
PAK,2004,,7.831255569612509,771.9022473489538,6.16432098534156,,2.93246850297164,21.7634296417236,2.97886991500854,0.598
PAK,2005,0.0083213067652474,7.276574436472202,827.6198611899258,6.332300186,49.8699989318848,7.27897930988006,22.6038208007812,4.32808017730713,0.583
PAK,2006,0.0148099964442874,6.051637675699965,900.8735649848084,6.5,54.1500015258789,19.204163183443,27.2463207244873,4.39564990997315,0.582
PAK,2007,0.0244740686448274,4.444814339884402,998.090114197524,6.800000191,52.1399993896484,34.0699285601432,29.0634307861328,4.95792007446289,0.398
PAK,2008,0.0886980405021738,2.120441043308304,1067.0432456528365,7.0,55.5299987792969,46.448630078812,29.1768093109131,4.87824010848999,0.423
PAK,2009,0.201479567487298,3.472550595673482,963.7880663952247,7.5,54.8899993896484,48.5357095625545,29.0589694976807,5.97273015975952,0.535
PAK,2010,0.396251142478111,1.501717521528832,987.3045711244854,8.0,55.3800010681152,49.7823320746962,29.2962900661933,7.03303843576596,0.653
PAK,2011,0.572428723960877,2.6801168542170477,1131.7351383432383,8.0,54.7400016784668,53.4461944087116,29.7271460529531,7.31739557390399,0.796
PAK,2012,0.730404005930164,3.0275839108862925,1204.364754915847,8.100000381,56.7599983215332,57.8576108279055,30.6300201416016,8.33303617018241,3.667
PAK,2013,0.77134330599483,4.366865049783868,1225.4340119198034,9.0,55.5900001525879,60.5177801689984,31.544819132504,8.71835995772812,2.954
PAK,2014,0.93747803388209,4.116428171614217,1266.613408499593,10.0,56.9799995422363,63.3618438229803,32.6573427323505,8.74569228544475,1.827
PAK,2015,0.825252755772547,4.217942095725064,1380.4702083831723,11.0,,57.9405984557576,34.6741466548496,8.43556648904153,3.566
PAK,2016,1.13034740811719,6.573838285110426,1424.6916119589737,12.385446763381,,62.0013242640944,35.8643246680809,8.31973903550878,2.285
PAK,2017,1.03818686573522,4.432625906839746,1519.2345951424784,13.77999973,59.1300010681152,64.7301783284032,35.3224248744451,8.62228080260493,3.204
PAK,2018,0.952870734503035,6.151702610995187,1569.3381462635489,15.34000015,57.0099983215332,67.8567658982797,37.1466063259079,8.20683057963381,4.083
PAK,2019,0.881514330669917,2.4976369294336536,1390.416909817447,17.070901719916,58.0,71.6660323753765,38.7511552822907,11.103638528678,4.83
PAK,2020,1.03954036154268,-1.2740874433870886,1278.3973520689551,18.935,,74.7332166629945,,11.7245978752314,5.994
PAK,2021,1.23144065449307,6.513885758527024,1455.3192237018598,,58.8600006103516,78.8012296805749,40.2578898404389,12.3810012807012,6.338
PAK,2022,1.28371909626329,4.778106869035796,1538.3228133170996,,,79.1050539061512,40.4177656413012,10.5057175294292,5.291
PAK,2023,1.35622425766449,-0.4149359970884063,1360.3241775841927,,,76.5397606213172,42.2911451386891,10.4770304814137,5.237
PAN,2000,,4.209005478653751,3975.093086595032,6.55479647729549,91.9000015258789,13.6329134401796,64.2499084472656,42.537109375,6.188
PAN,2001,0.253165216773735,0.9499081499852338,3991.776707692398,7.26839987788729,,15.4792400287079,66.2995376586914,41.646728515625,6.293
PAN,2002,0.390976511371073,2.508843727161249,4090.586173971286,8.51807781515595,,16.8036815383671,67.6569900512695,40.7841186523438,6.302
PAN,2003,0.471470530975699,5.096860304938005,4264.664288466355,9.98742407723405,,21.7068305386501,,44.2729110717773,6.303
PAN,2004,0.515078487491368,8.175653339656492,4644.565823530407,11.1408625409415,,38.753858244224,67.365348815918,43.0450782775879,6.097
PAN,2005,0.530240330139275,8.276183345035307,5017.741092282403,11.48400021,,52.7837692792028,67.5274200439453,41.6649894714355,5.967
PAN,2006,3.34036143150389,9.857238705647518,5528.767054693537,17.34959984,,64.4277196251049,67.3454132080078,42.6925010681152,5.792
PAN,2007,4.37188180911072,13.153065378293348,6317.817302741244,22.29,,87.5823638759676,67.6976089477539,42.9214782714844,5.665
PAN,2008,5.60439095847397,10.197432590795842,7347.59050324397,33.82,,111.843464410018,68.7568283081055,43.0992698669434,5.639
PAN,2009,6.57564384952114,1.6118640597605491,7796.926170350476,39.08,,170.202988962179,70.2938766479492,43.0278511047363,5.857
PAN,2010,7.11835492836641,6.073393531060873,8331.464213518679,40.1,94.0899963378906,183.168909766614,71.9136975816467,43.9639480204278,5.845
PAN,2011,7.65784803323672,11.908877224953088,9662.295922166071,42.7,,182.358735130993,71.7412201114851,41.8858795918623,4.03
PAN,2012,7.84035458080003,9.627293464390192,11064.806360620292,40.3018952210488,,165.287067441004,,43.6626516529234,3.691
PAN,2013,8.03240714720224,6.324353886628458,12273.32250376373,44.03,,162.198754669206,76.4041290283203,,3.674
PAN,2014,7.96651988219216,4.625813755655514,13213.198963747343,44.9238152577893,,177.438612204565,76.0406265258789,44.6253501937764,4.391
PAN,2015,7.98396983865042,5.266917195955159,14082.654850272787,51.2054249948687,,144.996925532224,76.5946807861328,47.5819435584313,4.335
PAN,2016,10.6706831276374,4.5719670793727545,14832.361160819104,54.0,,127.61623852159,82.601448059082,48.3799959758914,4.717
PAN,2017,10.76346760088,5.744059463557804,15694.629745429473,59.9506309038683,,128.825871183278,76.5998992919922,,5.338
PAN,2018,12.9615678069801,3.918242533212649,16151.327347847577,61.8055313202468,95.4100036621094,137.297557979395,,,5.161
PAN,2019,12.648617375493,3.102953956310856,16477.90662856873,63.6284147731451,95.7399978637695,137.570004959029,,,6.256
PAN,2020,13.8346818420776,-17.821117407460235,13290.560834759406,64.82430267,,142.283080390407,,44.9372948646286,14.663
PAN,2021,14.8381106018887,16.466999202265214,15509.80691097838,66.04270172,96.2119100135584,147.899862038176,,52.7147829654218,10.177
PAN,2022,16.3861439797054,11.038602290877291,17378.607008359668,67.2838974,,152.062171804817,,57.8162831217614,8.086
PAN,2023,18.1341265585334,7.1663401639066535,18797.19338946106,68.54851592,96.0893871402691,156.586507591014,,53.6949637061742,6.544
PER,2000,0.0040528858746813,2.694371398069123,1945.4133845169831,3.07643061137675,,4.78923658781448,80.8428726196289,33.4137687683105,4.959
PER,2001,,0.6178923256242967,1929.5727303884632,7.57876295717419,,6.65051190633231,83.8087387084961,29.9192008972168,5.068
PER,2002,0.13705915633843,5.453528938187674,2007.3701962675275,8.96694917040028,,8.45398950030337,85.1464004516602,30.2558097839356,4.84
PER,2003,0.340487061687446,4.16502313666112,2129.4411419763424,11.6,,10.6246952102736,78.4806213378906,30.319580078125,4.15
PER,2004,0.817206833645756,4.958203206117446,2397.2514727771386,14.1,87.6699981689453,14.6938463366794,81.8064575195312,32.1658897399902,4.71
PER,2005,1.25482986835428,6.285060325096012,2706.669472976084,17.10000038,87.9100036621094,19.8687599595462,82.8499298095703,32.4608917236328,4.87
PER,2006,1.71194250233835,7.528899044059401,3129.5599649698206,20.70000076,88.6999969482422,32.1982838102898,85.8261795043945,33.9184188842773,4.17
PER,2007,1.99861209148784,8.518387769095497,3581.089308191696,25.20000076,89.5899963378906,54.0373967003052,88.9029235839844,,4.08
PER,2008,2.52641792600247,9.126568301464204,4197.584446341415,30.57,,72.9545042955996,90.2652816772461,,4.03
PER,2009,2.86420186642741,1.095823659242697,4181.187554622527,31.4,,85.4778092987493,93.8280029296875,,3.96
PER,2010,3.20601798410432,8.332459107495765,5072.114940196154,34.77,,100.100151210105,96.13037109375,,3.6
PER,2011,4.13514688702456,6.327192401611171,5861.3579364524485,36.01,,110.774364366799,97.5231475830078,,3.477
PER,2012,4.88245729342236,6.139724705604351,6519.378529815272,38.2,93.8399963378906,99.4508054485687,96.4381103515625,,3.238
PER,2013,5.40886840560537,5.852518210849283,6746.800256966015,39.2,,99.9174254916985,101.583869934082,,3.575
PER,2014,5.86753622497354,2.382157371805405,6667.134103608605,40.2446560091704,93.7099990844727,105.858105967274,99.8733825683594,,3.208
PER,2015,6.56472932864047,3.252244772184511,6231.711503388939,40.8526009090468,94.1600036621094,112.404818501786,100.251571655273,,3.272
PER,2016,6.87075765715407,3.953318715207672,6217.03599995447,45.4617406869459,94.1699981689453,119.654538672257,102.150123596191,73.2223205566406,3.741
PER,2017,7.37507987722252,2.5188354423313517,6736.16693725487,50.4504121848143,94.1500015258789,124.232520236388,101.044578552246,71.2404708862305,3.691
PER,2018,8.09510839441633,3.969351341364998,6978.491215486268,55.0543342443197,94.4100036621094,132.156626658621,99.8580093383789,,3.492
PER,2019,7.38778580236377,2.240631768750489,7037.008036926039,59.9505036049006,,122.790350843591,99.5297164916992,,3.379
PER,2020,8.41186520281526,-10.933306501038231,6133.325524101831,65.25179796,94.5,119.854099046125,100.138702392578,,7.179
PER,2021,9.05771410333768,13.416645612651308,6828.534225356381,71.10782643,,129.993736857913,101.589141845703,,5.097
PER,2022,9.45023631953673,2.818199764199221,7353.745987216674,74.67495213,,124.119322949561,103.591468811035,,4.291
PER,2023,10.4364266723222,-0.3506998143457593,7919.046348285474,79.48484477,,121.975084691173,111.395393371582,,4.899
PHL,2000,,4.382505000833987,1050.7927310795235,1.98225319605827,92.5999984741211,8.10590495391816,,,3.77
PHL,2001,0.0122847877178855,3.049231344634862,969.5306117444528,2.52400566008269,,14.9372736282167,70.5786285400391,28.6476802825928,3.698
PHL,2002,0.0252802225391506,3.716255001583832,1014.9087932010624,4.33227574643007,,18.5183661238084,74.9138336181641,28.3481502532959,3.616
PHL,2003,0.064910667873533,5.086911135130734,1027.2301192842956,4.85767226708512,92.5899963378906,26.5656467843521,76.8219680786133,27.230110168457,3.527
PHL,2004,0.103015812209536,6.5692285118062586,1099.6301302375837,5.2436284521711,,38.1226507186152,78.5408630371094,26.5457592010498,3.554
PHL,2005,0.139747379003822,4.942505118776779,1220.4601855986728,5.397600174,,39.5144178507076,78.3063812255859,25.823429107666,3.795
PHL,2006,0.29609317661134,5.316416821369387,1426.1464917954625,5.74058632534702,,47.8934159750173,76.9573211669922,26.2468109130859,4.052
PHL,2007,0.544770790690909,6.519291550189379,1712.6554328279278,5.97,,62.9642592871402,77.0709991455078,,3.434
PHL,2008,1.12807573795623,4.344487305091832,1959.292335349778,6.22,95.4199981689453,73.4820194307183,78.008903503418,27.1289901733398,3.72
PHL,2009,1.82488815665749,1.4483230627566854,1864.450434064713,9.0,,80.083961042229,80.1762771606445,26.6055793762207,3.858
PHL,2010,,7.334499960345383,2162.91375885614,25.0,97.0899963378906,86.3116249317177,,27.7549235195177,3.605
PHL,2011,1.82292647914606,3.858232827956627,2383.9189252208703,29.0,,95.8688282360909,,29.0709151463153,3.592
PHL,2012,2.14283906030847,6.896951710509853,2614.6164440130824,30.79999924,,101.799674355545,,29.6298942276846,3.504
PHL,2013,2.52046664370868,6.750531301422555,2781.279576773972,32.70000076,96.4000015258789,100.732033524401,,31.8704183328366,3.497
PHL,2014,2.79471929116667,6.347987482608673,2866.838037614072,34.70000076,,107.284498472686,81.5640314318642,33.8741923214799,3.6
PHL,2015,2.75369633406674,6.348309716727613,2909.8581801030064,36.90000153,98.1800003051758,111.893197374926,82.0085254812081,35.8745887819664,3.068
PHL,2016,2.79705053563184,7.149456750007516,2985.195640240464,39.20000076,,112.517998777897,82.7837574272484,38.3447414525513,2.695
PHL,2017,3.14400726239576,6.930988325840204,3038.121249592892,41.59999847,,110.962137119646,80.9227600097656,33.6841018682349,2.552
PHL,2018,3.46090446005956,6.341485571534733,3168.5103660972686,44.09999847,,122.960456861544,79.3622469757001,28.1166228592308,2.338
PHL,2019,5.69730703529922,6.118525662213031,3400.789497670743,43.0266118680279,96.2799987792969,151.006642923206,85.3821865979599,30.0548680110365,2.237
PHL,2020,7.08108894988907,-9.518294740452973,3227.579102351993,53.76490021,98.4700012207031,133.45620905917,87.9419879481158,31.6317598507085,2.522
PHL,2021,8.50897715713263,5.714733131851162,3484.3859388281885,66.90779877,,144.424289981649,85.8666475631511,33.6166173848126,3.398
PHL,2022,7.63946525096298,7.580982127855634,3548.069305721156,75.21114422,,147.428926406785,92.291271176651,38.4011392706768,2.598
PHL,2023,6.5393085505183,5.518949678560432,3804.08274131718,77.86699677,,117.275521687262,91.5493424610693,44.2394203278519,2.2
PLW,2000,,-2.603925182857722,7798.075105589738,,,,91.4381866455078,45.7822113037109,
PLW,2001,,7.345888227406888,8239.263868075652,,,,,36.336109161377,
PLW,2002,,4.714975670378905,8340.189650310209,20.243939470621,,12.6031892529354,,36.3363418579102,
PLW,2003,,-2.127759057444365,7862.392860776235,21.6015271777354,,19.9603235159469,102.667266845703,,
PLW,2004,0.373360242179617,3.4725126784907587,8393.73029137235,26.9703326341025,,19.7981836528759,98.1433486938477,,
PLW,2005,0.504566325243453,2.884820265040247,9367.68615343862,,,30.5313083404814,97.3436889648438,,
PLW,2006,0.495074771602103,0.2281029523805386,9737.01943934058,,,42.5968458122799,100.88996887207,,
PLW,2007,0.523261838151487,0.6870609326257977,10155.047080613407,,,55.3880426898767,101.115242004395,,
PLW,2008,0.583933926035036,-5.55349767521281,10471.151000841706,,,61.3761902256826,,,
PLW,2009,0.758992998022342,-6.195094166660212,9837.49883077663,,,68.1169490619488,,,
PLW,2010,1.29919547727767,-3.026482719799631,10018.065238367037,,,78.8867145031529,,,
PLW,2011,2.86536121252351,4.545342205630703,10795.639900708044,,,85.4353357672309,,,
PLW,2012,5.05488319729806,2.0613291974067067,12098.41243315508,,,96.5437658316915,,,
PLW,2013,10.2277878513146,-1.3936833062272314,12820.593162114686,,99.5,101.682910244787,106.158729553223,67.3166885375977,
PLW,2014,6.26587637595258,4.213923681366325,13854.730278012985,,,107.897262207169,108.378378378378,,
PLW,2015,6.88801350590884,8.57000568228419,15938.36522228475,,96.5899963378906,133.612830613393,,,
PLW,2016,,1.6665068823559182,17043.666067314716,,,,,,
PLW,2017,,-3.4214317017488867,16280.241199752976,,,,,,
PLW,2018,,-0.4176258592603687,16179.877834848996,,,,,,
PLW,2019,,0.300684343692609,15841.89234745477,,,134.846611978874,,,
PLW,2020,,-6.007407236641441,14556.309542209983,,99.8448081264108,134.892086330935,160.800003051758,,
PLW,2021,,-11.914640019206402,13267.487734071869,,,134.960355395603,102.280826799715,,
PLW,2022,6.993637029112,-0.4628795438231918,13934.951996170956,82.56749725,,135.142744523903,89.0526315789474,51.5274949083503,
PLW,2023,7.33344615558188,1.222848444057334,15578.349763073278,82.91629791,,135.386698256896,97.286012526096,41.130604288499,
PNG,2000,,-2.4948419926002288,635.9579190477252,0.835249302427624,57.3400001525879,0.154594564917436,,,2.92
PNG,2001,,-0.1212886055647715,537.8474596341313,0.904103545170821,,0.186787490824283,,,2.801
PNG,2002,,-0.158900533082658,506.3317895344825,1.3216569348661,,0.253207164142219,,,2.756
PNG,2003,,2.164102502220828,577.4679223872586,1.37440466802801,,0.28576108054919,,,2.628
PNG,2004,,2.7211757409823463,620.5961476805612,1.5079127722725,,0.763443220421612,,,2.526
PNG,2005,,6.344795923096541,744.4864899774326,1.71619047556782,,1.14750749896151,,,2.385
PNG,2006,,5.409944091073072,1238.1828292670598,1.754487260668,,1.48198206208912,,,2.285
PNG,2007,,7.815189228623879,1370.7534158289998,1.790599942,,4.3082742561226,,,2.169
PNG,2008,0.0415842846765183,-0.2964578458805817,1624.793199351879,1.15,,12.1676145990214,,,2.168
PNG,2009,0.0601233683452153,6.800421483220958,1568.831933686068,1.61,,19.139375770107,,,2.089
PNG,2010,0.0799106782019259,10.12845407202316,1866.8688985120784,1.28,68.9689096424639,25.0091340525207,,,2.002
PNG,2011,0.0954277875029296,1.107543626196161,2288.375911412337,2.0,,30.5368920009375,,,2.62
PNG,2012,0.113841801967236,4.657119596862387,2635.087363154696,3.5,,33.5214610357872,37.0596555013801,,2.634
PNG,2013,0.136100337504748,3.824946328006746,2560.774589763268,5.099999905,,36.1328329658624,,,2.698
PNG,2014,0.154867030815371,13.543770621654588,2723.175298251957,6.5,,39.4077931671023,,,2.54
PNG,2015,0.171560996911216,6.578356323042755,2484.5963398603,7.900000095,,40.7171432669286,,,2.507
PNG,2016,0.189695770386883,5.4895731527818725,2316.3947975849237,9.601499557,,42.2017296237172,,,2.478
PNG,2017,0.196105903288849,3.5346108175045856,2477.765309863235,11.20919991,70.0599975585938,43.775195523033,,,2.58
PNG,2018,,-0.2792522849599521,2566.3683373504064,12.35789967,,45.7713986877234,44.5501121213216,,2.65
PNG,2019,0.208137987159968,4.4805145694258215,2575.772741403927,13.62419987,,47.1952885885227,46.2668456486691,,2.651
PNG,2020,0.213941966305974,-3.1674320443481463,2429.611345852686,15.02040005,,49.0843996981992,44.5528199220061,,2.903
PNG,2021,0.209729532794508,-0.5106126070343606,2607.977699731607,16.55960083,,48.1179470954257,45.848952374731,,3.03
PNG,2022,0.214639196900492,5.707019649965247,3102.2940973000505,18.25659943,87.0046890533686,49.1906681149749,,,2.689
PNG,2023,0.228111959659795,3.8104630833370834,2966.064550453335,18.56130028,,34.0588961979896,52.0929750873194,,2.649
POL,2000,,4.656332529882363,4520.641004491105,7.2854287080601,,17.6354944816742,,,14.928
POL,2001,0.0313747169510301,1.2337446440035649,5015.237900366129,9.9006697073534,,26.1577839221675,101.693962097168,56.3456916809082,18.435
POL,2002,0.31829946202672,1.9011943796858617,5223.451789670818,21.15,,36.3554439556061,103.719223022461,59.5361404418945,20.211
POL,2003,0.512392521695119,3.523371172348334,5720.81366178104,24.87,,45.54873524233,106.250358581543,60.6214714050293,19.899
POL,2004,2.29478836117739,5.090795464095436,6711.72715262967,32.53,,60.5122720407785,98.4879837036133,61.7436981201172,18.822
POL,2005,2.47914595540035,3.260822746792158,8043.923322537572,38.81,,76.5032553054831,101.085952758789,63.7791404724121,17.592
POL,2006,7.64660563202594,6.2021071093437286,9068.855283076273,44.58,,96.5178030922982,100.597557067871,65.0900726318359,13.794
POL,2007,10.9783187303476,6.760447852762596,11272.529368338306,48.6,,108.859325887002,100.348258972168,66.9424667358398,9.551
POL,2008,11.7451771509464,4.383770692746055,14048.560467265392,53.13,,115.608164796298,99.9508209228516,70.2946319580078,7.069
POL,2009,14.7254806997129,2.6151285929168324,11556.302686602616,58.97,,117.905502990554,99.6487579345703,72.6793594360352,8.131
POL,2010,15.378511671936,3.168927482580358,12567.731767638152,62.32,,123.248926095995,100.207778930664,76.5571212768555,9.578
POL,2011,18.2475205937044,5.25546256612796,13867.666940819152,61.94999896898,,131.279778766286,100.617851257324,75.8021011352539,9.576
POL,2012,18.0079998184474,1.51178167644575,13087.42094332095,62.3099972714691,,141.409735570098,100.56485748291,75.0382919311523,10.031
POL,2013,18.3773931656078,0.6842406070518052,13621.902379403096,62.8492,,148.912446350899,111.516960144043,73.317268371582,10.293
POL,2014,18.904567196757,3.920508623900318,14262.284191411594,66.5987360557248,,148.713283559361,110.031021118164,70.2389678955078,8.971
POL,2015,18.9867934497166,4.431767002644776,12637.522032440616,67.9969871556415,,142.520207198425,109.41478729248,69.3731994628906,7.475
POL,2016,19.1513139299534,3.03117767594847,12464.012104482732,73.3007040962669,,138.518696718641,109.117248535156,69.8503799438477,6.141
POL,2017,19.9531726069815,5.1524577332590695,13913.34151901244,75.9853659493832,,131.901471911132,109.45922088623,70.6174621582031,4.867
POL,2018,20.5313862679212,6.245858472394204,15658.21058669296,77.5417345350006,,126.266191655563,110.541938781738,71.0217437744141,3.835
POL,2019,20.5043205670712,4.58045817256199,15874.522053125382,80.4359068768673,,126.597314882311,109.753303527832,70.9065017700195,3.267
POL,2020,21.9255858346119,-2.035568823999768,16150.930481347252,83.18488715,,129.288487295019,112.576263427734,70.9730377197266,3.155
POL,2021,22.8165643900514,6.9271826605250055,18635.51048957537,85.37490906,,132.987203939653,110.52970123291,72.2060623168945,3.268
POL,2022,23.8373449056172,5.255456973860362,18891.212116927854,86.94113479,,137.002148115476,108.48217010498,75.2911071777344,2.811
POL,2023,24.526154479274,0.2496108340178722,22145.26606474287,86.414744,,135.146301442691,108.386131286621,76.8794097900391,2.743
PRI,2000,,3.2719645191047846,16192.12697196377,10.4746482089399,,34.5969910752767,,,10.08
PRI,2001,0.0636504517556064,6.313471576940643,18123.19870199179,15.6300309162012,,42.7001166793819,,,11.4
PRI,2002,0.596528786082814,0.9164594234253371,18731.459389737847,17.5476475654777,,43.2184738131683,,,11.94
PRI,2003,1.42765071230146,0.0534198017173963,19557.12024923584,19.7070256578252,,44.9039067609063,,,11.78
PRI,2004,2.27193452843992,8.748676900816804,20988.992332653404,22.1307382347014,,48.6468507159241,,,10.31
PRI,2005,3.12183327328183,-1.9869387177270283,21959.322696986048,23.4000504486583,,52.6200271089625,,,11.35
PRI,2006,3.97840165350755,-1.4094140568482345,22935.94115863129,25.4424182102582,,58.2288084762123,,,11.01
PRI,2007,4.84171510206511,-1.162806655739928,23664.88234850958,27.86,,64.6148057127551,,78.6092071533203,10.93
PRI,2008,11.3709107824539,-1.8441342183188425,24898.334585704462,38.0,,67.844762835518,,84.4570999145508,11.48
PRI,2009,12.8591986913038,-1.9524251838112436,25768.72588833845,41.5,,72.616040363961,88.5960998535156,86.6972579956055,15.0
PRI,2010,14.8464158310084,-0.4132541191723646,26414.88106345475,45.3,91.9700012207031,78.9802833826312,87.0993194580078,90.7308767027593,16.1
PRI,2011,15.1545860016125,-0.3585106368503119,27170.076654327757,48.0,,84.3815609806418,84.0764465332031,91.7977449760959,15.7
PRI,2012,15.7202046279888,0.0292751500944064,27742.02447661801,68.9999826014151,,83.6353280009829,86.5407180786133,94.0074751455172,14.5
PRI,2013,16.6789167811967,-0.3068266669417738,28212.049973743106,68.999990004,,85.5376654285317,89.4305877685547,95.3715682046859,14.3
PRI,2014,17.1184060434732,-1.190363473469418,28576.09880232088,76.1338597201667,,89.9998233000979,91.3355865478516,97.2016557105489,13.9
PRI,2015,20.0013856507348,-1.049290032386736,29242.04146508496,63.4663353848474,,91.0041169159844,99.0586395263672,100.706557185143,12.0
PRI,2016,19.7597646495635,-1.2636943478111675,29978.088926891836,68.6438071976518,,93.5606592389891,86.821891784668,100.643406166336,11.8
PRI,2017,19.5759687343003,-2.8852183839848067,30328.479490518017,68.7407731407209,92.3899993896484,100.519829625899,,100.739404309645,10.8
PRI,2018,18.5110763668107,-4.361427031625354,30679.91819344879,70.8563997424362,,101.222406345401,88.8774795532227,107.502380763432,9.2
PRI,2019,18.5504198869353,1.6754637949820932,31830.528499335844,77.7364393708352,,102.552928381388,,95.6914950121196,8.3
PRI,2020,20.438273950983,-4.180874309334598,31427.10349949156,,,106.682174305247,,88.4148538699338,8.89
PRI,2021,23.6440930650035,0.3852227195292386,32618.870510624383,84.78666399,,112.540413929626,,88.5327447779272,7.9
PRI,2022,22.2824477131524,2.957095654995868,35353.56138910385,87.29178106,,120.215904630962,,82.0153279566474,6.0
PRI,2023,23.1595519217476,0.7314921053661863,36980.76539280678,,,124.513459651582,110.409713745117,77.9263575380698,5.725
PRK,2000,,,,0.0,,0.0,,,3.653
PRK,2001,,,,0.0,,0.0,,,3.676
PRK,2002,,,,0.0,,0.0,,,3.644
PRK,2003,,,,0.0,,0.0,,,3.668
PRK,2004,,,,0.0,,0.0,,,3.62
PRK,2005,,,,,,0.0,,,3.576
PRK,2006,,,,,,0.0,,,3.55
PRK,2007,,,,,,0.0,,,3.547
PRK,2008,,,,,100.0,0.0,,,3.48
PRK,2009,,,,,,0.278398889443231,,30.1253795623779,3.48
PRK,2010,,,,,,1.72855701093733,,,3.419
PRK,2011,,,,,,3.98440122856621,,29.8180599212646,3.516
PRK,2012,,,,,,6.7428936247448,,,3.542
PRK,2013,,,,,,9.55409574412015,,,3.567
PRK,2014,,,,,,11.0014191044829,,,3.509
PRK,2015,,,,,,12.6684483301304,94.2515411376953,27.9393501281738,3.523
PRK,2016,,,,,,14.0320423984037,,,3.574
PRK,2017,,,,,,14.7573125097971,,,3.498
PRK,2018,,,,,,,,26.7206192016602,3.409
PRK,2019,,,,,,16.3340506540687,,,3.439
PRK,2020,,,,,,22.9565670933221,,,3.624
PRK,2021,,,,,,22.8723614729709,,,3.692
PRK,2022,,,,,,24.1311041179361,,,3.457
PRK,2023,,,,,,,,,3.463
PRT,2000,0.244612476811702,3.81617714108242,11526.372066796825,16.4304676923534,,64.8139529275117,,,3.806
PRT,2001,0.959174064943876,1.9436721342791543,11734.764974395395,18.0871365595338,,77.0454568501568,108.49845123291,,3.829
PRT,2002,2.50254392471596,0.7709247812477145,12936.692820448196,19.37,,83.2609561622903,109.794471740723,,4.497
PRT,2003,4.80216409697687,-0.9305210450629176,15797.782134027591,29.67,,95.6807976090095,108.311233520508,,6.132
PRT,2004,7.99866925932756,1.7887355291729108,18064.15809329872,31.78,,100.855984531046,95.0831298828125,,6.319
PRT,2005,11.0962645508509,0.7818475691235847,18780.12751241,34.99,,108.990950580377,96.4346008300781,,7.582
PRT,2006,13.5278484091782,1.6250353295615554,19839.45404990321,38.01,,116.175404689418,95.6554183959961,,7.649
PRT,2007,14.4787649363671,2.5065793775123097,22811.05648443652,42.09,,127.786457061722,99.3079605102539,,7.965
PRT,2008,15.4810153386745,0.319247344434558,24949.041356673933,44.13,,132.990148409502,101.609558105469,,7.553
PRT,2009,18.0765765463372,-3.1220782754509315,23151.21541307117,48.27,,111.524037734675,105.083099365234,,9.432
PRT,2010,20.1035764454099,1.7376245364003609,22551.93509880897,53.3,,115.42460954412,107.523330688477,,10.771
PRT,2011,21.2468026111835,-1.7135274590506526,23246.542541648112,55.2499968797194,94.4800033569336,116.837494027689,108.864181518555,,12.715
PRT,2012,22.7408340982484,-4.050902676219351,20593.4274224109,60.3399974868057,,113.358650832529,110.253372192383,,15.509
PRT,2013,24.5102597000009,-0.9841065741483276,21676.485964271385,62.0956,,114.655300508744,118.932960510254,,16.237
PRT,2014,27.4622463014594,0.7413914207065062,22120.685012710743,64.5924200648949,,114.312891767686,114.901290893555,,13.88
PRT,2015,30.2999720257926,1.58979803702681,19215.781301434683,68.6328614804299,,112.964237082806,116.804588317871,61.7960205078125,12.405
PRT,2016,32.6259001706105,2.0041412966657504,19980.280886651573,70.423567088723,,111.846790353179,115.488418579102,63.2387504577637,11.058
PRT,2017,34.6016066063915,3.3147200817598588,21442.384276887915,73.7912139515729,,113.873619619075,117.235328674316,64.2040176391602,8.878
PRT,2018,36.6542819407724,2.946283434492017,23541.14010752886,74.6609681487507,,114.858523480989,118.28833770752,65.1127395629883,6.966
PRT,2019,38.3605751907072,2.745684326485957,23343.362897003437,75.3463779408712,,115.145564535894,119.519371032715,66.0920562744141,6.422
PRT,2020,40.1215406866329,-8.204631593243874,22299.404406217305,78.26166044,,114.276382888841,118.68286895752,68.1568908691406,6.85
PRT,2021,41.5145728650954,5.558756720703741,24711.451006211093,82.30902804,,119.768700781718,118.984870910645,72.5122375488281,6.712
PRT,2022,42.937003513367,6.985841375802778,24620.51975871808,84.49690644,,122.80130896654,120.926139831543,75.0714797973633,6.138
PRT,2023,44.1107426914567,3.099987459042808,27634.6183139773,85.79012676,,123.001507659381,120.347076416016,77.6778182983398,6.498
PRY,2000,0.0029406759790686,-2.314140568190453,1736.1172921076502,0.747630711548184,,16.091575002529,64.4096298217773,17.2918395996094,7.61
PRY,2001,0.0057829218366791,-0.8340547167460954,1637.686151229318,1.09879383569333,,22.1678670406032,68.1916809082031,19.336540222168,6.206
PRY,2002,0.0095033041087725,-0.0214043949985693,1367.7650693599712,1.79496959770244,,31.6843580175956,69.8106307983398,28.3164596557617,9.393
PRY,2003,0.0093871399186998,4.320745485515914,1443.9988523620518,2.11194208210034,,33.2369524387414,67.5210266113281,26.9151496887207,6.814
PRY,2004,0.0566054369058169,4.057418363637709,1786.215339385431,3.45243843137079,,32.4608610522116,68.885986328125,27.1320304870606,6.513
PRY,2005,0.102788184571604,2.1334906645960103,1970.87169852378,7.90700786141285,,34.6359471940386,68.879280090332,27.7761993408203,4.825
PRY,2006,0.108988895484735,4.807117192683762,2439.4312469457595,7.962100029,,58.7239798094438,68.669563293457,,5.277
PRY,2007,0.154693342034534,5.421622872182354,3211.9362165954644,11.21,94.5599975585938,84.4402781170439,69.0111694335938,31.087760925293,4.713
PRY,2008,0.22801872746311,6.496292119709096,4384.9546943792975,14.27,93.2900009155273,103.156367048871,70.5332565307617,36.8851890563965,4.415
PRY,2009,1.36539900649523,-0.2611373280802809,3941.8481547927104,18.9,93.75,99.0725654866065,71.5204086303711,39.7724685668945,5.46
PRY,2010,1.55966281460816,11.095231268552055,4750.962736693221,19.8,93.870002746582,103.187311333571,73.1651100594436,37.6179261040957,4.569
PRY,2011,2.06549827968299,4.286371207022825,5805.401545430437,24.7635158793993,,112.286723170157,75.882698059082,,4.67
PRY,2012,2.30883186863576,-0.7080431123168864,5642.169916729802,29.34,94.1999969482422,115.205931550373,82.8002090454102,,4.085
PRY,2013,2.61725765970268,8.293076489404712,6435.683427331823,36.9,95.0599975585938,117.899905473431,,,4.385
PRY,2014,3.04993022023256,5.3012386447362445,6652.254789422911,43.0073750122614,95.0299987792969,120.354274622389,,,5.034
PRY,2015,3.49295993263954,2.957151683670787,5879.337923086712,49.716304663966,95.5500030517578,120.341971874801,,,4.556
PRY,2016,3.94711196413706,4.268025833145828,5775.159633994601,53.4041274791009,94.6500015258789,119.848343592368,81.8651046483746,,5.255
PRY,2017,4.57926438711021,4.810078855540411,6152.267115377034,61.0757562215797,,117.821037884979,,,6.138
PRY,2018,4.989589851669,3.204250340766393,6258.449916409537,64.9935430235756,94.0199966430664,115.749958536773,,,6.217
PRY,2019,6.32666662368931,-0.4018551006800095,5821.181995486371,68.5176284222264,93.2099990844727,119.137051427631,,,6.595
PRY,2020,8.5159180276507,-0.8197853909719157,5365.472207211913,73.95751114,94.5400009155273,119.099952314893,85.6669309236136,,7.548
PRY,2021,10.8118689766377,3.9946151073153535,5974.905718586305,77.01838621,,119.312639901188,84.787987118923,,7.311
PRY,2022,11.1527995711537,-0.0280771723899277,6189.102053753307,76.25916611,,128.088057269442,82.3071472143291,,6.755
PRY,2023,12.8835504093571,5.28584584975323,6303.264950172925,78.09481878,,126.605481531224,79.7518585422984,,5.794
PSE,2000,,-8.555572683829197,1476.1718500023785,1.11130620708969,,0.224507129751224,76.0071334838867,23.624870300293,10.625
PSE,2001,,-9.311081141829618,1335.5531952935903,1.83685483917877,,5.42645079010636,78.0870895385742,25.7727699279785,21.493
PSE,2002,,-12.488382179812874,1156.217473457691,3.10009223512517,,7.57298116642246,80.3683166503906,27.5037307739258,27.465
PSE,2003,,14.015647679399578,1257.6985700968853,4.13061635632919,,7.77179398894078,83.0590972900391,31.2601299285889,23.004
PSE,2004,0.000517959229127,21.924486120598655,1422.1908864354425,4.40090482603223,92.4800033569336,12.5641945719599,86.8646087646484,35.1719093322754,23.215
PSE,2005,0.209787988478105,11.290651182927135,1543.7014139277364,16.00499916,,15.9550188466243,88.3457794189453,38.400749206543,20.016
PSE,2006,0.745439900622645,-0.9965561034770758,1570.1043996272826,18.41,93.4499969482422,22.5453595735201,90.0953369140625,40.1437492370605,19.014
PSE,2007,1.48923205049601,3.788281520859812,1664.2457166927647,21.1760006,93.7600021362305,27.3365124384114,90.4300994873047,43.544979095459,18.282
PSE,2008,,7.429182255478352,2035.202341217664,24.3579998,94.0100021362305,34.3272897835254,89.9040603637695,44.7015686035156,22.913
PSE,2009,,8.593490878938638,2191.781787368677,32.23,94.4300003051758,45.903776503693,90.0118637084961,43.4091491699219,20.452
PSE,2010,,5.777362056294194,2557.075623566985,37.40000153,94.7200012207031,64.8154454810606,89.1773371332236,45.0943742403046,21.416
PSE,2011,3.78929752560067,9.600808489135945,2880.798437079093,41.08000183,95.0299987792969,70.0930147126709,88.2808414383622,47.5094364758648,17.597
PSE,2012,4.42149847472774,6.09645656326154,3067.438727356144,43.4,95.6699981689453,74.3645845516098,88.0041466962408,47.0416991089195,19.202
PSE,2013,4.93747655124452,4.6985698655223445,3315.2975390928173,46.59999847,96.0500030517578,73.9290856335225,87.7419851728182,45.2354836861858,19.894
PSE,2014,5.32491583787791,-0.157866650855297,3352.112595060428,53.6651997924171,96.2099990844727,72.4102229180943,87.618042824034,44.8451220304662,20.526
PSE,2015,6.07090686521149,3.721299671147875,3272.1543236070797,56.70000076,96.4800033569336,78.0924303863817,88.3909219114319,46.0871831764203,23.005
PSE,2016,6.92212533449435,8.864618819959347,3527.6138241317785,59.90000153,96.7200012207031,80.1510726160054,88.6612882360835,45.3924907557838,23.939
PSE,2017,7.58784526169771,1.419367562947869,3620.36048715937,63.29999924,96.9199981689453,84.2593832303374,89.7461522132674,45.5044081379083,25.677
PSE,2018,7.50601163734241,1.2270773778270296,3562.3309427025574,64.3999937114499,97.2200012207031,90.2055254286487,89.6454662001111,46.4852162059319,26.256
PSE,2019,7.35978367684813,1.3626874655806205,3656.858271370109,70.6225837001758,97.379997253418,86.7372172316252,90.3135207321564,45.6330464687168,25.34
PSE,2020,7.43459365973318,-11.318466106513355,3233.5686383585844,76.18160248,97.5100021362305,80.1297988122355,90.2544056722155,45.3895360497376,25.895
PSE,2021,8.01282694120497,7.011982275920033,3678.63565662194,,97.6840000894857,78.1621094563592,91.0094011735985,44.2081176768623,26.39
PSE,2022,7.93673083556539,4.082760273471052,3799.9552701516295,88.64690554,97.8399963378906,76.5666403406424,90.1364802874113,45.7982801281791,24.42
PSE,2023,8.37056926326656,-0.97217780620403,3607.416118588208,86.63765334,,76.6918854204372,89.1210984011759,44.4904623709098,
PYF,2000,,3.2454110130819345,14978.324104667972,6.3570635452072,,16.6016884624506,,,11.583
PYF,2001,0.0102418300921355,-0.3415955780890556,14640.936006229802,6.25158894552365,,27.5710066080288,,,11.665
PYF,2002,0.0129149429926344,0.8461814828085892,16004.058329211186,8.20021648571522,,21.0876803551609,,,11.71
PYF,2003,0.375938355647222,2.126928848726095,19582.89363953116,14.1242937853107,,23.8836101209282,,,11.751
PYF,2004,1.7801403459363,0.9712591299875442,21764.2203208782,17.8845374263753,,37.5507521885048,,,11.702
PYF,2005,4.2388066603213,0.309973476180005,21984.193623071948,21.5421854743002,,46.2415272035051,,,11.722
PYF,2006,6.92720620918385,0.8895841175976074,22330.86766590555,25.1079642462589,,57.745713710428,,,11.768
PYF,2007,8.85759538804525,1.704975638030021,24888.17813373606,28.59,,65.6238974920995,,,11.74
PYF,2008,10.3104192205799,0.0067675506631275,26592.026283573166,33.87,,69.7319835009446,,,11.76
PYF,2009,11.1436427800105,-4.231391830694463,24434.21975552078,44.6,,77.2822573762158,,,11.963
PYF,2010,11.9177322788085,-2.466064189817402,22494.80670618603,49.0,,79.7878631088772,,,12.133
PYF,2011,13.2485914171209,-2.9619574542722944,22831.518534852352,49.0,,82.0039966584108,,,12.257
PYF,2012,14.7207452651931,-0.9275377125320716,20846.545747836444,52.8766305867993,,83.3446851518214,,,12.134
PYF,2013,16.3434378730963,0.3988014143469343,21955.63292640951,56.8,,88.5949011385807,,,12.027
PYF,2014,17.996504900737,0.5935544529422856,22258.632138425084,60.68,,92.3064398832072,,,11.894
PYF,2015,18.6809469312546,1.80334081452726,19166.959476193068,64.560209747212,,96.5695695047253,,,11.794
PYF,2016,19.8593728732207,2.3021982367043847,19690.077573458868,68.440419493378,,100.334195387889,,,11.727
PYF,2017,20.5950294015788,4.2926336310348745,20826.93124921722,72.7038953132942,,102.767711461082,,,11.595
PYF,2018,21.3676893661884,1.8068749830520687,21925.616043938026,,,108.168968782946,,,11.599
PYF,2019,22.219514467771,2.6894665814333365,21582.58920468011,,,113.964606463728,,,11.591
PYF,2020,22.9218972167803,-10.573813863248873,19966.48385038589,,,119.981805744084,,,12.963
PYF,2021,26.724495339395,3.365902424215463,21426.38544498349,,,115.413592954766,,,12.558
PYF,2022,27.914458338386,2.937347071632203,20053.95693693217,,,116.866159256432,,,11.793
PYF,2023,35.5533975056738,2.772840771554129,21832.283179556853,,,118.777524029055,,,11.613
QAT,2000,,8.028125488379729,27535.182940934046,4.86367917875156,,18.7376838984851,,,0.87
QAT,2001,,3.898147488055415,25870.799186431443,6.17026856093911,,26.2461186709444,87.8413467407227,18.6874694824219,0.87
QAT,2002,0.0320582673068946,7.182523311367106,27226.659351011684,10.2261289281118,,37.50015818224,87.4843902587891,17.2873592376709,0.87
QAT,2003,0.40164795174316,3.719919498196703,31602.470865136,19.242336421002,,50.5631934167873,88.7019805908203,15.7512302398682,0.87
QAT,2004,1.41142484728422,19.218503241124424,41035.50083801774,20.701647851169,88.9599990844727,63.4052386297218,90.0552520751953,16.8915996551514,0.87
QAT,2005,3.10258684190122,7.492728037545149,53949.676409114654,24.73349953,,86.8374185857176,90.0544815063477,14.7242298126221,0.87
QAT,2006,4.80792655661672,26.17039955781001,62582.445313875534,28.97410011,,94.5460208402076,91.3522491455078,12.8355398178101,0.87
QAT,2007,7.25412565830572,17.985216561512914,65954.11464288135,37.0,93.0800018310547,104.601293237189,91.991569519043,11.8196697235107,0.52
QAT,2008,7.4408979226848,17.663034684267373,80781.21139095056,44.29999924,93.9899978637695,100.178564170272,97.6288604736328,11.3421602249146,0.31
QAT,2009,9.12707669997793,11.957551291122726,60785.73515516575,53.09999847,94.7200012207031,122.869392515999,97.2014999389648,10.1654901504517,0.31
QAT,2010,8.52940126805712,16.731555848918674,77387.29363796161,69.0,96.2799987792969,127.920073904667,98.150178716375,9.64273278083432,0.45
QAT,2011,9.08920732212375,13.021405049692277,103261.51029306756,69.0,96.4100036621094,127.128026726304,96.4676867591291,12.6008552690979,0.56
QAT,2012,9.70716531812154,4.626236755118043,108470.378825036,69.3,96.6800003051758,136.39488295684,98.6139808267348,12.2866942772156,0.48
QAT,2013,10.6013309777772,4.430701965214553,103697.00837237282,85.3,97.4800033569336,162.859698293993,97.3663778760953,14.8707295209095,0.28
QAT,2014,10.163849886313,4.119115279127612,95840.6310094498,91.48999786,97.75,149.020182367971,97.8845311253665,17.3063613126932,0.2
QAT,2015,9.79569741415571,4.753345724387373,68985.29469615073,92.8848264535481,,154.098019594361,101.946830749512,15.9339905308662,0.17
QAT,2016,9.7607422100415,3.0641918843015645,61253.63754827974,95.1246621661148,,140.517748133011,97.44147524298,14.8163562584538,0.15
QAT,2017,9.47866948386398,-1.4976047022783805,63279.855694933154,97.3888491654164,,147.358360281803,101.989694099425,16.7774362605473,0.14
QAT,2018,9.7027244524186,1.2348722019106475,71039.8490579352,99.6528491261175,,142.911085340776,102.1549014004,17.4458250857575,0.11
QAT,2019,10.1746618292654,0.688240954592672,66841.30134849194,99.6528042086389,,140.01721278049,105.162567508393,21.0931416049405,0.1
QAT,2020,10.5631961475008,-3.557603989678398,51683.50543766771,99.65284913,,135.497890935034,105.869328366077,23.7649212314763,0.14
QAT,2021,11.0795735105944,1.6268467191877534,71751.88312571691,99.65280151,,137.709548409191,95.6694483531864,31.2813974439236,0.14
QAT,2022,12.6414412670206,4.18500970982862,88701.46335227301,98.03800201,,162.248539735277,102.968360766419,35.0854901088778,0.13
QAT,2023,11.641102863231,1.1871599162377606,80195.87465085486,98.15229797,,157.82063065065,100.136596679688,38.2058906555176,0.13
ROU,2000,,2.461263459226899,1659.929049105278,3.61371729139783,,11.3352549289308,,,6.969
ROU,2001,0.0273723664190882,5.218136256737083,1825.192993731835,4.53866902895312,,17.5416540126498,83.499382019043,28.0544300079346,6.561
ROU,2002,0.072576884069498,5.70299165043771,2119.855096845544,6.58,97.3000030517578,23.4753652236468,84.9503479003906,33.7016906738281,8.112
ROU,2003,0.90817354336616,2.341147329195209,2679.406260161544,8.9,,32.6020066270096,84.2207717895508,38.9063987731934,6.95
ROU,2004,0.487146394862043,10.428113018097648,3494.990564489553,15.0,,47.7282830894066,82.5846405029297,41.7997398376465,7.719
ROU,2005,1.77760384149859,4.6681480508487,4618.003508029132,21.5,,62.9514625386572,81.0594787597656,45.4637298583984,7.174
ROU,2006,5.18165947350917,8.028811075991626,5757.531273011785,24.66,,76.018272147601,85.6820602416992,54.1389312744141,7.27
ROU,2007,9.3537758838748,7.233807743628049,8360.337759165957,28.3,,97.7446101992859,84.2603607177734,60.2831192016602,6.413
ROU,2008,12.1503515995324,9.307467170773378,10435.15612307872,32.42,,118.105626297195,94.5384063720703,73.4470672607422,5.787
ROU,2009,13.6687076743772,-5.516706158430111,8548.454340924196,36.6,,121.98128515497,103.393241882324,81.5331497192383,6.859
ROU,2010,14.6853744418104,-3.905811573029723,8399.537423428405,39.93,,119.221396188263,102.467903137207,75.2290267944336,6.959
ROU,2011,16.1874973837653,4.495589099463132,9560.675527745803,40.0099967810008,98.5999984741211,115.471784331445,100.735900878906,66.7865829467773,7.177
ROU,2012,17.567519569459,1.9036169679960293,8929.953662314741,45.8799942529424,,113.302350795587,97.4503707885742,54.9534912109375,6.794
ROU,2013,18.8919150905294,0.2787718774702341,9497.674116152371,49.7645,,114.190750190364,95.6988983154297,51.3826103210449,7.096
ROU,2014,20.1139523323465,4.116001092678317,10031.771075540391,54.0783206550943,,114.782653636732,93.5339965820312,51.0950393676758,6.802
ROU,2015,21.4489855804576,3.157036054385401,8977.017481581965,55.7631556336233,,116.350349219635,91.3377075195312,49.3609886169434,6.812
ROU,2016,22.4982986593906,2.859932523020888,9404.540058707147,59.5039512852713,,115.790771839543,88.7795104980469,49.911319732666,5.901
ROU,2017,24.148941859633,8.195478266412607,10727.982200742588,63.7472821822484,,113.76679260075,88.3843231201172,50.5108184814453,4.927
ROU,2018,25.9702175828069,5.394522281856752,12416.134317958962,70.6812779273268,,115.492130982384,86.5577163696289,51.9943504333496,4.187
ROU,2019,27.060557570268,3.960289584975982,12909.610401324388,73.6574757545465,,116.252345583749,86.4074096679688,52.4439697265625,3.912
ROU,2020,29.314080636148,-3.5980254603475714,13009.152534839624,78.45526895,,116.478206049988,86.416877746582,53.4911117553711,5.035
ROU,2021,31.6949603653045,5.5873507253886885,14908.041281392116,83.5904265,99.1600036621094,119.123068432356,86.1970901489258,55.2656097412109,5.59
ROU,2022,33.2115600895132,4.187713051041087,15503.469136624186,85.50309124,,121.14194294167,83.0334701538086,58.2390403747559,5.614
ROU,2023,34.6706189336505,2.257734165551213,18244.418687632093,89.20335498,,123.252482585042,81.6316070556641,55.1682891845703,5.589
RUS,2000,,10.000066813651486,1771.59411621094,1.97723010897647,,2.22413393473919,,55.2136611938477,10.581
RUS,2001,,5.100051225725679,2100.3525390625,2.94436778664985,,5.30429993483865,,60.3866996765137,8.978
RUS,2002,0.0075373699375426,4.699991909142582,2377.52954101563,4.12827181796644,99.4400024414062,12.0657916465385,,65.0104217529297,7.875
RUS,2003,0.235263084384499,7.299952345281895,2975.123046875,8.29886061553908,,24.7850242412544,94.6366500854492,69.0352096557617,8.21
RUS,2004,0.464939763747368,7.199947869548566,4102.36474609375,12.8593889008473,,50.7798407105349,88.130989074707,69.818717956543,7.763
RUS,2005,1.09890958017062,6.399965447994688,5323.455078125,15.22669983,,82.9887662809782,86.7092514038086,72.2228012084961,7.124
RUS,2006,2.01245015473243,8.200068254563206,6920.19970703125,18.02330017,,104.559970556605,86.4854736328125,73.4398880004883,7.055
RUS,2007,3.40609484108427,8.499977769165113,9101.2392578125,24.66,,119.004783019107,86.5527572631836,76.1305465698242,6.002
RUS,2008,6.45287620268262,5.199969264049571,11635.2841796875,32.0,,138.738465483788,87.0486373901367,77.5339736938477,6.205
RUS,2009,8.96648212209969,-7.79999391271275,8562.82421875,42.55,,159.902264510778,89.8769302368164,77.8685607910156,8.301
RUS,2010,10.907741936582,4.499999999206722,10674.990234375,49.0,99.6800003051758,165.137115700538,,,7.407
RUS,2011,12.2426736632818,4.30002918604238,14305.33203125,58.0,,141.451225637367,94.5758904929741,80.1629736412764,6.571
RUS,2012,14.5007601269515,4.024086157179795,15401.8515625,66.0,,144.198197519265,95.5384826756866,80.5323453975492,5.484
RUS,2013,16.4209357330938,1.7554221491629107,15941.4482421875,67.97,,150.964167004451,95.9993761959632,82.8009567260742,5.513
RUS,2014,17.2161049931,0.7362672214036508,14055.47265625,70.5175682574413,,152.512941154001,95.6056322692131,84.5181387513356,5.212
RUS,2015,18.4996930924804,-1.9727192264298024,9277.7138671875,70.0992412263947,,156.4185651494,96.3292563031308,84.2355651240256,5.615
RUS,2016,18.8797858276626,0.1936711306988172,8663.158203125,73.091434617897,,157.173982310184,95.8434944997854,83.860044350614,5.591
RUS,2017,21.2763636749444,1.8267052754919175,10658.9130859375,76.0081385339105,,155.485765168167,97.5206298303399,81.7051021681418,5.238
RUS,2018,21.8962972283043,2.806340820466559,11211.8876953125,80.8647218726954,,156.682905991229,99.1831046517789,81.5681115998523,4.871
RUS,2019,22.4233442134941,2.1980757138198186,11447.701171875,82.6421618670668,,163.646302441755,100.471744682473,80.9520697471091,4.513
RUS,2020,23.1557041794102,-2.6536544969545304,10108.3271484375,84.99466978,,163.101112466044,91.5812884026933,57.2232854739754,5.62
RUS,2021,23.7409106485411,5.866491772979003,12425.029296875,88.21384578,99.9300003051758,169.07261384221,92.171155276901,54.9542479280814,4.749
RUS,2022,24.6345568628262,-1.4353706346789608,15625.6328125,90.41799163,,168.475831268436,92.7729443625069,53.9151941239211,3.867
RUS,2023,25.8238695549039,4.066613958130233,13986.9951171875,92.24496346,,180.841776534047,92.4840470838527,93.7277679443359,3.076
RWA,2000,,8.370895935730388,251.8692638609096,0.0628314595107164,64.8899993896484,0.474803111932642,10.2389402389526,1.12785005569458,11.699
RWA,2001,,8.484560340866992,237.30884620090103,0.240672409832383,,0.784352150464324,11.1507501602173,1.54308998584747,11.732
RWA,2002,,13.192073628843332,234.0430167557329,0.292784718792575,,0.980824220433372,12.1046600341797,1.87186002731323,11.432
RWA,2003,,2.2023875095977985,249.01227498225197,0.356918467272361,,1.52232331319601,13.584939956665,2.34143996238708,11.658
RWA,2004,0.0130205320634005,7.447667370370354,269.54044633340214,0.43085424337006,,1.55691764536154,15.3283996582031,2.73148989677429,11.699
RWA,2005,0.0130321536362801,9.377899165853748,324.0168638471888,0.555999994,,2.46261318094107,16.4831008911133,2.85111999511719,11.842
RWA,2006,0.0183240662737603,9.227075769946325,352.0939165783473,,,3.37877931178506,18.1992893218994,3.64229989051819,11.586
RWA,2007,0.0266284590687704,7.6332981904288175,420.73358070250754,2.115400076,,6.650695873992,20.3850002288818,3.88545989990234,11.58
RWA,2008,0.0114235951706343,11.161247324054033,522.2883394206794,4.5,,13.4904193265199,22.1014308929443,4.18300008773804,11.517
RWA,2009,0.0220070072537641,6.248257507042652,556.9739962173903,7.7,,24.1465972832976,26.5538196563721,5.0719199180603,11.625
RWA,2010,0.038206733709049,7.33465645016436,586.5999503598769,8.0,,34.395374562166,32.4029083251953,5.77316665562353,11.637
RWA,2011,0.0817592046252728,7.958388699090847,643.3561386181656,7.0,,42.049425685328,36.6210098266602,6.83723020553589,11.756
RWA,2012,0.0507668537320886,8.641508157081375,697.7601435095646,8.023900032,68.3300018310547,52.5466576287262,39.662769317627,6.70938666027303,11.671
RWA,2013,0.0250690955113609,4.719848569509239,695.3971409636074,9.0,,60.2988640030865,30.2092864949597,6.23149117030345,11.768
RWA,2014,0.0256670688163416,5.6684535423357545,715.3680878339302,10.60000038,70.8000030517578,68.1670448387062,41.8218654918977,7.35861774339014,11.837
RWA,2015,0.181485911280924,8.870367528727428,725.6914186969522,12.45600033,,75.2543165296423,39.4099042857311,7.53124856448318,11.831
RWA,2016,0.182235644842436,5.658745842027784,721.2585158330943,14.63710022,,74.8502057565523,38.506238583342,7.57807264441764,11.788
RWA,2017,0.178494450936973,4.703934397510608,751.0490395275472,17.2,,72.2764598764471,39.6912128982215,7.34488296090452,11.875
RWA,2018,0.0600656822760033,8.070842546216412,772.7549829593539,19.16659927,73.2200012207031,77.679469147812,41.1796940634956,6.76094647714264,10.759
RWA,2019,0.0695438976971303,9.286133874545428,823.3553040653044,21.3579998,,75.5985451901883,44.0779032495009,6.3142892660234,11.236
RWA,2020,0.135352981978881,-2.7771048551512507,802.6386869362043,23.8,80.0500030517578,81.2378724761376,,7.56709586345553,11.829
RWA,2021,0.238872174708692,8.41140448646523,842.5814929476722,24.4416008,,81.6381635400584,44.1820840550314,,15.775
RWA,2022,0.349951615372613,9.824973946516977,1007.059893229136,28.01679993,78.7600021362305,80.5952224850433,44.1547093958443,7.41325884733851,15.084
RWA,2023,0.445556123195211,8.559642929141532,1061.0578815407637,28.80579948,,91.4622704078141,45.1251505756161,8.88624308383425,12.352
SAU,2000,,4.71813422138024,11714.562367515857,2.21069180908888,79.3499984741211,8.50478825139905,,28.3759498596191,4.57
SAU,2001,0.0821528892261591,0.3445931961754382,10805.311325121997,4.6810531658103,,14.8382201294882,,27.2377300262451,4.618
SAU,2002,0.194194488163918,-0.6883901303177566,10586.05434713628,6.38470501955932,,27.9604163049225,,25.1049709320068,5.265
SAU,2003,0.244757386941564,8.768733817439639,11487.22041069298,8.00158289090878,,38.5283109116113,,26.6230297088623,5.563
SAU,2004,0.349272070232665,8.631005458803088,13154.497898944626,10.2345329969583,82.8600006103516,46.6497538318247,,26.2631301879883,5.822
SAU,2005,0.329758573611046,5.944896239348353,15975.747378225802,12.7050359882849,,68.8923141125755,87.1481628417969,25.1983699798584,6.051
SAU,2006,1.01670411457232,3.3134847362590136,17563.614537063942,19.4595543513634,,91.8023570744481,,24.5137691497803,6.254
SAU,2007,2.78570851543431,2.213653963725278,18596.15026278984,30.0,,126.96531919953,91.6758117675781,24.3000392913818,5.734
SAU,2008,4.50061635073047,6.237987536545802,22320.48889643311,36.0,,154.586869382726,,24.4659805297852,5.085
SAU,2009,5.93665265842843,-1.0667171124020314,17718.391164836474,38.0,,185.254752586687,99.7553787231445,25.0353107452393,5.377
SAU,2010,6.80363036670959,5.0395150823516985,22028.390142658573,41.0,,204.969243706992,,29.3244802795728,5.55
SAU,2011,7.47522997420673,11.758820686671044,27126.74987477018,47.5,,206.851813084871,,28.9419498443604,5.77
SAU,2012,9.38625903064258,5.761573822709678,28733.437551345218,54.0,,195.843368612361,,36.0444107055664,5.622
SAU,2013,,2.945637891520249,27865.465604962024,60.5,94.4300003051758,189.475618447684,93.0168905157466,43.163501739502,5.6
SAU,2014,,4.024671583806679,27805.48503194224,64.713657369019,,181.856566741136,98.8496091524944,53.1803840195563,5.877
SAU,2015,21.1361804985218,4.655123166526991,23256.154955353068,69.6162358014004,,176.134029034522,102.979200639837,57.0892771397236,5.6
SAU,2016,20.82681485606,1.7040473920287835,22267.721705038737,74.8792746891625,,156.041476006361,105.491550199825,63.9826623355369,5.6
SAU,2017,21.6139435772426,1.182107058782833,23929.290713598155,94.1755996113911,95.3300018310547,130.629718239662,106.244903966787,70.7471342981424,5.89
SAU,2018,22.4661479201746,3.2269508901591024,29360.065896856635,93.3100018480347,,136.046169550913,106.376211565111,73.1971736383918,6.029
SAU,2019,22.3213703520821,1.6515892561739491,29566.79338274359,95.7247355953812,,135.526154774497,104.048257824894,77.9664942011008,5.636
SAU,2020,25.4596763527151,-3.804789019963124,24338.830730106733,97.8623325,97.5899963378906,139.444194606554,104.411027399625,73.7510866368859,7.66
SAU,2021,33.7973610185654,6.519596983254189,31920.765365564308,100.0,,145.003757775499,104.280975297041,74.3924865722656,6.621
SAU,2022,41.8230078726101,12.000587475292887,38510.22762110374,100.0,,149.79788255308,122.158039993668,73.7492065429688,5.589
SAU,2023,43.5732045642216,0.5425924393931609,36156.85625001725,100.0,,157.775388696083,,,4.008
SDN,2000,,6.34586743997545,362.116882324219,0.0257850324762484,61.3499984741211,0.0826840092181885,,6.69480991363525,15.595
SDN,2001,,6.500360533968831,451.293304443359,0.140185224494161,,0.364157651795768,32.2981796264648,8.25726985931396,15.56
SDN,2002,,6.0064715363132,506.262634277344,0.439477639075583,,0.652707180849854,32.1063385009766,9.31309986114502,15.514
SDN,2003,,6.288808161465155,580.320251464844,0.538471703150458,,1.76355493295348,33.3529090881348,8.65738010406494,15.515
SDN,2004,0.0025951808767437,5.140888517626749,705.113342285156,0.791561615446385,,3.43152291268178,36.5913009643555,10.5490598678589,15.538
SDN,2005,0.0040591836006167,5.643515513436313,905.543640136719,,,5.84707964610828,36.3686599731445,11.823320388794,15.545
SDN,2006,0.006454650919819,6.531411746779199,1132.474609375,,,14.6382324446389,34.6569290161133,13.3374099731445,15.542
SDN,2007,0.129715006973326,5.735274236644841,1444.37219238281,8.66,,25.0825849667632,33.9691314697266,13.0165500640869,15.534
SDN,2008,0.132717780583976,3.8467447312105776,1527.58239746094,,53.5200004577637,35.6634431735922,35.8935012817383,14.3921899795532,15.566
SDN,2009,,-2.767704365991378,1178.22180175781,,,44.3745692867503,39.4921493530273,14.6098203659058,13.0
SDN,2010,0.038120087820776,3.858241952301072,1305.63598632813,,,51.0900410875249,39.6667785644531,14.8035297393799,15.168
SDN,2011,0.0482280334312411,-3.213532092533711,1332.6572265625,,,69.3293475524591,35.2129783630371,14.5120697021484,17.44
SDN,2012,0.0671366912133078,-17.004688404894466,1019.22210693359,,,74.908489729676,38.7272605895996,14.8181400299072,16.973
SDN,2013,0.068033405839313,1.9551446330242184,1138.62780761719,,,73.1963836514564,40.9434089660645,16.6676292419434,16.273
SDN,2014,0.0532180170690202,4.661379542298732,1275.43835449219,,,71.597721245773,42.046989440918,15.958589553833,15.41
SDN,2015,0.0701896299287803,1.9101768905275092,1292.37963867188,12.0,,69.8036331859409,42.5230712890625,15.8645696640015,14.39
SDN,2016,0.0639264882225092,3.467642184092881,1033.21594238281,14.0999999446534,,67.3954575547604,40.9556007385254,,13.656
SDN,2017,0.071519364027593,0.7092562847664396,966.505676269531,18.60000038,,67.0598253428254,43.0903282165527,,13.0
SDN,2018,0.070883060223742,-2.6809305497998963,731.027465820313,,,68.0533719238149,42.1366996765137,,12.347
SDN,2019,0.0719282386176834,-2.178251045300911,709.975280761719,,,72.4818502607404,43.5378608703613,,11.697
SDN,2020,0.0615141548276354,-3.62980082410752,577.795227050781,,,75.2207425678785,,,11.995
SDN,2021,0.0632992450276202,-1.8685204827206972,712.122009277344,,,71.767230205952,,,11.087
SDN,2022,0.0604394040047428,-0.9578165911191832,1046.24084472656,,,70.2084038614961,,,7.53
SDN,2023,,-29.433271627438742,797.283447265625,,,,,,
SEN,2000,,3.887210958167927,603.2331624551578,0.403967485868965,,2.51047825799086,15.2092504501343,,2.638
SEN,2001,,4.310851466183692,637.2135305637236,0.983794058848003,,2.9551817683876,15.5517797470093,,2.674
SEN,2002,0.0114654640159278,0.0686965747419066,669.4304473192087,1.00645453672323,39.2799987792969,5.28795799512603,16.9281692504883,,2.82
SEN,2003,0.0222270392725574,5.593950944561428,817.8880342214424,2.10143642986685,,7.29792142205295,,,2.781
SEN,2004,0.069836067007638,4.643293936833118,918.1020795221552,4.38602398008563,,10.2163287202352,19.9657497406006,4.75202989578247,2.775
SEN,2005,0.160456098328579,4.310238526396333,979.846101520171,4.78668408310535,,15.3986054168441,22.2482490539551,5.26141023635864,2.679
SEN,2006,0.251528378811512,2.3307709833023864,1017.2019674798736,5.61173865217952,41.8899993896484,25.9356401782455,24.2208805084229,5.46575021743774,2.755
SEN,2007,0.323966742178478,2.827119201333744,1188.9387780817513,6.889999866,,30.8470508593462,,6.1223201751709,2.8
SEN,2008,0.393046403427881,3.7031690639138617,1398.7921801002094,7.119999886,,44.7269593995631,30.7020606994629,7.75537014007568,2.816
SEN,2009,0.475951597213965,2.7521044845505287,1308.6940433620512,7.5,48.0400009155273,55.9396481702895,,7.9150800704956,2.807
SEN,2010,0.62243315671597,3.39088925336209,1275.883574923571,8.0,,66.0343828887904,37.1267013549805,7.62979751289774,2.795
SEN,2011,0.715438976017789,1.334091079612577,1374.6759187384446,9.800000191,51.810001373291,72.1733338879073,42.6368983156004,10.121109956384,2.853
SEN,2012,0.717937236744388,4.002995550904572,1326.837988483788,10.80000019,,86.1774562103062,46.4158677062967,10.2635537254668,3.896
SEN,2013,0.77845653467557,2.4123852760557867,1379.831965539237,13.10000038,43.5299987792969,95.7910921489982,49.0776594909389,10.5725397458545,5.012
SEN,2014,0.730365001608948,6.224074437909863,1398.891376013819,17.70000076,,101.608432443463,50.546931380439,10.8787568632408,5.849
SEN,2015,0.689431357378244,6.367043650669828,1218.0061355543774,21.70000076,43.5900001525879,102.508995376039,50.5380516052246,10.8409366679467,6.757
SEN,2016,0.654181134204409,6.356068572081355,1266.439571515872,25.66480064,46.0999984741211,101.010767153806,,10.8875992426245,4.455
SEN,2017,0.722423169961464,7.407486185895976,1354.7700719338682,29.64310074,51.9000015258789,101.831108002442,,11.3494415127099,4.078
SEN,2018,0.815734181499159,6.209241033888873,1452.556125624453,35.29999924,46.6100006103516,104.055698143919,,12.4178375059947,3.453
SEN,2019,0.929784903272944,4.613628097622097,1431.1812893215913,43.37969971,46.8300018310547,109.341890091569,44.4624552560012,12.60825139125,2.863
SEN,2020,1.05641006886622,1.342073772855244,1461.087203505526,53.30879974,,113.638091206029,44.7866297761573,13.3136624860931,3.432
SEN,2021,1.20966034985347,6.5440010991951,1598.1067695227428,55.04040146,,115.325093678501,45.1726204964815,14.6823561354842,3.436
SEN,2022,1.40365165848276,3.8504319375272473,1574.0281059305996,56.82830048,,118.150293497239,45.3756792066535,15.6478973478986,2.837
SEN,2023,1.97393200956788,4.257430833006566,1698.0338730084263,59.18740082,50.3600006103516,123.911572643075,44.0673682244069,16.0710053721835,2.784
SGP,2000,1.70993334977182,9.038316325551634,23852.83895147527,36.0,92.5500030517578,68.0850852922189,,,3.7
SGP,2001,3.66846235064378,-1.0708627510044837,21699.741486890685,41.6704251756041,,72.6792845575227,,,3.76
SGP,2002,6.51090021153191,3.923360767020128,22159.83737106388,47.0,,79.8911570400194,,,5.65
SGP,2003,10.0791519110154,4.548255426432291,23730.384005456584,53.8379432881911,,86.4376082131435,,,5.93
SGP,2004,13.0656708126766,9.939982684349571,27608.08001342299,62.0,,95.6367801029868,,,5.84
SGP,2005,15.3735717010077,7.366322392507584,29961.31728127316,61.0,,102.723197927824,,,5.59
SGP,2006,17.8781400199407,9.006766078717575,33768.452823465144,59.0,,108.657521639152,,,4.48
SGP,2007,20.145697338092,9.021519512688926,39432.88601988765,69.9,,128.882425054634,,,3.9
SGP,2008,22.2853696506635,1.8634834546203507,40008.57204890916,69.0,,133.454246858734,,,3.96
SGP,2009,24.8260665849798,0.1279533827780881,38926.80543654528,69.0,,138.567088142902,,,5.86
SGP,2010,26.3619521238271,14.519749710899404,47236.68308495301,71.0,95.8600006103516,145.451637517643,,93.2696812803906,4.12
SGP,2011,27.1735826927318,6.214934168589892,53891.45702643717,71.0,96.1900024414062,150.404101393239,,95.9817452372883,3.89
SGP,2012,27.0679759849169,4.435497593785371,55547.55530777861,72.0,96.370002746582,152.410387392459,,101.99681244982,3.72
SGP,2013,27.7295626772787,4.817630991206755,56967.42579403833,80.90209961,96.5500030517578,156.679270675737,,,3.86
SGP,2014,27.0067241979516,3.9355402770900696,57564.80231149774,79.0292358633435,96.7200012207031,148.478352479892,,,3.74
SGP,2015,26.8978922564041,2.976799316348064,55645.60686146057,79.0129570025584,96.8300018310547,149.006215002154,,,3.79
SGP,2016,28.5392609803278,3.91095306322606,57204.03401052223,84.4522678893074,97.0500030517578,151.681717052742,107.745868589242,83.9409778236648,4.08
SGP,2017,26.3326099315534,4.326793707705008,61436.132550255774,84.4522678893074,97.1999969482422,149.567868255938,107.472873863465,84.7929138455372,4.2
SGP,2018,26.50873593831,3.186608484740745,67032.82257697343,88.1656360313447,97.3399963378906,152.07381696158,105.745250914262,88.8864453410769,3.613
SGP,2019,26.5276177370284,1.1587794730010756,66068.70031063778,88.9492526850762,97.4800033569336,159.347378272364,104.621987875083,91.0889904414776,3.1
SGP,2020,26.8622723592787,-3.610842817299286,61772.50364922556,92.00434653,97.129997253418,150.259334715266,103.115839213946,93.134767179468,4.1
SGP,2021,27.5210996900631,10.141084519719158,80884.85653692365,96.92468156,97.6500015258789,157.977675166643,102.951274385922,97.0989103061521,4.64
SGP,2022,27.5510032505086,4.010278844722961,91227.69704264923,95.95386476,,173.005291258141,103.009804103267,98.02222650098,3.591
SGP,2023,27.4343636046425,1.4502677588956487,86382.59004992525,94.28518987,,173.199932977376,103.082801906213,97.2886546863037,3.444
SLB,2000,,-14.27699951493544,953.1719013770598,0.481296806114395,,0.261312373856049,19.1796207427979,,2.446
SLB,2001,,-7.956605504549174,911.7919353854104,0.468551963584141,,0.21530754244364,23.1048603057861,,2.642
SLB,2002,,-2.7999838935950976,756.8902964907919,0.501919843401009,,0.218279069462562,30.1493606567383,,2.698
SLB,2003,,6.523467609216937,895.9842425465007,0.555609881855115,,0.227392664226843,,,2.286
SLB,2004,0.0421397734144384,7.68364102152745,986.0709535038892,0.64967267325146,,0.632096601216575,,,2.026
SLB,2005,0.0931522729154591,7.35907917681935,1144.4923339768086,0.844299972,,1.24203030553946,30.6725997924805,,1.879
SLB,2006,0.132222931931635,4.137262396648978,1255.62447417684,1.646299958,,1.42393926695607,35.7089614868164,,1.916
SLB,2007,0.199937619462728,3.6397349956910574,1390.1487095670689,2.0,,2.17932005214373,36.7365608215332,,1.978
SLB,2008,0.294817115116256,6.225906362478511,1525.846662612026,3.0,,5.89634230232512,,,1.998
SLB,2009,0.385995317876794,2.864863096306508,1554.7067100638596,4.0,,9.64988294691985,,,2.02
SLB,2010,0.473199141411867,9.708172354914808,1685.145358237572,5.0,,21.6710946998694,50.952808380127,,1.617
SLB,2011,0.43946504625234,7.430237520993018,1924.0579564313296,6.0,,49.7105498738573,49.3238906860352,,1.292
SLB,2012,0.371683699263955,2.4659183771243818,2066.257386383555,6.997399807,,52.6750068862599,49.0498504638672,,0.984
SLB,2013,0.316667927287396,5.23744704670068,2161.386275439168,8.0,,54.3083814470245,,,0.694
SLB,2014,0.216401797350658,1.1894550954777827,2164.9528987300178,9.0,,61.0619411646469,,,0.73
SLB,2015,0.222077993165628,1.675786120308146,2045.477215266493,10.00049973,,66.42196382631,,,0.736
SLB,2016,0.247441419489446,5.554943482579915,2082.6238312421337,11.00090027,,62.8902788282841,,,0.736
SLB,2017,0.170052153216115,3.075461761445908,2143.5767048927164,15.14840031,,67.8649558389434,,,0.727
SLB,2018,0.209843167616461,2.745852448290549,2278.19908624102,20.8593998,,67.9774813460988,,,0.722
SLB,2019,0.143514977058204,1.7492524448595077,2223.658909424658,22.48880005,,65.6620160489572,,,0.746
SLB,2020,0.134318695281922,-3.381259258394053,2063.3278099196723,24.1984005,,63.6670615636308,,,0.868
SLB,2021,0.131131891144795,-0.2279752927920242,2043.4441317065823,26.03790092,,62.1565164026326,,,0.879
SLB,2022,0.107033208461257,-2.584483617557225,1877.7810449095557,28.01729965,,62.0734995506142,,,1.475
SLB,2023,,2.841118511548075,1882.6439414804188,28.67239952,,,,,1.443
SLE,2000,,6.652730284047664,143.74374323964406,0.118254245682183,,0.269915234409174,,1.67453002929688,4.137
SLE,2001,,-6.345455633284686,358.3157160515458,0.160264445493032,,0.573122260115464,25.5431499481201,2.11300992965698,4.235
SLE,2002,,26.52413506744091,388.99511121683577,0.176198956814076,,1.34769940671054,,1.98783004283905,3.909
SLE,2003,,9.48363126885343,413.8176073469269,0.190173281668183,,2.18657481612929,,,3.879
SLE,2004,,6.478845884173467,417.7499833292271,0.203007680592588,34.8300018310547,,,,3.42
SLE,2005,,4.3534998069981015,462.6333244279451,0.215399995,,,,,3.734
SLE,2006,,4.283110622643349,580.26796974773,0.227699995,,,,,3.89
SLE,2007,,3.749758047516409,631.8899262649983,0.239800006,,13.4971732466546,,,4.022
SLE,2008,,3.686059699321234,705.3590140800051,0.25,,17.113614518208,,,4.132
SLE,2009,,1.5308032395871578,652.8458067679428,0.25999999,,19.1556771977754,,,4.268
SLE,2010,,6.355665958004948,685.0396734909484,0.579999983,,32.1403169099528,,,4.34
SLE,2011,,8.100655187149172,761.146365577281,0.899999976,,33.4572729332228,40.4235687255859,,4.388
SLE,2012,,10.578331663386976,937.504428180231,2.5,,33.7348956202641,44.5522918701172,,4.378
SLE,2013,,14.663323807522914,1117.471830751147,4.0,,59.5765507292095,39.2237892150879,,4.376
SLE,2014,,-7.815015124572412,1117.758646572104,6.057300091,44.3698913332904,69.1758823858757,,,4.678
SLE,2015,,-4.363332620937882,964.5759808889884,6.344399929,49.4000015258789,80.3818885694169,39.8463706970215,,4.483
SLE,2016,,6.437436527642575,844.4164111754764,7.680099964,,87.1475941136892,42.1386795043945,,4.182
SLE,2017,,3.207860877159874,779.1860078417283,9.297100067,44.8300018310547,89.7781754066341,41.5312194824219,,3.656
SLE,2018,,2.893856412367697,845.9145404609322,14.42230034,48.8143667728528,84.1233437327877,43.119270324707,,3.192
SLE,2019,0.002224524058551,5.502709373781528,843.7125173041702,15.71370029,43.5800018310547,87.0384355077496,61.1980781555176,,3.204
SLE,2020,0.002274864841433,-1.2533490322766028,845.2775582361819,17.12080002,,87.0034823125467,62.5606803894043,,3.509
SLE,2021,0.0022731197902009,5.896852704709403,885.3964016137294,18.65390015,,101.636782141976,73.4251403808594,,3.551
SLE,2022,,5.313554614191503,860.371067874555,21.50880051,,107.882000873042,,,3.137
SLE,2023,,5.7100218981806,758.3291373018876,23.71360016,,,86.9079513549805,,3.092
SLV,2000,,1.1279069767441854,1982.870935426154,1.17739726914477,,12.5118998224239,54.8399314880371,19.7553405761719,6.96
SLV,2001,,0.8796136598827218,2058.044590704517,1.5,,14.3728782887572,57.1768608093262,18.9663391113281,6.96
SLV,2002,,1.5729184475978857,2115.4118735562624,1.9,,14.8467142872176,60.6978416442871,19.7187805175781,6.2
SLV,2003,0.326759631707337,1.5653930314761766,2207.830895180691,2.5,,19.1676423111463,64.1438369750977,20.5764999389648,6.9
SLV,2004,0.488303189300463,0.8894044856921965,2285.6890743889217,3.2,,30.519224117358,67.8388290405273,21.6425590515137,6.8
SLV,2005,0.704578310364132,2.68083009363194,2447.3914084539406,4.199999809,,40.1585492686965,67.6287612915039,22.4542694091797,7.22
SLV,2006,1.02433742691783,4.336998602860405,2665.618071948525,5.5,83.5599975585938,64.1687154581421,67.4043807983398,23.2541999816894,6.57
SLV,2007,1.49357119276704,1.8476022058785877,2830.6569377073274,6.11,82.0299987792969,102.122474801259,67.3213119506836,24.743709564209,6.41
SLV,2008,2.04781751504363,2.1544029828276763,2983.2482957797565,10.08,83.9499969482422,115.282146492369,66.1245803833008,25.5441799163818,5.88
SLV,2009,2.47022334783167,-2.108768376275222,2910.186517520108,12.11,84.0999984741211,125.097486408944,66.7064819335938,25.9216804504394,7.33
SLV,2010,2.88837850918774,2.1541953669363494,3040.0730095287786,15.9,84.4899978637695,126.895517965726,68.1448218125398,26.3151708858206,4.893
SLV,2011,3.38252387840188,3.806881134292951,3330.6004948665272,18.89999962,85.4899978637695,136.551339569766,69.7446217742312,27.32486420544,4.297
SLV,2012,3.95978066642405,2.822623718023266,3497.912569155091,20.3213877242007,85.4624559924635,141.462796298644,70.8309781500769,28.0979076272602,3.843
SLV,2013,4.6332539426429,2.235624391983748,3582.266940051694,23.1093,86.7699966430664,146.475563213174,72.2452860122263,28.2731299038736,3.693
SLV,2014,5.17470921011106,1.7087062835707345,3666.012489138733,24.7617121459061,87.4125334516516,149.171006440904,71.3858349113676,27.5441027812368,4.154
SLV,2015,5.7085946935124,2.400000088521153,3790.340891081616,26.8026049600572,87.9700012207031,150.947947466847,70.725825383614,27.3929262374809,3.998
SLV,2016,6.37509676170817,2.539062411358642,3901.3401496581087,28.99710083,88.1399993896484,155.419607147465,68.2966095615156,27.1794802471695,4.418
SLV,2017,7.26258313909333,2.247619081341384,4020.126713739188,33.8207289048526,88.4800033569336,152.538724748062,66.1074423967185,27.6409104549006,4.385
SLV,2018,7.91447387354624,2.412444223779204,4183.546209713581,43.79999924,89.0100021362305,151.668612868534,66.9325713689265,28.194336537252,4.006
SLV,2019,8.43878438871173,2.437471590657836,4320.116715346275,50.4911940673888,89.1399993896484,167.088631599992,64.8486537180759,28.5178063545936,4.17
SLV,2020,8.53679094316574,-7.8931013598670035,3997.192795837087,54.60136976,89.9800033569336,159.575329772708,65.1837191291627,30.9986370324013,5.008
SLV,2021,9.07178351163771,11.904761701595676,4642.607431013421,57.26380157,89.0586486323527,176.973446325336,64.9813787512946,30.3043325211094,4.327
SLV,2022,9.73832698625659,2.9546041089331965,5074.60050994225,60.05609894,89.3537151570456,183.248955984561,65.2267824913058,31.4538910186841,2.999
SLV,2023,11.6271746145254,3.355087216461655,5319.719526868796,62.61989975,89.8499984741211,179.705636976149,65.5709865566541,32.3802636612661,2.992
SMR,2000,,2.1793797150041883,37600.70491363089,48.7994953055999,,54.1176909586179,47.660400390625,59.3199005126953,
SMR,2001,,5.578342904019678,39035.10043482163,50.3416690898517,,58.409166267546,,,
SMR,2002,,0.3108003108003032,41790.8434204136,50.8348399446985,,60.9617693063184,,,
SMR,2003,2.15494020040944,3.872966692486443,52529.913696757554,50.003453038674,,60.6974823115325,,,
SMR,2004,3.81519696486189,4.548844146159595,58232.04313387646,50.5663430420712,,60.5786618444846,,,
SMR,2005,4.26991460170797,2.425106990014257,59877.78626921852,,,60.0237995240095,,,
SMR,2006,5.1136756271163,3.830083565459617,63270.7994496499,50.2086593635889,,60.0856886186165,,,
SMR,2007,5.45435939418747,7.109322602280344,70124.42499847675,50.3648221088655,,59.694364851958,,,
SMR,2008,16.4977610181475,-0.5009392611145813,75902.16777011874,54.52,,82.1588498703747,62.9629592895508,65.980110168457,
SMR,2009,18.0990362246594,-10.320956576463177,62429.0202738462,54.21,,99.531405782652,63.9632110595703,,
SMR,2010,19.5663531870428,-5.473684210526315,56543.19056206803,,,99.8791797283177,66.6119766235352,66.4068036853295,
SMR,2011,20.3239143274581,-8.314773570898296,55601.40081399548,49.6,,110.245888899251,65.9253387451172,64.2955801104972,
SMR,2012,29.5873547076224,-7.044534412955457,47945.89175571052,,,107.568649714644,64.1398315429688,59.8490048043926,
SMR,2013,30.4312908982748,-0.7839721254355396,50807.820634019314,,,109.399167162403,,,
SMR,2014,34.6923647146034,-0.7023705004389882,51260.48042368054,,,111.489992587102,,,
SMR,2015,34.3382201115011,2.291503094606554,43146.80353020054,,,108.032211439191,,,
SMR,2016,35.127777289892,2.344412118104586,44359.45742069707,55.0,,107.051901290946,,,
SMR,2017,30.5427889929606,0.2582598997094436,45192.053004759866,60.18230057,,110.535807784048,,,
SMR,2018,31.4460308725998,1.493903997960743,47950.70762968084,,,111.500477859191,60.3284671532847,45.421020282729,
SMR,2019,31.9770294058234,2.065690829209529,46626.99985715676,67.85070038,,111.822930193634,61.0058309037901,50.2355712603062,
SMR,2020,31.6373781241911,-6.64791226034481,44426.62596136715,77.94999695,,112.168886076677,61.8604651162791,55.0960978450786,
SMR,2021,34.7101700798334,13.897785759408876,54168.97443111931,81.66999817,,115.700566932778,61.0071942446043,57.6704545454545,
SMR,2022,35.7876210032268,7.898446782303623,54264.58370229075,97.32790375,99.9100036621094,120.269873863303,61.6779239246356,53.7988826815642,
SMR,2023,,0.4019323715328369,59871.3288101478,97.33640289,,,60.7940446650124,51.1357340720222,
SOM,2000,,7.11031431133236,386.1192744012752,0.02,,0.905109148809335,,,18.678
SOM,2001,,7.110314311432404,244.91484253845545,0.0790391786670095,,0.924064409246167,,,18.665
SOM,2002,,7.630267293310467,229.5989183100392,0.115614213354469,,1.04711351118836,,,18.658
SOM,2003,,7.63026729332455,286.27302519897466,0.376198002539086,,2.01833516211319,,,18.648
SOM,2004,,7.110314311256076,375.4103262253873,1.05345474358422,,4.86334108809281,,,18.653
SOM,2005,,7.110314311314596,439.9799078054776,1.077299953,,4.6973815292194,,,18.671
SOM,2006,,6.486370732739076,457.99666220665927,1.100200057,,5.01116030956944,,,18.705
SOM,2007,,6.694351925525524,479.6356280652894,1.122200012,,5.29914466505961,6.01468992233276,,18.687
SOM,2008,,6.694351925820087,507.03744334738,1.142699957,,5.37593658761268,,,18.714
SOM,2009,,6.694351925561875,246.5132516751049,1.160599947,,5.35899363283001,,,18.724
SOM,2010,,6.69435192550543,219.2024538523968,,,5.28635539640489,,,18.741
SOM,2011,,6.694351925677552,235.3259456104336,1.25,,14.5762796961332,,,18.761
SOM,2012,0.320997403131009,6.694351925566977,350.2619467205121,1.376700044,,18.457350680033,,,18.771
SOM,2013,0.466215173532281,10.959298616431056,393.3987039529792,1.5,,40.2732207402969,,,18.655
SOM,2014,0.524757653796535,8.978005905746173,429.4316567251017,1.629999995,,41.2309585125849,,,18.595
SOM,2015,0.593903235635527,10.462188123514691,445.583080073396,1.75999999,,42.2685278435236,,,18.495
SOM,2016,0.641171280544494,7.034872600421622,460.928490585175,1.879999995,,46.366719307758,,,18.611
SOM,2017,0.656984899202092,14.735795604519453,510.93995231772567,,,47.725260177752,,,18.455
SOM,2018,,2.054315072610692,509.49727380453385,,,49.5262671956948,,,18.7
SOM,2019,0.611316681940227,2.800333125130124,539.9548162116943,2.731400013,63.6579378279423,51.3194116563494,,,18.828
SOM,2020,0.714663593733325,-2.764556962025324,518.1611333387503,15.02369976,,53.1133178401473,,,19.414
SOM,2021,0.68899907598855,3.4471985003124246,549.0569947562539,23.87479973,,51.2059481348129,,,19.662
SOM,2022,0.668468085170923,2.7182120205375924,573.1411657982293,27.6,54.1199989318848,49.6800986995936,,,19.112
SOM,2023,0.722963033976147,4.175242575713028,596.885985135589,26.12010002,,53.9579646939598,3.34785008430481,,18.96
SRB,2000,,6.055089728864502,974.7254692786152,,,,91.1882629394531,,12.6
SRB,2001,,6.778522793680835,1812.42088281393,,,,89.7503128051758,37.7618789672852,12.8
SRB,2002,,6.541046003092561,2390.7345944710696,,,,88.7098770141602,35.6637191772461,13.8
SRB,2003,,4.559689979350878,3153.901131275404,,96.4000015258789,,88.2943801879883,39.6133613586426,15.2
SRB,2004,,6.686868368637008,3597.087980570085,23.5,,51.1718128306345,88.1681365966797,40.9337997436523,18.5
SRB,2005,0.447963595700481,5.903496229354886,3807.974173217865,26.29999924,,73.7200175354083,88.5904083251953,44.205249786377,20.85
SRB,2006,1.6375541739356,3.900666446209925,4492.7136699046005,27.2,,89.3758549177073,88.9565811157227,46.819580078125,20.85
SRB,2007,4.40450123718982,7.832070230276017,6081.087657002025,33.15,,114.29611072521,89.437370300293,47.966869354248,18.06
SRB,2008,6.21192878485846,5.1608932723182335,7376.735179107163,35.6,,130.694616797607,90.4638137817383,48.6653785705566,13.67
SRB,2009,8.06268345735953,-3.1426107541657444,6414.044846384702,38.1,,135.323308847551,91.4844589233398,49.8496704101562,16.116
SRB,2010,11.7956770547049,1.6109728144941189,5970.926609400724,40.9,,136.015037810579,91.4276275634766,49.0825119018555,19.204
SRB,2011,13.442273512,0.0542724836581953,7082.286166607503,42.2,97.9599990844727,141.043436487447,93.6310501098633,51.5937690734863,22.959
SRB,2012,14.8105248871613,-0.4439560709832477,6263.040860728149,48.09999847,,127.199184289925,94.1696166992188,53.5000305175781,24.0
SRB,2013,16.4163582396862,0.4515788053307261,7040.418120687808,53.450364175,,128.668140961621,94.4092102050781,56.3808784484863,22.154
SRB,2014,16.7418077691238,-1.8042704168113204,6886.67809068704,62.0750804639377,,131.35311754636,94.3444137573242,58.0549697875977,19.223
SRB,2015,18.6568767159217,1.2957386351958036,5820.321557688796,65.3170254003801,,129.383588087229,96.6696090698242,58.2876892089844,17.66
SRB,2016,20.6094025912635,2.9751980716082613,5982.370301264708,67.0568413716938,98.8399963378906,129.17749484679,96.234733581543,62.1369705200195,15.257
SRB,2017,21.1492657800305,2.3634031250553,6548.036538241869,70.3308355269141,,123.142754551775,95.4950866699219,66.4867401123047,13.477
SRB,2018,22.2890953800272,4.649350354910069,7559.861657473944,73.360709154564,,121.074823902706,95.0872421264648,67.1586608886719,12.733
SRB,2019,23.4424592934158,4.750207938990144,7755.632986436999,77.4167736219802,99.4800033569336,122.047741314232,94.4721908569336,67.7898406982422,10.395
SRB,2020,25.1834994361532,-0.9500239918515944,8098.709556688485,78.36804864,,120.216859464106,92.2411727905273,68.1431121826172,9.011
SRB,2021,26.4794202826056,7.949056504722776,9680.527980744677,81.16588116,,125.075587327252,92.3795013427734,69.1800231933594,9.843
SRB,2022,29.3457941392192,2.7034770554365366,10024.819111259634,83.53825397,99.3399963378906,129.813149647571,91.9540023803711,69.8046798706055,8.439
SRB,2023,31.2695286708104,3.747933035617706,12281.707946166956,85.35746686,,128.471147595832,,73.2060012817383,8.268
SSD,2000,,,,,,,,,12.309
SSD,2001,,,,,,,,,12.278
SSD,2002,,,,,,,,,12.235
SSD,2003,,,,,,,,,12.234
SSD,2004,,,,,,,,,12.256
SSD,2005,,,,,,,,,12.266
SSD,2006,,,,,,,,,12.268
SSD,2007,,,,,,,,,12.266
SSD,2008,,,1654.211535465546,,26.8299999237061,,,,12.298
SSD,2009,,5.041641879833421,1323.220687478618,,,,,,12.438
SSD,2010,2.05213384468404e-05,5.493416395299448,1498.2703498519422,,,15.3910038351303,,,12.473
SSD,2011,3.88798369068601e-05,-4.640316736008586,1448.9843500640816,,,17.4959266080871,10.8023195266724,,12.585
SSD,2012,0.0001580477936528,-46.082122374300695,1109.2605008340763,1.5,,21.3829367883201,,,12.803
SSD,2013,0.000895553799275,13.129731140694332,1650.1894335352792,2.200000048,,25.5521917559795,,,12.665
SSD,2014,0.0008900698731552,3.37364847715736,1242.7345018103244,2.599999905,,25.599272919722,,,12.561
SSD,2015,0.001350431476361,-10.793364627114316,1080.1471862476544,3.0,,26.0993389998038,11.5348100662231,,12.464
SSD,2016,0.0013850285066567,,,3.5,,24.930513119821,,,12.854
SSD,2017,0.001949478485263,,,4.1,,27.1848244017002,,,12.983
SSD,2018,0.0019757033923913,,,4.800000191,,18.9297575209348,,,12.853
SSD,2019,0.0019187626590366,,,6.671000004,,21.3171365460584,,,12.656
SSD,2020,,,,,,,,,14.246
SSD,2021,0.0018406409848165,,,,,30.151042999214,,,13.95
SSD,2022,0.0018146882134276,,,,,48.4888320004297,,,12.475
SSD,2023,0.0017416484040317,,,,,46.6152369503945,,,12.374
STP,2000,,0.4483682616929485,529.0893834122617,4.6385168164075,,0.0,,,14.4
STP,2001,,3.064482957887193,518.88050130005,6.31091788794615,84.9100036621094,0.0,,,15.73
STP,2002,,3.3601881682219954,568.1025725227101,7.580665168911,,1.3206867571137,,,17.63
STP,2003,,8.291519461198178,663.6962118104944,10.1618443069961,,3.13300479800278,36.1393585205078,,16.36
STP,2004,,3.537905943568404,726.5608821304438,13.3228526892178,,4.91106813354047,39.6760902404785,,16.12
STP,2005,,6.614624750335992,844.1691818842738,13.75949955,,7.39487376190152,43.0029182434082,,16.47
STP,2006,0.07546577476183,8.866109359440259,861.9707076976637,14.18200016,,11.1230514736957,,,16.65
STP,2007,0.181496758986447,3.641471851660242,878.8857919187451,14.5904831987414,,17.736593989393,46.4745101928711,,16.021
STP,2008,0.197936625755928,6.228785069610197,1081.868458472896,15.47999954,,29.0869022342672,43.6149482727051,,15.421
STP,2009,0.249082107133419,3.3023996664506114,1128.2804621330542,16.40999985,,45.4470827031312,49.2131805419922,3.92682003974915,15.136
STP,2010,0.321778638298809,1.4484552289063544,1045.2095823452787,18.75,,56.5065290810882,50.2788581848145,4.22901010513306,14.628
STP,2011,0.396985709591756,1.9994321033325944,1219.801890896708,20.16119957,,61.9653216553819,48.8370208740234,,14.229
STP,2012,0.410686289517998,2.9429427741602296,1210.7926479817024,21.57239914,90.1399993896484,64.4914721889368,56.3386497497559,7.83568000793457,13.59
STP,2013,0.506347464120778,5.11967735428513,1382.5757842916,23.0,,64.8875473729989,63.3046607971191,,12.476
STP,2014,0.559036830362815,4.906210486648675,1489.67633417608,24.40999985,,65.3056660923834,74.2815475463867,9.24396991729736,11.428
STP,2015,0.656045453864627,1.5397042826734977,1298.1094659639627,25.81999969,,92.3511291071491,82.4009170532227,12.8210802078247,10.591
STP,2016,0.69959595265331,5.17682468684113,1434.8701805052076,28.0,,87.4112004084658,83.8791198730469,,9.684
STP,2017,0.714596318307001,4.112979662819541,1555.794778128885,32.61640167,,84.0522781079383,90.4435729980469,,8.808
STP,2018,0.740768934329906,4.378128082649724,1825.5997175396567,37.99380112,,77.3644421396185,,,8.712
STP,2019,0.769475894129115,2.0143167212940654,1935.2931816596,44.25790024,87.4400024414062,77.6791069955762,,,8.835
STP,2020,1.15528778715478,2.624859495438116,2167.220017969252,51.55469894,,80.1172764274381,,,9.679
STP,2021,1.54216281238596,1.899298913378317,2362.5882724810217,54.94950104,,85.2577705092336,,,9.563
STP,2022,2.02470117761428,0.1686984922165635,2389.7372978473672,58.56779861,,86.7784626941517,,,8.964
STP,2023,2.50139688397417,0.3722527750014563,2990.6606143534955,58.70130157,,63.4540500972405,,,9.032
SUR,2000,,2.099998867504894,1988.2217292543255,2.50641105226881,,8.6118961151218,,,12.873
SUR,2001,,4.200000420835394,1714.648466372421,3.06444838873752,,17.8806313712595,69.0101776123047,,12.047
SUR,2002,0.018930583162656,2.80000068850687,2202.3406821960007,4.1615687449541,,21.8231359920733,70.4287109375,11.2604503631592,11.187
SUR,2003,0.0426528492498233,6.299999433141366,2516.1040402095623,4.71987539528956,,33.2775160244385,,,10.336
SUR,2004,0.0817243050028895,8.500000184794132,2887.772172884396,6.0760478144456,89.5999984741211,41.410678253357,,,9.49
SUR,2005,0.213166240783497,4.500000210868876,3453.428659377645,6.40308628759062,,44.8255676249198,68.3932418823242,,9.302
SUR,2006,0.505907652805635,5.793543584633042,5002.657986957588,9.49960041,,60.952729253691,69.8493118286133,,9.142
SUR,2007,0.791878210826039,5.111487777734581,5530.176156383091,14.11,,71.560932250629,70.2995910644531,,9.017
SUR,2008,1.07139200923229,4.143406811656263,6576.085463072488,21.05999947,94.620002746582,122.310305354168,70.8968505859375,,8.854
SUR,2009,1.66842051040532,3.013698982662106,7129.576862629098,31.36,,140.536602596179,68.5604400634766,,8.72
SUR,2010,2.75365823942625,5.168825152258137,7943.604828169148,31.59,94.6800003051758,94.7707224465971,70.6480069546381,,7.15
SUR,2011,4.16345329328077,5.849367671730093,7949.888672183829,32.0,,95.9107913617333,68.2217083635148,,7.54
SUR,2012,5.20197002308787,2.6903497466884687,8851.240506689084,34.68119812,92.870002746582,101.14390730725,68.4763406082679,,8.1
SUR,2013,6.51910301922604,2.9334416518612016,9043.192815292216,37.40000153,,152.648413061052,68.5071438994946,,6.6
SUR,2014,8.06433391904034,0.2555030316454747,9108.18905406764,40.08000183,,161.251918320811,67.3043899536133,,6.94
SUR,2015,9.05924243544402,-3.413042680676213,8813.61705392067,42.76380157,,129.027366336157,70.1560287475586,,7.22
SUR,2016,12.1167421230202,-4.911660509058507,5644.206105753196,45.40000153,,137.281393501056,71.6250318633699,,7.917
SUR,2017,11.9951895949727,1.566037825348971,6049.521285536751,48.94520187,,134.049784997128,,,7.905
SUR,2018,12.2059071279522,4.948271084688855,6665.741804722391,55.10210037,,125.480181413914,74.745979309082,,7.817
SUR,2019,13.2740587155479,1.167589772338772,6629.667752486033,62.03350067,,134.34912375695,74.4114544472174,5.26435130947432,7.755
SUR,2020,15.0689920417039,-15.975191714862191,4755.392217106932,,,146.874739718153,73.11669921875,5.30574712643678,8.973
SUR,2021,19.899950800782,-2.435385836128376,5029.848385439529,,,146.654129497521,65.6294708251953,8.45416298008342,8.706
SUR,2022,20.0260284612076,2.40622235601218,6084.438767364452,,,149.052255906952,78.0214761948254,5.02487384130847,7.973
SUR,2023,17.5373597122531,2.4165921500694623,5521.97602122638,87.4,,157.24614636039,76.1109237670898,4.93785087797966,7.699
SVK,2000,,0.7892244779251598,3827.725065013143,9.42680320061637,,23.1177738137126,,,18.546
SVK,2001,,2.9251607724848867,3974.3680285465302,12.5283218484637,,39.9173928424108,87.4630432128906,30.8164901733398,19.148
SVK,2002,0.0759248212242882,4.41725348271514,4606.38793538107,40.14,,54.3613352057613,88.5775680541992,32.7422409057617,18.541
SVK,2003,0.417786107500545,4.856698515913195,6283.151693113094,43.04,,68.4270811555234,91.0334014892578,34.5505905151367,17.549
SVK,2004,1.46509381072083,5.389498569967714,7996.740765568724,52.89,,79.5225777793981,93.7951812744141,36.6599617004395,18.206
SVK,2005,3.37638642325815,6.484932222743865,9087.203570024718,55.19,,84.445444645828,95.3483963012695,40.7710609436035,16.276
SVK,2006,5.66531010930944,8.925687047702155,10629.17823258384,56.08,,91.0056192794065,95.5382995605469,45.0326881408691,13.395
SVK,2007,10.1667119521503,10.818629507490355,14330.206494392578,61.8,,112.852224819086,95.3289337158203,50.5563583374023,11.16
SVK,2008,11.24139264415,5.363377212319492,17973.84364355136,66.05,,102.619815137048,94.7546234130859,54.1637115478516,9.514
SVK,2009,14.3926739711792,-5.5053379097222575,16586.752780522773,70.0,,102.091819368094,94.39501953125,56.7700996398926,12.023
SVK,2010,16.2644145767381,6.790581591424228,16899.448680528953,75.71,,109.888273989767,94.7793426513672,58.0442390441895,14.387
SVK,2011,17.6561458836789,2.5624247321555345,18469.43543168364,74.4399971746757,,110.836202084841,94.9994125366211,57.1524887084961,13.634
SVK,2012,19.3434773928924,1.569171047027055,17516.969105407792,76.7099901181121,,112.758768895687,95.0492630004883,57.0384407043457,13.966
SVK,2013,20.4985858774048,0.7033235452472013,18312.780514982347,77.8826,,114.749126777911,93.529670715332,55.253978729248,14.226
SVK,2014,21.9975144176702,2.70795151449488,18770.9289896545,79.9843017656729,,117.780685215586,92.7571029663086,53.8843002319336,11.536
SVK,2015,23.5008610259474,5.176879097221331,16442.07608600175,77.6346820339875,,123.158867497202,91.8957290649414,52.7206687927246,11.492
SVK,2016,24.626445872585,1.9478184152455784,16636.076913307334,80.475857275668,,128.792489910653,91.4534378051758,50.3014488220215,9.679
SVK,2017,25.8590797873319,2.8747332745369505,17645.529871676117,81.6256675172655,,130.944551759663,91.2535934448242,49.1256103515625,8.142
SVK,2018,27.6953839189658,4.062119818964831,19573.37170313141,80.4489224826099,,133.040480361667,91.7815399169922,47.8138313293457,6.544
SVK,2019,29.181106904051,2.275899100193925,19406.0589683582,82.8536605021784,,135.755672834643,91.3246917724609,48.1902389526367,5.761
SVK,2020,31.192548373756,-2.585512417332069,19735.48582808005,89.92090413,,133.632904273198,90.813346862793,48.3790016174316,6.719
SVK,2021,32.6060735005904,5.6558588065555,22123.334211454523,88.92560523,,135.268252737261,91.0899124145508,50.7342491149902,6.894
SVK,2022,33.9988127597088,0.544591632137454,21317.794398236263,89.06766196,,136.029289645522,92.2043075561523,52.4959106445312,6.143
SVK,2023,33.17259432898,2.112636332149592,24614.87346427939,87.2131343,,138.232946210214,92.6436767578125,53.417610168457,5.843
SVN,2000,,3.4979194208606827,10135.721910921158,15.1102595640388,,61.183370780183,,,6.918
SVN,2001,0.27642649894782,2.8286847943046496,10375.625586986062,30.1759104700854,,73.8855363101284,108.754692077637,60.8455085754395,5.682
SVN,2002,2.84875465210397,3.282583713939175,11639.129778047698,27.8388854180687,,83.71447278833,109.761543273926,66.6545715332031,5.922
SVN,2003,2.91052903653218,3.1950311723603733,14711.674874253047,31.8547930120441,,87.285055382963,111.062507629395,69.6047668457031,6.479
SVN,2004,5.77207938621902,4.546022143523359,17103.82977839046,40.81,,92.7311397535546,98.896858215332,73.348876953125,6.012
SVN,2005,9.84769499337478,3.854127711456897,17969.70959071607,46.81,,88.0975344957269,98.4314880371094,81.2728118896484,6.506
SVN,2006,13.9689503443139,5.908781300111741,19563.005059144023,54.01,,90.8371665317101,97.2324523925781,85.2738876342773,5.95
SVN,2007,17.1127091320542,7.139231291471603,23725.15960015153,56.74,,95.7428364606947,99.2364883422852,87.2651672363281,4.818
SVN,2008,21.0012913038218,3.372238661141268,27461.97641653151,58.0,,101.472234498799,99.93359375,88.5987091064453,4.371
SVN,2009,22.0587657348566,-7.59058614046387,24501.78972904253,64.0,,103.184650482804,98.9675598144531,87.96533203125,5.858
SVN,2010,23.0130215414954,1.1121371930673547,23329.841769115577,70.0,,103.782526953769,98.5378189086914,90.2514877319336,7.236
SVN,2011,24.1297849867532,0.6554381283797426,24940.62848416048,67.3399948092396,,105.844580545528,98.4782180786133,87.1887130737305,8.166
SVN,2012,24.8054736692412,-2.915537820404623,22442.141785995507,68.3499745287825,,109.148058194505,98.1137313842773,89.0215606689453,8.841
SVN,2013,25.5111136181393,-0.8237764176916755,23236.9655321695,72.6756,,111.044907196462,110.558929443359,87.8572082519531,10.103
SVN,2014,27.0022702087688,2.762833276397416,24013.06820609594,71.5862515855601,,113.019086174171,110.182746887207,84.3780288696289,9.668
SVN,2015,27.6233320566015,2.3933062133816776,20697.27485306189,73.0986599745829,,114.271192414174,109.655220031738,82.1997833251953,8.962
SVN,2016,28.5889065200718,3.0344148666365385,21447.83777960361,75.4985042610791,,115.736307790972,115.216941833496,79.4747467041016,8.0
SVN,2017,29.180424842781,5.174402155799584,23303.07770595903,78.8854263554775,,118.461993493049,114.595596313477,79.2703475952148,6.564
SVN,2018,29.6086313428343,4.379083473311951,25888.04810656553,79.7499765956562,,119.153401263409,113.556167602539,77.3015975952148,5.108
SVN,2019,30.1395433223627,3.505253323819119,25814.168716757213,83.1083578026717,,120.568876746571,111.369567871094,76.4720077514648,4.446
SVN,2020,30.9930132861242,-4.085000949428959,25392.06510936123,86.60130109,,121.331428226248,110.359169006348,75.8166809082031,4.971
SVN,2021,31.5502669986288,8.416864577253207,29192.840193301865,89.00399524,,123.362924143622,108.17887878418,82.2400436401367,4.744
SVN,2022,32.0104972135392,2.668505555424858,28360.30414672681,88.91248552,,126.45918075971,107.874809265137,82.3922576904297,4.011
SVN,2023,31.8814801387465,2.375832664838498,32660.475358134645,90.37794678,,129.227963043737,107.626876831055,80.0806884765625,3.652
SWE,2000,2.80655055662689,4.6311213655136925,29632.58908116233,45.6876522122282,,71.8240245461588,,,5.466
SWE,2001,6.59845490490019,1.3608064269412097,27259.31743002172,51.7656649372808,,80.6877500977403,147.903442382812,70.0115203857422,4.73
SWE,2002,9.4117151427886,2.2777286786189705,29957.77766649162,70.57,,89.0639567500317,144.218505859375,74.7414321899414,4.965
SWE,2003,12.2231225534918,1.8810276967584367,37292.24197278008,79.13,,98.2426498568778,136.474304199219,80.4902877807617,5.555
SWE,2004,15.6774527541615,4.179584193437108,42758.00485649289,83.89,,97.6783137909993,101.425491333008,83.0349807739258,6.693
SWE,2005,27.929833436529,2.793137828401555,43378.40773943629,84.83,,100.822047425123,101.482162475586,81.7390899658203,7.81
SWE,2006,27.4100136080972,4.676074888779922,46531.37622404847,87.76,,105.79670579871,101.204086303711,79.3352279663086,7.066
SWE,2007,30.3915033589943,3.2248681409609503,53568.30577878322,82.01,,110.587549083029,100.998710632324,75.3943710327148,6.161
SWE,2008,31.4844304168158,-0.9231132500679706,55817.17597264853,90.0,,108.612891679953,101.521087646484,71.158073425293,6.235
SWE,2009,31.6719577060978,-4.255613842076187,46707.64250447509,91.0,,112.273275734132,101.434310913086,71.0115814208984,8.351
SWE,2010,31.9840349438999,5.750764775792547,52542.57590902992,90.0,,117.211932910169,102.25106048584,73.0818328857422,8.61
SWE,2011,32.0391154481002,3.163885674069263,60379.48145993216,92.7699860554046,,121.218520944341,102.14037322998,71.9184112548828,7.804
SWE,2012,32.2829791143157,-0.4143977024544085,57749.56154208534,93.1799880065108,,124.465204900222,103.106872558594,68.742301940918,7.976
SWE,2013,32.7855388506159,1.137666718014259,60843.98887993689,94.7836,,125.141584605994,132.713500976562,65.7820892333984,8.052
SWE,2014,33.841393015349,2.2957723875828435,59583.45844917144,92.5236065037579,,126.980024510044,133.660247802734,64.9541931152344,7.954
SWE,2015,35.6778078349251,4.38824673608589,51188.16521204927,90.6101966398616,,128.974452830716,137.462966918945,66.4283218383789,7.432
SWE,2016,37.0821744423215,2.1311791473115136,51703.50883328512,89.6509476102355,,126.401633330915,137.561157226562,68.306037902832,6.99
SWE,2017,38.3266046004608,1.882821849666456,53210.22333189649,93.0062669652127,,124.472904877796,142.641586303711,70.4342498779297,6.718
SWE,2018,38.7413375683818,1.7702553546772035,54018.45543918606,89.2469631588137,,124.086284526267,140.821746826172,73.4083786010742,6.365
SWE,2019,39.2905524546107,2.60823012869524,51648.98928205141,94.4934434072202,,125.456729050381,136.641006469727,75.1148529052734,6.833
SWE,2020,40.3679810262741,-1.9337970403221616,52568.57269801464,94.53943122,,123.548656971054,136.426132202148,79.1196365356445,8.291
SWE,2021,40.8351431063991,5.225864302877298,60647.54163653466,94.6703163,,124.96149481991,138.688186645508,85.9426193237305,8.803
SWE,2022,40.6093424279832,1.2554362044581635,54836.89072351236,95.00970335,,140.781664517726,139.406524658203,83.8976135253906,7.417
SWE,2023,40.7340135908716,-0.2040613048914394,54950.28347256223,95.70327461,,140.265691285045,134.244293212891,81.3998184204102,7.611
SWZ,2000,,1.7601732838822244,1629.6703884281549,0.926191777269401,81.6600036621094,3.16876861651562,43.3038711547852,4.26582002639771,24.547
SWZ,2001,,1.4122139328706569,1429.8563035944703,1.28159005046719,,5.23279267485139,43.7772598266602,,25.24
SWZ,2002,,4.088647939882904,1315.7363464799394,1.81620380712642,,6.41847917911427,44.738208770752,4.41731977462769,25.771
SWZ,2003,,4.538655256725278,2015.2174306525103,2.43707385055863,,7.96850098434424,44.4690589904785,,26.259
SWZ,2004,,3.617119319222468,2525.5640452625016,3.22868507316111,,13.511511341749,48.3460006713867,5.39188003540039,26.716
SWZ,2005,,5.992282890960368,2871.0687743744857,3.697000027,,18.5353032653644,50.5027885437012,4.7824501991272,27.221
SWZ,2006,,6.728809465640936,2964.958652006824,3.69653878906882,,23.0534582031581,54.4987907409668,4.6042799949646,27.693
SWZ,2007,,4.317721448723617,3109.1109760886397,4.1,,34.8398512888453,58.3698616027832,,28.24
SWZ,2008,0.0703038272784314,1.4405535872711823,2946.860661374604,6.85,,48.4152042043874,,,27.891
SWZ,2009,0.136089754088348,1.4331113424775594,3189.796799566374,8.94,,60.1212682768811,59.5709686279297,,27.488
SWZ,2010,0.329060405703234,3.8244348742976655,3922.740393907329,11.04,,65.2905141006612,64.5977020263672,,26.856
SWZ,2011,0.717817419954501,1.8397362591616544,4225.060494119111,18.13,,68.5737493883254,67.2353363037109,7.02840092827937,26.105
SWZ,2012,0.305108362852056,4.090481901245923,4224.547891744865,20.78179932,,71.6279475345304,69.2019271850586,,25.226
SWZ,2013,0.371684705174382,4.094585221192261,3949.94310039907,24.70000076,,79.0272480287436,70.8080825805664,6.43545771863543,24.556
SWZ,2014,0.448825529196101,2.0573817924658613,3771.072283819378,25.0,,80.6829892484285,73.7052383422852,,23.931
SWZ,2015,0.525020278908273,1.70425806017289,3419.822765595284,25.64299965,,82.3406804087808,76.2872772216797,,23.431
SWZ,2016,0.608956709267538,2.949168210599112,3238.176119613639,28.56999969,,86.5588465316001,82.023935767308,,22.718
SWZ,2017,1.34191565323629,3.520953459879834,3853.099565696787,35.33160019,,88.7130405501664,,,24.543
SWZ,2018,1.8710289504324,0.0653956557843571,3972.654506203567,39.38100052,,89.2003705956478,,,26.471
SWZ,2019,2.04369280109571,6.431868886915737,3913.1457754733615,43.93389893,,91.0519258836113,,,28.222
SWZ,2020,2.29004241533492,-2.951834534092868,3466.569362781452,49.01300049,,104.747264466614,,,32.978
SWZ,2021,2.55280778191155,4.23621913615419,3984.002291743063,53.99530029,,118.627490794327,,,34.153
SWZ,2022,2.18530055779024,0.3860708355627054,3894.162008986901,57.34370041,90.75,121.491701239707,,,36.472
SWZ,2023,2.76365982774566,3.532576628362108,3755.5211123246368,61.33330154,,128.399211381334,,,34.61
SXM,2009,,,25528.412619483028,,,,,,
SXM,2010,,3.199992692193661,26403.814369216318,,,,,,
SXM,2011,,4.600003414153946,27317.5178881974,,,,,,
SXM,2012,,1.390544567731311,28149.09978550408,,,196.556548553808,118.293650793651,7.8405017921147,
SXM,2013,,1.3067310345967798,28529.73246870533,,,,,,
SXM,2014,,1.5803822153911256,37134.91242309905,,,,111.371100164204,7.32811856731165,
SXM,2015,,0.1058131499970045,37839.62838151634,,,,,7.93456032719836,
SXM,2016,,0.9677583630688104,37308.6147795736,,,,,,
SXM,2017,,-7.5352139988242754,34701.30584944681,,,,,9.85608373310074,
SXM,2018,,-6.856982992279441,31708.31101247417,,,,,,
SXM,2019,,10.965000935239203,34861.46952896804,,,,,,
SXM,2020,,-13.316788722156687,30150.89983804768,,,,,,
SXM,2021,,4.577596779333447,32548.43668549022,,,,,,
SXM,2022,,13.900001261416378,37793.12838158258,,,205.372695128029,,8.259449370042,
SXM,2023,,3.799997699855368,39451.822911732,,,,,7.65284309533989,
SYC,2000,,4.253198349318282,8063.655005751688,7.39562918315276,,31.1589332437168,86.0170364379883,,
SYC,2001,,-2.2711628855298187,8153.298636987904,11.0151029300174,,43.3574450984564,78.5736694335938,,
SYC,2002,,1.212832902593135,8864.169194954675,14.3041708309972,91.8399963378906,52.0994211304844,74.4553298950195,,
SYC,2003,,-5.887128487644773,9070.284607570127,14.5925043169492,,56.5629524094032,77.5321578979492,,
SYC,2004,0.395889105676301,-2.8504539768537995,10827.671636032956,24.2721392249906,,61.6736240301284,77.4061813354492,,
SYC,2005,1.06199448838304,9.005761737423796,11802.111827683288,25.4132681462836,,65.8772657002666,84.5365982055664,,
SYC,2006,2.73864981797661,9.406128557328271,12782.993892647544,34.95197117065,,77.8329810894847,77.854362487793,,
SYC,2007,3.81882188306293,8.876066455708795,12669.30266872219,38.38,,84.4863777495955,84.6312103271484,,
SYC,2008,3.69217802846121,-2.7259462615486427,11265.437627000474,40.44,,101.003814278151,81.1551132202148,,
SYC,2009,4.86392959371128,-2.4793759472613743,9747.09180546291,,,118.199683855257,80.9706115722656,,
SYC,2010,7.15270977456276,4.505132043120668,10934.79494629001,41.0,93.9499969482422,123.813585199693,76.172233581543,,
SYC,2011,9.7006926121372,9.509783351795704,12110.09374619728,43.16400146,,130.476995382586,74.46608040201,2.91756715035505,
SYC,2012,10.6255588037331,3.110678493924297,12337.155466938775,47.07600021,,137.106577057151,84.5009231567383,1.55593589544111,
SYC,2013,12.1565631336135,1.2537349624294905,14821.292147607652,50.40000153,,133.985679723389,84.6974263853466,3.50154479917611,
SYC,2014,11.3010491715558,4.063691812352104,15188.190217511252,51.25469971,,144.60603512527,89.3980343980344,7.29119296649992,
SYC,2015,12.5151543411359,8.914008875046903,15333.105172710511,54.25960159,,138.248624452112,92.0911695105244,16.4973007303906,
SYC,2016,12.7798872711048,12.117527245391344,16566.994604229385,56.51470184,,138.276832299833,101.712798026857,25.6358902463449,
SYC,2017,13.5385628007507,6.954162187942714,17480.365191137193,62.55310059,,148.791660366282,112.311212814645,42.2082018927445,
SYC,2018,17.114916550765,4.939472722543115,18440.234046093155,69.23660278,,155.551112656467,108.274060095805,38.8581314878893,
SYC,2019,22.9273268168296,5.514292073734197,19141.5118743615,76.63420105,,164.617084572886,100.825877494838,41.2970430107527,
SYC,2020,29.067843812089,-11.739860828173192,14041.47540745751,79.25170135,,152.5450781854,102.18818380744,26.934264107039,
SYC,2021,33.5645230796751,0.5522816312072791,14982.911148776711,81.99530029,,149.479213250181,102.952278242114,26.8701526144608,
SYC,2022,29.8314239734867,9.880483663554458,16682.699071178497,84.83380127,,163.429518331448,76.8818747010999,13.930414075936,
SYC,2023,30.7719361318005,5.179809966724136,18130.52971355475,86.001297,,129.24400747161,74.2514404458298,14.0341370902195,
SYR,2000,,0.6756425894105007,1138.187227236831,0.181698580104333,,0.180311347209453,43.7118301391602,,9.587
SYR,2001,,3.7934034398860064,1177.5380692126848,0.353759130007247,,1.1729284822106,44.8389511108398,,11.63
SYR,2002,,7.858550981480164,1189.9811945359486,2.09310101861765,82.8899993896484,2.2898580127742,46.175178527832,12.6482696533203,10.94
SYR,2003,,0.5907817119339143,1220.1790772559982,3.39797261356623,,6.62407285339792,60.3702812194824,13.2320003509522,10.28
SYR,2004,0.0032720951634343,6.9025333036284025,1368.1126390400127,4.32159377785571,80.8399963378906,12.7938920890283,63.2146301269531,15.2420597076416,9.513
SYR,2005,0.0143509457884519,6.215504447957684,1533.900176159458,5.648099899,,15.6797370651604,66.2456588745117,18.2976398468018,8.81
SYR,2006,0.0265722572394124,5.04600280095076,1718.7846995659067,7.832600117,,23.807072172145,67.4928436279297,20.8499908447266,8.17
SYR,2007,0.0333123844068162,5.674738210783303,1937.6119909408687,11.5,,29.8536903030412,68.0717620849609,21.3354091644287,8.42
SYR,2008,0.0510940646583256,4.476621542779569,2429.1247629459,14.0,,32.6121929526333,68.490966796875,21.8033008575439,10.94
SYR,2009,0.157696905337583,5.91229460524147,2462.201272787377,17.3,,45.6016523479648,69.7070083618164,22.903039932251,8.14
SYR,2010,0.310540399541491,5.191509150159362,2730.6148778491747,20.7,,52.0228671102636,70.8321380615234,24.7345008850098,8.61
SYR,2011,0.530201417967525,2.850220598033303,2952.1437290944264,22.5,,56.4601130740851,72.3000030517578,24.5282592773438,8.626
SYR,2012,1.06395659743909,-26.338904668982977,1897.6611501869636,24.30010033,,57.0304708357464,73.1369705200195,28.8359394073486,13.8
SYR,2013,1.59757846490112,-26.300257749320537,985.892669221634,26.20000076,,56.7277291919289,47.5814208984375,31.4127197265625,14.5
SYR,2014,2.47214378026187,-10.310341208782276,1060.591058874327,28.09000015,,69.2511845049776,,44.4609794616699,14.782
SYR,2015,3.75431321223408,-4.1796920456175854,847.7315453525824,29.97979927,,73.6810937543276,,47.8358993530273,14.244
SYR,2016,5.26009550775525,-6.405684968673867,656.3490175209516,31.8696003,,69.5528574436978,,43.7606582641602,13.798
SYR,2017,7.40231248726896,-0.7233462971153415,851.5019726463855,32.70000076,,80.032591460097,,,13.603
SYR,2018,6.78669179370865,1.3932332405996135,1098.0666793502287,33.77000046,,87.4952069545959,,,13.505
SYR,2019,7.33616579803782,1.2207281834849084,1109.539338214638,,,87.1297289207859,,,13.369
SYR,2020,7.35459379919522,0.9549145866757128,593.9117718225275,,,79.1482419784404,39.0727806091309,,15.179
SYR,2021,7.28562915466706,1.7896919997566982,688.5661097269341,,94.4199981689453,78.5558300193552,39.4595794677734,,14.887
SYR,2022,7.16283326639858,-0.20247264200475,1056.7826471819706,,,78.6567844526885,39.6268081665039,,13.245
SYR,2023,6.86124546257849,,,,,72.4405852977604,39.4672088623047,,13.27
TCA,2000,,,,,,,79.0275802612305,,
TCA,2001,,,18325.745811197383,,,,,,
TCA,2002,,,17803.947176773316,,,43.9481477885129,,,
TCA,2003,,,18859.18902747733,,,89.1103235605468,78.9801025390625,,
TCA,2004,,,21246.009800490025,,,109.752362618131,84.770637512207,,
TCA,2005,,,24122.302818075703,,,,95.0579605102539,,
TCA,2006,,,28734.287306452254,,,,,,
TCA,2007,,,29443.852303007232,,,,,,
TCA,2008,,8.271893124861492,31453.822875268896,,,,,0.116480000317097,
TCA,2009,,-19.550246759502212,24596.893801595077,,,,108.944358825684,,
TCA,2010,,0.984924853810682,23093.849826826725,,,,,0.30978998541832,
TCA,2011,,4.620498929782386,27327.40063541464,,,,,,
TCA,2012,,-2.666555620533643,25923.615650387525,,,,,,
TCA,2013,,1.0708804955403224,25653.819867470957,,,,,,
TCA,2014,,8.71129580824217,27292.5820256776,,,,72.6863226863227,13.5160680529301,
TCA,2015,,11.314829392992891,29457.01406911624,,,,81.0204081632653,12.3809523809524,
TCA,2016,,7.251186275702651,31373.561268432728,,,,73.9748274462038,11.0619469026549,
TCA,2017,,74.58798805441876,30014.230952321297,,,,85.01841997544,11.8171251452925,
TCA,2018,,6.752648451783671,31625.616593277027,,,,95.5051546391753,11.3000755857899,
TCA,2019,,4.981705493829921,31780.521706898948,,,,91.2056151940545,11.7383177570093,
TCA,2020,,-33.81709734346519,20690.91605461181,,,,91.187270501836,,
TCA,2021,,29.629378172241417,27329.28850871958,,,,98.0016021728516,,
TCA,2022,,14.087123416815288,31280.54180208084,,,,105.9765625,16.973180770874,
TCA,2023,,13.731148113922842,35470.21516082947,,,,109.841759938248,25.2537080405933,
TCD,2000,,-0.8796810241560138,163.12166368336872,0.03570707628555,25.6499996185303,0.0646139556980874,10.964280128479,0.79297000169754,0.796
TCD,2001,,11.658134655077149,194.32295331156047,0.0459341343557353,,0.249882895788383,12.6534004211426,0.816110014915466,0.792
TCD,2002,,8.491209819717696,219.06139195134932,0.166069664674347,,0.375156644353256,13.4368200302124,,0.769
TCD,2003,,14.72166701235895,289.08762112216766,0.320308555366775,,0.685087943685349,14.8295497894287,0.942139983177185,0.725
TCD,2004,,33.62937184985216,445.8507671570869,0.360920107034467,28.3799991607666,1.2399148551477,15.217809677124,1.20975995063782,0.672
TCD,2005,,17.332533735216174,838.0921077125565,0.399257700084004,,2.03328940137249,15.5320997238159,1.4159699678421,0.663
TCD,2006,,-0.5428295708025104,906.8972605727467,0.581045764229641,,4.35334898001424,15.8697900772095,,0.716
TCD,2007,,4.20017418353298,980.4835314851032,0.847224520710968,,8.28716997272972,18.2909908294678,,0.839
TCD,2008,,3.081190338545412,1166.3688345384062,1.19,,13.9417805187318,20.7904891967773,1.95048999786377,0.922
TCD,2009,0.0024971089867841,-1.4082826263759216,1035.637196942538,1.5,,19.1808238172742,22.7542705535889,2.01651000976562,0.943
TCD,2010,0.0026883084976132,13.673827272533856,1141.800692684123,1.700000048,,23.3525805934177,22.369271805704,2.0962732183809,0.911
TCD,2011,0.123865180054531,4.4954296705882655,1308.1421872538,1.899999976,,28.7390189115685,22.8224817551818,2.21312898390939,0.92
TCD,2012,0.147256096776337,9.061803922534466,1354.3434470193736,2.099999905,,33.3228572133612,22.1087903431339,,0.886
TCD,2013,0.107288841149774,2.8382152473029265,1304.8874297147463,2.5,,33.3154384690936,24.5326035474767,,0.955
TCD,2014,0.071402000947516,2.0628307436141142,1278.7898142249378,2.900000095,,37.0123277165075,22.8485794067383,3.38820626861646,0.984
TCD,2015,0.0773982341569324,3.30415979779805,993.9907306108692,3.5,,37.3152541289811,22.2454248795188,3.22750677590433,1.032
TCD,2016,0.0339141052177506,-4.122503326370335,861.8317676307461,5.800000191,22.3099994659424,36.9555838356879,22.530490847167,,1.091
TCD,2017,0.0021187038729842,-1.6174692282020402,854.4612004009803,6.351900101,,40.7648866631048,20.5855678473561,,1.132
TCD,2018,0.0020672754565939,5.7411158075815365,948.6566298712312,6.956299782,,43.2279057924006,20.0021180694774,,1.135
TCD,2019,0.0004075462461604,5.382822028748137,893.3364416433249,7.618199825,30.6299991607666,45.9378876746208,20.192877474143,,1.077
TCD,2020,0.0,-0.3936465823803985,866.9478148904094,8.343099594,,50.434327397335,,4.39665967267065,1.695
TCD,2021,0.0,0.2934426480334338,946.3585002083736,9.653699875,,58.0323175441615,23.1541767734797,,1.53
TCD,2022,0.0,4.129698976683557,966.0364682785676,11.17029953,,65.4377795535985,,,1.081
TCD,2023,0.0,3.9986130946153935,949.9910542362665,12.03590012,,70.1873962423852,24.1941648001316,,1.059
TGO,2000,,-0.7834796100480474,440.42039906949685,0.8,53.1800003051758,0.97275564358778,31.6074600219727,,4.162
TGO,2001,,0.8234387521118549,426.8836058844888,0.9,,1.80013499117555,34.4402694702148,,4.108
TGO,2002,,3.8266225767514186,479.43837386958745,1.0,,3.05061225424761,38.4870300292969,,4.087
TGO,2003,,6.720171423360341,579.728195854724,1.2,,4.38771023998378,40.5968894958496,,3.957
TGO,2004,,-0.9786653327387428,604.3113291167513,1.5,,5.83805025815816,41.9863700866699,,3.992
TGO,2005,,-4.6662993841333815,595.2002120141339,1.799999952,,7.41937343863111,44.2280082702637,,4.149
TGO,2006,,2.650132099434728,596.2492031377622,2.0,56.8899993896484,11.7790568369439,46.0299682617188,4.9507098197937,4.229
TGO,2007,0.0194074537549949,-1.175136899660501,654.0836976664392,2.200000048,,19.2348550759298,42.7597885131836,5.5628399848938,3.822
TGO,2008,0.0300055960201055,4.035613153988621,771.3511904047513,2.400000095,,24.3301576494957,,,3.279
TGO,2009,0.0635849487130764,5.453810969203317,770.1728697772536,2.599999905,57.0900001525879,33.384906435038,,,2.847
TGO,2010,0.404376324713075,5.854333990768794,750.3234210861212,3.0,57.2000007629395,38.6520343582485,,8.90678270945479,2.379
TGO,2011,0.492143829355825,5.823256221352892,834.1467198027901,3.5,60.4099998474121,38.9697843149559,52.7706298828125,9.66968081043628,1.982
TGO,2012,0.584347876051159,6.302714268651855,813.611525037432,4.0,,46.6464180614517,,10.7079137745625,2.029
TGO,2013,0.0949153119330303,5.824250692830589,885.6985227239293,4.5,,58.5138554393817,,10.8397865677878,2.084
TGO,2014,0.168753220162062,5.6332373914522265,921.5397486314612,5.699999809,,60.4368580586019,,10.5384945175632,2.141
TGO,2015,0.862199121906724,5.468041380730398,813.8946769750845,7.119999886,63.75,63.3574638254671,,10.8146472215817,2.204
TGO,2016,0.620529481672155,4.21490387414525,843.1142043386753,11.31000042,,70.0588130571426,,12.0913340463942,2.968
TGO,2017,0.627393839501362,4.007912595669367,872.0764088457519,12.3602249692905,60.9537021917226,75.3357270694068,60.769472220228,12.3068653432672,3.744
TGO,2018,0.316705449644003,4.795183330861391,942.4807743931542,15.5,,74.3997114343066,,12.9031599603185,2.9
TGO,2019,0.376920048379618,4.919492604886827,917.7180167776186,20.72730064,66.5400009155273,73.7224727486533,,13.1551472123617,2.036
TGO,2020,0.607931974735055,2.159001311505364,961.219781201934,29.02370071,,75.164019137873,,14.9029897765252,2.231
TGO,2021,0.749325974933037,5.135629290645056,1076.2952007694862,30.33839989,,70.4496733018494,63.0669365853803,,2.344
TGO,2022,1.03723561669214,6.294436920194286,1071.6153922075853,35.60749817,72.5999984741211,72.2147547047011,,,1.965
TGO,2023,1.22815843837127,6.197629693781323,1182.3295143669632,37.57020187,,75.7906769713952,63.4192515229188,,1.942
THA,2000,,4.455247043350141,2005.976945142342,3.68904127944164,92.6500015258789,4.85019199602462,,35.3038711547852,2.389
THA,2001,0.0025341258218764,3.444249009683716,1889.934324671445,5.55632612097332,,11.8615312803269,64.0281982421875,38.9344787597656,2.6
THA,2002,,6.149036052100357,2089.7518311155445,7.53125033488567,,27.1524154979994,65.5458221435547,40.1257095336914,1.82
THA,2003,0.0178993807224333,7.189243303409711,2347.54001286066,9.29902723805965,,33.3243736226487,,41.1551513671875,1.54
THA,2004,0.251749192809814,6.289342142857947,2641.562687178572,10.6773033237281,,41.1989375977806,67.444221496582,42.1445999145508,1.51
THA,2005,0.841437002536603,4.187638428843371,2867.703834360616,15.0260043588909,93.5100021362305,46.1396976737352,71.8262786865234,44.3367195129395,1.35
THA,2006,1.34231492826242,4.967810892461074,3331.3204351177264,17.1607147169285,,60.2776989983143,71.6298599243164,44.1761817932129,1.22
THA,2007,1.92741409494272,5.435151690508093,3918.528174345805,20.03,,78.9450134968359,75.7808074951172,47.55419921875,1.18
THA,2008,3.06537150418746,1.7256988486633418,4309.135092929862,18.2,,91.4482689471417,75.2078475952148,46.3521308898926,1.18
THA,2009,3.8523728631431,-0.6906182323005794,4135.439869528185,20.1,,96.8163056134753,76.6007080078125,46.2023391723633,1.49
THA,2010,4.74172823236676,7.513390532616242,4973.862888237778,22.4,96.4300003051758,104.588624052335,78.3943786621094,46.3783774485726,0.622
THA,2011,5.64433790742555,0.8401320830533336,5373.623283289797,23.669925618731,,112.233203232914,86.9894790649414,52.7332765596589,0.66
THA,2012,6.50814220580194,7.242796202496422,5725.5280283546335,26.46,,122.431994954555,85.5365295410156,50.7403100613359,0.58
THA,2013,7.43359084502317,2.687495563205559,6018.082447292549,28.94,93.6999969482422,134.367308785551,83.854850769043,49.6879408184566,0.249
THA,2014,7.74748143833759,0.9844688636194264,5801.1978916205,34.8860535783465,,138.28115031927,123.525459289551,49.9091820021394,0.576
THA,2015,8.83035128821556,3.1340472491163496,5688.853353978842,39.3161267365004,92.870002746582,145.932577028654,124.330596923828,45.713134717198,0.597
THA,2016,10.187716904417,3.4351577169218217,5833.577156170984,47.5049656215909,91.9800033569336,168.88127084564,122.563217163086,49.3227291503798,0.688
THA,2017,11.5345396717409,4.177681032100097,6413.091825303433,52.8919293439676,,170.783699598766,79.5062371844027,47.427491541895,0.83
THA,2018,12.8740610702362,4.222870287460708,7099.776500814575,56.8174809301456,93.7699966430664,175.266001933225,80.6045305135668,46.1667791174286,0.765
THA,2019,14.1338059581469,2.114557796282781,7605.696577977591,66.6524194587528,91.2699966430664,181.221874232713,81.7206425877734,44.9880040072053,0.716
THA,2020,16.021813562656,-6.093063129669531,6983.034128362446,77.84374066,,162.327737376294,82.3668560969625,42.5900878816865,1.099
THA,2021,17.3168855632327,1.5585823207689344,7055.18760721422,85.26956666,,168.485285358167,84.6644528199547,43.4690405127808,1.215
THA,2022,17.5125815621477,2.6378421356630497,6910.009952112061,87.97724503,91.0999984741211,176.22279253783,88.0661686868399,43.29484965617,0.94
THA,2023,14.5089451983046,2.248834379705684,7210.541308326855,89.53525238,,168.642808295144,93.3356315272258,45.4407811172674,0.733
TJK,2000,,8.32432449473859,136.9257164007228,0.048599594582182,99.4499969482422,0.0184574210368456,71.9670562744141,17.1997108459473,4.15
TJK,2001,,9.580836178429507,168.67628536518615,0.0512591325352927,,0.0254394270853736,73.8529586791992,16.7238998413086,3.75
TJK,2002,,10.800003759166543,186.9516382852216,0.0554628269910006,,0.202092298308442,75.8080596923828,16.9350700378418,3.95
TJK,2003,0.0001501822837468,10.9999990780572,233.5812484528902,0.0645837771508553,97.3502368564513,0.715122980517603,78.0805816650391,18.3057403564453,3.85
TJK,2004,,10.299998941011651,305.7451585875024,0.0774799071356825,,1.98805781036491,79.29443359375,19.5840606689453,3.45
TJK,2005,,6.699998516554089,333.9271509416837,0.298690023682825,,3.82686953407502,79.9551315307617,20.1519508361816,3.45
TJK,2006,,7.000003211089961,401.0184033164272,3.77240620666448,,30.4637604522579,80.7600173950195,21.302490234375,3.65
TJK,2007,0.0506638634052204,7.800000118721613,516.9972106189136,7.19761951797855,98.0293057466938,29.6445453922502,81.424560546875,22.2864494323731,2.874
TJK,2008,0.0498473577970575,7.899998271549393,703.3273758986428,8.78,,50.0588479537033,82.2941436767578,22.7512302398682,4.942
TJK,2009,0.0587431894614718,3.9000011482649626,664.7956557346566,10.07,99.7298704511844,65.4185519002754,83.1336364746094,22.5239295959473,7.028
TJK,2010,0.0614207187243413,6.499999085852352,737.3388832193556,11.55000019,,77.6363373335646,83.9114990234375,22.8308906555176,7.037
TJK,2011,0.0641551173610521,7.400000599567107,833.6019782028519,13.02999973,,80.8201119902975,85.0206298828125,22.3199405670166,7.04
TJK,2012,0.0673813750891555,7.4999994632152465,952.4528196954687,14.51000023,,81.4565956633347,86.3469314575195,22.6923599243164,7.022
TJK,2013,0.0705877427548984,7.39999974700379,1028.197042793961,16.0,,91.7287717099905,86.9873504638672,22.6164398193359,7.019
TJK,2014,0.0723988173119103,6.7000006901625255,1081.5440293203876,17.48999977,,94.9385868130658,,24.2260093688965,7.024
TJK,2015,0.0694135939582408,6.019303317711859,956.916310930656,18.97999954,,98.2086665185843,,26.0669097900391,7.033
TJK,2016,0.067677077920342,6.899999999999992,788.710481734485,20.46999931,,106.027422075203,,28.5179100036621,7.036
TJK,2017,0.0660360517220772,7.100000418643091,829.4571476495696,21.95999908,,109.003509375909,,30.2374706268311,7.035
TJK,2018,,7.5999988895536035,834.2884045788009,32.59999847,,107.442164151643,,,7.028
TJK,2019,0.0629593012189131,7.40000016310556,871.0223729348457,22.68630028,,115.372919483658,,,7.026
TJK,2020,0.369964643651705,4.400001115534934,834.3117154606249,27.54409981,,62.2826230779409,90.9012072790342,34.6676458195911,7.576
TJK,2021,0.495991334524208,9.399999550375227,896.7480533721822,36.70560074,,64.0874682499327,91.2751683038557,37.4220713871838,7.687
TJK,2022,0.585196433548591,8.000000338463636,1052.1794948489417,48.91429901,,63.8442080716763,90.888637681585,37.2834392884446,7.051
TJK,2023,0.983936262867068,8.299999216519353,1178.4799006024875,54.41550064,,76.215892145748,88.4022015902249,34.9689625947729,7.037
TKM,2000,,5.469064252322809,633.8354876380108,0.13328218259348,,0.163659799719684,,,11.73
TKM,2001,,4.343845452037144,756.0349762763984,0.175209517731422,,0.174808236028121,,,10.898
TKM,2002,,0.2571799974454052,935.5408014784664,0.302132016152841,,0.171360938805505,,,10.141
TKM,2003,,3.2688286670478988,1228.948702894039,0.425182631884743,,0.18888270953244,,,9.289
TKM,2004,,5.000407358745846,1379.230096826922,0.754053982724623,,1.01046914610113,,,8.419
TKM,2005,,13.034034798860604,1604.016184523122,0.997300029,,2.07827907408511,,,7.495
TKM,2006,,10.97330829528616,1996.593107173076,1.3195731180963,,4.21339762837556,,,6.601
TKM,2007,,11.059299586582512,2414.9607198696376,1.40636068812023,,7.27815888724088,,,5.719
TKM,2008,0.0014031729294639,14.700000014453394,3605.503951205493,1.75,,21.2374900117474,,,4.852
TKM,2009,0.0085296185040993,6.100000017461454,3707.978506996173,1.950000048,,39.1241677660397,,,4.0
TKM,2010,0.012993417387385,9.200000073295428,4058.5393700073914,3.0,,57.4662009404143,,,4.0
TKM,2011,0.0193545537834018,14.718312047481447,5143.619293346473,5.0,,93.2537591382086,,,4.003
TKM,2012,0.0241024173691661,11.050831177625795,6053.874846874895,7.195799828,,101.574473198628,,,3.994
TKM,2013,0.0303063925778971,10.162845036508443,6599.645290554815,9.600000381,,103.130970254107,,,3.993
TKM,2014,0.0378583186988985,10.34973539479654,7164.145361840064,12.19999981,,118.613404511362,,7.00093637977294,4.005
TKM,2015,0.453684740587248,6.452549185315746,5759.497903834004,14.99680042,,126.162969350539,,,4.016
TKM,2016,0.73436633505979,6.229099970627928,5238.008272025456,17.99029922,,134.826174862709,,,4.026
TKM,2017,1.15619017556467,6.451383588201878,5125.549200558081,,,,,,4.035
TKM,2018,1.71364418489063,6.206023638326457,3911.985572978647,,,87.7729687399519,,,4.036
TKM,2019,2.59674388854464,6.331695676088728,4365.115291954196,,,88.2099411752948,84.1078318050495,11.0507708201956,4.035
TKM,2020,3.40423015428109,5.870656231304267,3935.3774936522295,,,88.7029504834018,86.8120225282998,12.4085702576356,4.489
TKM,2021,4.08263176069293,6.151157855745424,3713.201131717653,,,88.1929367884543,89.9339065551758,14.5425982703266,4.458
TKM,2022,5.21710831232306,6.234913650716706,5198.189474095513,,99.9000015258789,,92.451789855957,16.7316012007071,4.017
TKM,2023,,6.318798502686434,5298.464219492762,,,,102.546752929688,18.8084201812744,4.007
TLS,2000,,58.07809593345823,492.4576694296513,,,,,,3.529
TLS,2001,,16.347694046647703,587.7006927678582,,37.5999984741211,,41.3206901550293,,3.386
TLS,2002,,-6.7006954109811545,533.9824764348656,0.0,,,44.7095603942871,8.40392971038818,3.371
TLS,2003,0.0009815918802719,-2.1822641323654466,534.9011536976566,,,2.18764110383279,46.5835189819336,,3.54
TLS,2004,0.0013992426868042,0.4000039811519684,474.4207673446895,,,2.76856310692152,57.962100982666,,3.668
TLS,2005,0.0023199140366398,2.9845796380748624,487.46455540429247,0.0990317678179026,,3.48746350089791,59.4707984924316,,3.611
TLS,2006,0.0029694950936773,-4.116092689421137,464.6670018441589,0.5,,5.02766238274334,,,3.634
TLS,2007,0.0049756739301554,10.26538845422013,540.1545842376621,1.0,50.5999984741211,7.7834467289422,,,3.523
TLS,2008,0.0068769862140641,11.394804826646492,628.1532192528493,1.5,,12.1075638131048,57.0646095275879,,3.434
TLS,2009,0.0444850781369536,10.146954418347548,686.579295832381,2.0,,33.1410054194348,67.0938568115234,16.5156002044678,3.289
TLS,2010,0.0460965871008842,9.331494902012636,813.0601772505967,3.0,58.310001373291,43.6092152609205,68.3026309590313,17.7029094696045,3.301
TLS,2011,0.0495403109510208,5.958556056110865,939.0452411126934,4.0,,55.3186027470553,70.1640602638495,,3.385
TLS,2012,0.0528687928732867,4.860621868274677,1022.6190318842878,7.0,,54.7192006238518,70.0278421982138,,3.47
TLS,2013,0.0604127919771812,3.1043668321114666,1204.5684153293143,11.0,,56.0975925502397,67.8276665960217,,3.57
TLS,2014,0.0869783730136906,4.472498465696376,1224.7495775880084,17.5,,116.401176746315,69.3739464182596,,3.618
TLS,2015,0.0853019298316946,2.480040402183974,1319.592973709912,18.60000038,64.4499969482422,114.23397124462,72.9840325557506,,3.678
TLS,2016,,3.0099306255335136,1335.5439008981432,21.20000076,65.7799987792969,121.477605038459,77.3856943732818,,4.657
TLS,2017,0.267315808941898,-3.1824152248919546,1266.177679529409,24.20000076,,124.360491266698,81.1665700933061,,4.254
TLS,2018,0.0054860696934619,-0.4665021706587851,1219.4659859760384,27.60000038,,115.089356319443,83.0952419040915,,3.765
TLS,2019,0.0068411808339322,24.212884008500097,1562.3645888181284,28.00460052,,109.555438546595,85.1248242560832,,3.148
TLS,2020,0.0062591766694091,31.72574167214134,1630.8693543923207,32.01269913,,103.911005065408,84.7410404382553,,2.808
TLS,2021,0.0101471033723194,5.369801193926676,2684.9267371729875,35.04199982,,102.668836319816,,,2.344
TLS,2022,0.0100051486348815,-20.5224802314812,2343.249555428158,,69.4000015258789,108.158358863503,,,1.537
TLS,2023,0.0057791525739623,-18.13590491344721,1502.4114958903,,,112.647241971673,,30.9611108169641,1.525
TON,2000,,3.754097450064521,1995.0766754627143,2.4343980443669,,0.175307030785862,100.165519714355,5.37392997741699,3.966
TON,2001,,1.4924812554527307,1753.516675766262,2.82537183911525,,0.228487336379831,97.5217514038086,4.62669992446899,4.368
TON,2002,0.0105897529699444,4.429223599452598,1759.4805324575996,2.90729731626382,,3.22891195101758,101.04744720459,6.1286997795105,4.683
TON,2003,0.0210598866595191,0.051805445072901,1936.0410401238917,2.98581736750435,,10.7213968448461,109.53938293457,6.82398986816406,5.18
TON,2004,0.317880290470253,-1.967947403265612,2195.448900476729,3.95237389457043,,15.6084933045274,97.9341201782227,,3.878
TON,2005,0.610385063073123,-0.6576507034951646,2477.7262014482462,4.907800198,,28.2688722544501,,,2.542
TON,2006,0.595747884765607,-2.165663426803817,2750.3477860085677,5.853899956,99.0199966430664,28.2824955530667,97.8654708862305,,1.09
TON,2007,0.730843468320747,-2.464307791002227,2797.06560109144,7.179900169,,43.5929389277215,102.244041442871,,1.21
TON,2008,0.673705849373949,4.86284132376997,3218.453039931955,8.11076994380395,,47.1612782657447,103.846702575684,,1.279
TON,2009,0.932809716146003,-5.129178191505318,2914.2377400456385,10.0,,49.4389149557382,104.440650939941,,1.419
TON,2010,1.02420856610801,0.8243969140818308,3416.083566012071,16.0,,50.5586592178771,105.640548706055,,1.501
TON,2011,1.20851538533048,6.70369746238768,3849.99375750134,25.0,99.3899993896484,51.1294970716743,107.053398132324,,1.594
TON,2012,1.39586823003908,0.9197610249230764,4384.170587242169,30.0,,52.1124139214591,94.5147705078125,,1.638
TON,2013,1.58762771064084,0.3939225301373312,4219.246701130143,32.75400162,,53.6991725657932,95.4586410522461,,1.75
TON,2014,1.68841279816901,1.990537698908156,4136.590108984451,35.95439911,,63.7844834863848,96.7714748784441,,1.914
TON,2015,2.31679155473868,1.113744023980658,4123.903472388129,38.65129852,,69.2709364249022,103.261224756552,,2.022
TON,2016,2.84295515712066,6.598698794179583,3987.986188370428,39.95000076,97.1500015258789,75.8121375232175,,,2.048
TON,2017,2.84748851512966,3.202319762242439,4365.929297886479,46.20080185,,102.450738448688,,,2.137
TON,2018,2.38616234239867,0.5278280831802533,4675.047760479732,48.80789948,,102.245967016208,,,2.248
TON,2019,3.5043390209049,-0.2852107842998208,4788.833504685837,51.56299973,91.0500030517578,58.772203768371,96.0933090863485,,2.165
TON,2020,4.73018996442897,1.806187152989324,4792.358724139061,54.47370148,,58.6543555589192,90.4639980016237,21.2782986508118,2.712
TON,2021,6.4574841217177,-0.9349198920946832,4922.801586404399,57.549,,60.9801876955162,106.143896523848,,2.111
TON,2022,8.17387330781973,-2.1285487648611365,5298.019424542984,61.60739899,,61.7257858761257,96.996718063038,,2.002
TON,2023,,2.7901471549460557,5651.593579392862,64.13140106,99.4800033569336,,91.8606656320055,42.8611738148984,1.652
TTO,2000,,6.901359590728035,6178.589755596872,7.72141147401745,,12.2642209954129,,5.75815010070801,12.1
TTO,2001,,4.168523981854236,6657.414669372205,15.384627218944,,19.3204870066922,,6.25368022918701,10.88
TTO,2002,0.0132131040959872,7.936709687153325,6762.930808080963,21.9986754804449,,19.7274647131292,,8.58695983886719,10.39
TTO,2003,0.066033768354437,14.44098953897344,8445.046535182983,25.9717641091609,,25.1251018705335,,8.70431995391846,10.48
TTO,2004,0.314632297194845,7.950051510699723,9871.03419820086,27.0242700782714,,48.4018641573385,84.2731094360352,11.8308000564575,8.33
TTO,2005,0.799018367881281,6.20893787954175,12346.437309407496,28.97669983,,68.3488728833742,,,7.95
TTO,2006,1.5171141784267,13.208058605173491,14152.660742211256,30.00370026,,111.783486838135,,,6.27
TTO,2007,2.59935534288332,4.75420970092722,16606.675360681045,32.3,,110.577518150665,,,5.54
TTO,2008,6.22753417429254,3.3917370780738736,21298.994525806283,34.8,,131.633340232814,,,4.63
TTO,2009,9.43087155271432,-4.391729247461399,14634.056500391198,44.3,,133.884700838835,,,5.28
TTO,2010,11.7440976624306,3.3232247102737063,16815.424737361,48.5,,136.605093988839,,,4.033
TTO,2011,12.3526953375059,-0.2943544090437626,19151.08702297216,55.2,,130.911989608476,,,3.425
TTO,2012,14.3473934132065,6.710746254487219,20332.138953192512,57.5,,134.183710177097,,,3.718
TTO,2013,15.0424768149008,3.3681929168901945,21304.977749662845,59.90000153,,137.604422317441,,,2.683
TTO,2014,17.4584890485114,3.6708685103241274,21908.301455564368,62.40000153,,139.365477214979,,,2.477
TTO,2015,19.4881289235566,-0.4062832887304921,19887.2327716498,65.09999847,,148.572056300501,,,2.428
TTO,2016,17.7852731961704,-7.536363053793721,17449.15388019561,67.80000305,,150.717314787624,,,3.207
TTO,2017,22.6101721419176,-4.872749469187241,17566.099970065556,70.59999847,,140.503134035998,,,3.389
TTO,2018,23.2707114091769,-0.945449700943314,17571.498737277976,72.76029968,,134.142866663312,,,3.497
TTO,2019,22.8528096955069,0.4677345288558854,17212.61288921629,74.98670197,,145.715788467056,,,3.523
TTO,2020,25.4398983406076,-8.78879817831519,15283.62705315543,77.28130341,,134.231180588566,,,4.206
TTO,2021,24.9299429931902,-0.716740625909793,17712.567410465464,84.36576986,,134.221562299819,,,4.446
TTO,2022,26.0331929293058,0.86126082651883,20750.520243465224,81.69760132,,133.631989924602,,,4.383
TTO,2023,26.8942307436398,1.466459472940528,18308.453629857464,81.9681015,,134.230557337258,92.9377899169922,,3.361
TUN,2000,,4.709972913804904,2199.044659363143,2.75074029298135,,1.22033582404798,72.4827117919922,18.2472705841064,14.94
TUN,2001,,3.79627166202512,2235.7198162475106,4.29796603474685,,3.94347251688176,74.8093338012695,20.5963401794434,14.4
TUN,2002,0.000260742725654,1.3225571482894622,2320.7723805784976,5.25288729548421,,5.75974663829919,76.4910736083984,22.0570907592773,14.55
TUN,2003,0.0025715792634202,4.702399532852411,2725.864314885902,6.49084579532797,,19.0389204053524,76.0593566894531,25.9742908477783,14.51
TUN,2004,0.0279259736441369,6.235790722226469,3067.419363769748,8.52881775162591,74.3000030517578,36.746361434496,80.0033264160156,28.3220500946045,14.23
TUN,2005,0.171352425319868,3.4865455430439027,3146.8260743927026,9.655099869,,55.3921457734954,83.4392318725586,30.4263496398926,12.872
TUN,2006,0.423770177288547,5.244099832469161,3322.5693357009604,12.98639965,,70.9332705740445,85.9542694091797,31.5884609222412,12.51
TUN,2007,0.918585878049383,6.709520974535536,3726.916729356669,17.1,77.1900024414062,75.1086269269129,89.6093063354492,32.1416816711426,12.365
TUN,2008,2.15627307594354,4.237781475028186,4255.050080195232,27.53,77.7099990844727,81.5940606878641,91.0540390014648,33.5827484130859,12.444
TUN,2009,3.50106251421857,3.043450123715516,4080.090324487805,34.07,,91.9849726040992,88.8368377685547,35.3081817626953,13.29
TUN,2010,4.47896057767152,2.97113275066512,4291.861208915754,36.8,79.129997253418,103.234503500842,88.1112289428711,36.0425300598145,13.049
TUN,2011,5.13830793305368,-2.046633895356436,4420.64772206537,39.1,79.6500015258789,113.794012236779,89.3414688110352,35.942798614502,18.334
TUN,2012,4.78950869178639,4.216677115356319,4297.267824542726,41.4416008,80.2200012207031,116.660316175441,,36.0693092346191,17.63
TUN,2013,4.66714973152741,2.4299309644642904,4369.79345826358,43.79999924,,114.100647129197,87.2357025146484,34.2130088806152,15.934
TUN,2014,5.03392320650315,3.0903280307077523,4458.978954645474,46.15999985,79.0400009155273,126.692106854109,84.9663467407227,33.7252311706543,14.259
TUN,2015,5.03388625276524,0.967834205635981,4014.9477368643215,46.4999943435776,,128.008569175385,85.7816009521484,33.373851776123,15.159
TUN,2016,5.55369160408213,1.1172319639919976,3847.803544488087,49.5999948415756,,123.883093580407,90.3264236450195,31.2128105163574,15.557
TUN,2017,6.8819804955977,2.252614376205869,3619.032473199532,55.5001550633671,,123.034053994945,,30.9277496337891,15.33
TUN,2018,8.6185014951323,2.606969653563624,3628.1036646423577,64.1908102327387,79.4800033569336,125.532926143303,,30.9594707489014,15.459
TUN,2019,10.0541966829532,1.5500930496674243,3528.87213306798,66.6999983024144,80.5500030517578,124.386924181822,,31.4410896301269,17.153
TUN,2020,11.1467984493476,-8.975126229347225,3548.653636638028,68.55639648,,124.041976750236,,32.5181999206543,17.651
TUN,2021,12.4220429522978,4.736036482061024,3906.939263193908,68.31552226,83.6800003051758,129.846077003661,,33.2740287780762,16.632
TUN,2022,13.9309222767522,2.7522876100438083,3707.292834143812,,,131.875365428496,,37.1276893615723,15.3
TUN,2023,14.0829860846719,0.1840155484697447,3951.116833769215,,86.25,132.653682480562,,38.1219482421875,15.106
TUR,2000,,6.98528697817062,4199.379863575901,3.761685035075,,24.659026406964,74.5879898071289,,6.495
TUR,2001,0.0164766833871919,-5.459408385630624,3052.225670679303,5.18948146078506,,29.5461682857644,85.3136215209961,25.0384502410889,8.381
TUR,2002,0.0316262208739173,6.435508837931138,3591.0862898258697,11.38,,34.7852903247553,90.1109924316406,25.9334297180176,10.358
TUR,2003,0.293850680205267,5.799093210385252,4649.636680685855,12.33,,41.1128169663371,91.8227310180664,29.7210502624512,10.542
TUR,2004,0.842555693712634,9.925405519186242,5979.605421614805,14.58,87.370002746582,50.5995404724097,88.3136901855469,30.7662506103516,10.838
TUR,2005,2.29305950995764,9.111577458616352,7331.854294302553,15.46,88.2300033569336,62.9009716591727,84.943717956543,33.2225189208984,10.636
TUR,2006,3.95984178763961,7.067626076239392,7990.082514072445,18.24,88.120002746582,75.1837213345885,88.5527877807617,37.3102416992188,10.227
TUR,2007,6.71903551441963,5.108185139036038,9766.91734545294,28.63,88.6600036621094,87.5975882376437,90.7344512939453,39.3874015808105,10.285
TUR,2008,8.04468546010892,0.9201182213658824,10913.407904776936,34.37,,91.981497306586,89.0569686889648,40.7729606628418,10.965
TUR,2009,8.90126340981216,-4.882694017066328,9076.924722369766,36.4,90.8199996948242,86.6344934581247,80.1907424926758,46.9404602050781,14.026
TUR,2010,9.67754012450092,8.54219848467686,10698.96994097566,39.82,92.6600036621094,84.215890954924,84.2024002075195,56.7506217956543,11.879
TUR,2011,10.2288570173419,10.979962527359843,11373.635576088516,43.065710430925,94.1100006103516,88.0166628392838,87.80322265625,61.516300201416,9.789
TUR,2012,10.4644431033188,4.807626966334482,11776.759336203271,45.13,94.9199981689453,90.0040810031246,85.0204315185547,70.1044998168945,9.21
TUR,2013,11.640102340966,8.488256892985106,12635.557001606836,46.25,95.2600021362305,91.1758435342703,102.209701538086,79.6469573974609,9.713
TUR,2014,11.3618631179594,4.600794472705587,12209.386232767443,51.0373665521645,95.4400024414062,92.1219361989572,105.97550201416,86.9976806640625,9.901
TUR,2015,11.8786301825878,5.805573866286835,11064.649450466248,53.7449791423583,95.5999984741211,92.0327105332494,107.243186950684,95.5645065307617,10.304
TUR,2016,12.859061240418,3.323665082004453,10984.36431690613,58.3477340145685,95.8600006103516,91.9286950751339,108.547561645508,103.71558380127,10.899
TUR,2017,14.3528880563786,7.825857300025945,10756.387767788296,64.6846176835371,96.1500015258789,93.6407569517097,112.977333068848,110.534072875977,10.919
TUR,2018,15.8823338271459,3.468153060922191,9684.118198847204,71.0427608433809,,94.9085818111026,112.115409851074,115.462463378906,10.956
TUR,2019,16.6733436685105,1.3016236546450273,9395.233780013676,73.9767022871511,96.7399978637695,94.6498130829997,111.910400390625,117.005470275879,13.73
TUR,2020,19.4384064376386,1.803062470872547,8798.11791709313,77.6695605,,95.3960853737199,112.527458190918,118.883682250977,13.148
TUR,2021,20.9211211378579,11.811094450607,9981.763984113362,81.40843745,97.2600021362305,99.5415432248525,114.147331237793,125.763786315918,11.969
TUR,2022,21.8230372591075,5.441225113224007,10897.83978613649,83.43716576,,103.720593629066,116.040176391602,127.577972412109,10.465
TUR,2023,22.4591697943845,5.045123698122893,13375.094728286427,85.96074155,,105.684032912794,118.411979675293,105.88606262207,9.388
TUV,2000,,-0.9249827877278848,1559.220722818257,5.24163958486214,,0.0,,,
TUV,2001,,0.6956327211543112,1475.037059362579,5.7,,0.0,72.7853164672852,,
TUV,2002,,8.317340871061376,1729.1696858897524,6.3,,0.0,,,
TUV,2003,,-4.350785934349815,2020.1010388605496,6.9,,0.0,,,
TUV,2004,0.509372453137734,-1.888139645229586,2330.774033519885,7.6,,5.09372453137734,,,
TUV,2005,1.50905432595573,-3.746648964986477,2298.4425726576064,8.300000191,,13.0784708249497,,,
TUV,2006,2.48607796340493,1.301038463489519,2413.978364539132,9.100000381,,15.9108989657916,,,
TUV,2007,2.65173836181497,6.90547330117343,2803.7536547784853,10.0,,17.6782557454331,,,
TUV,2008,2.80980525142912,6.579199771592741,3062.001259659708,11.19999981,,,,,
TUV,2009,0.955931555300641,-5.619922229802981,2662.428656344478,12.80000019,,9.5593155530064,,,
TUV,2010,2.26116449971735,-2.4682625037419825,3054.961541833531,14.60000038,,15.0744299981157,,,
TUV,2011,4.17439703153989,7.52010985962886,3679.532572626703,16.5,,19.7588126159555,,,
TUV,2012,4.115602707152,-2.8527626821171026,3558.89749224226,18.70000076,,25.6081946222791,,,
TUV,2013,4.09053722388874,3.8050233011695127,3524.002776341425,21.20000076,,30.9062812471593,,,
TUV,2014,4.09686817188638,1.66722583350807,3518.132492271065,24.10000038,,34.5957756737072,79.6419067382812,,
TUV,2015,4.10471586244641,9.37896384662504,3352.6672240018106,27.29999924,,60.2024993158807,87.6274566650391,,
TUV,2016,4.11710887465691,4.776504973365391,3779.1529391628537,31.0,,69.5333943275389,77.9319915771484,,
TUV,2017,4.14021529119514,3.268029140331421,4166.791624228182,35.20000076,,73.6038273990248,,,
TUV,2018,,1.3866838615233237,4467.211440270647,,,79.0624127988094,78.7418670654297,,
TUV,2019,,13.446504816319788,5058.85266607659,,,85.0581230507513,80.2197799682617,,
TUV,2020,,-3.030303030303031,5029.571592841728,,,86.5467833445524,77.0771513353116,,
TUV,2021,4.41436138905238,0.0,6042.519831411551,,,88.2872277810477,88.8804841149773,,
TUV,2022,4.52361889511609,-10.9375,5414.746429124121,,100.0,98.8590872698158,92.0868890612878,,
TUV,2023,,3.508771929824576,5143.839743722599,,,,93.2753164556962,19.3509615384615,
TZA,2000,,4.520784636032559,401.698150634766,0.11719444010825,,0.322584797452223,,0.64341002702713,3.129
TZA,2001,,6.070808287341293,396.638732910156,0.171300350668948,,0.782878740816424,,0.662460029125214,2.994
TZA,2002,,7.093194983555023,402.649047851563,0.222484413923909,69.4300003051758,1.68005839434811,,0.697420001029968,3.023
TZA,2003,,6.672789830534967,422.18359375,0.676962856510303,,3.49963756642537,,0.897960007190704,3.053
TZA,2004,,7.503814658598287,450.385284423828,0.87757497099259,,5.09581977990467,,1.21524000167847,3.105
TZA,2005,0.0066076131341279,7.476319259747839,483.334869384766,1.100000024,,7.56468340268647,,1.42771995067596,3.193
TZA,2006,0.0074401471431795,6.532221388478135,475.746734619141,1.299999952,,13.9198750253816,,,3.299
TZA,2007,0.0081910415394408,6.768535202937159,543.198303222656,1.6,,19.9152842614808,,1.46310997009277,3.023
TZA,2008,0.0150854831517093,5.686416859052244,675.977233886719,1.899999976,,30.5533722608643,,,2.775
TZA,2009,0.0159210772924644,5.269105248734633,693.823547363281,2.400000095,,40.036423904653,,,2.5
TZA,2010,0.0168772457192924,6.33652342666889,736.530151367188,2.900000095,,46.8823991552172,31.8920497894287,2.13913621753427,3.03
TZA,2011,0.0614129670738248,7.672155434860642,775.392761230469,3.200000048,,55.7610427273527,,,3.47
TZA,2012,0.0872309140026673,4.50015356010131,861.969909667969,3.950000048,78.0999984741211,57.4558483868666,,3.96461947161333,3.223
TZA,2013,0.11556786021862,6.781585600653159,963.05712890625,4.400000095,,56.2075025692215,32.3857446198788,3.67337417645482,2.93
TZA,2014,0.168018787598672,6.732461868324833,1022.74841308594,7.0,79.8949432291161,63.2804353521698,29.6310806274414,,2.125
TZA,2015,0.203764013437506,6.160628774066822,939.127319335938,10.0,77.8899993896484,76.2492627491202,26.090669631958,3.98361077132501,2.009
TZA,2016,0.591695,6.867116196445508,953.0107421875,13.5042328468919,,74.3983656514054,25.6429992626308,3.72893939925404,1.931
TZA,2017,1.37184,6.727269968324379,986.674011230469,14.46339989,,71.7911684370749,26.3711632016128,4.78205361153138,1.854
TZA,2018,1.49944,5.502675993849664,1023.10626220703,15.49069977,,75.7301934140355,28.5933897410534,4.27996511118124,1.792
TZA,2019,1.75692,5.799999999967227,1063.32250976563,16.59090042,,80.5835569684446,30.1824263288684,2.85588898826608,1.735
TZA,2020,1.86248,1.9919646064785468,1117.41528320313,19.48139954,82.2361019196766,84.0050558283384,30.9205938581875,7.18188265775187,1.792
TZA,2021,1.97842,4.321384294804815,1159.85656738281,22.87540054,,86.0162814148027,28.231330871582,3.59164319762461,1.876
TZA,2022,0.110774196881278,4.566005764309551,1207.52062988281,26.86059952,78.2099990844727,93.0159746238635,,5.32159018874409,1.573
TZA,2023,0.10501728326893,5.069523532033941,1224.00219726563,28.43190002,,105.40028112088,,5.16887784940301,1.565
UGA,2000,,3.1419073381869964,258.050338731086,0.163714063074854,,0.528800861661281,,2.61231994628906,3.531
UGA,2001,,5.183661124902358,236.02118885399332,0.237945087191408,,1.14573552163214,,2.85116004943848,3.522
UGA,2002,,8.732685764401268,241.9846884083346,0.384093504951945,68.1399993896484,1.54040654262525,,3.54375004768372,3.5
UGA,2003,,6.473258671665434,250.7154366468096,0.464849840113968,,2.94537548472374,,3.77904009819031,3.6
UGA,2004,,6.807233343618833,292.38185796262013,0.719970679914031,,4.29039148738249,19.1225490570068,3.65948009490967,2.699
UGA,2005,0.0030396996576475,6.332565116231564,330.40540270702513,1.742200017,,4.70366701141629,,,1.9
UGA,2006,0.0042022639228036,10.78474438574534,346.5182553106472,2.52940011,71.370002746582,6.97651521394924,,3.56147003173828,2.264
UGA,2007,0.0062724615668406,8.412425965510707,401.3891308655809,3.67196535074744,,14.147698933985,24.0911102294922,,2.667
UGA,2008,0.0157107735008433,8.708751901544986,472.8426814958519,3.880000114,,28.0124073852685,,3.80542993545532,3.035
UGA,2009,0.0190772032476649,6.801517348603952,798.9470899382466,4.099999905,,29.8359001233373,,4.19193983078003,3.6
UGA,2010,0.043222146830449,5.637611637497571,823.488144282,4.300000191,73.2099990844727,39.6046507276973,,3.9166100025177,3.623
UGA,2011,0.106474251498514,9.391655492717604,835.620060555838,4.599999905,,50.0591238800663,,4.37658023834229,3.523
UGA,2012,0.1118312903834,3.837455606052288,795.222867553127,4.800000191,70.1999969482422,47.6342672974029,,3.74987006187439,3.551
UGA,2013,0.117440503367543,3.5869058262302502,818.2854274167128,5.099999905,,51.1323160552035,,,1.91
UGA,2014,0.151661444002794,5.106307325397964,896.0547955463935,5.400000095,68.5100021362305,55.9572451997482,,4.61899995803833,2.357
UGA,2015,0.215083639463292,5.187859860024659,862.9346103558107,5.699999809,,53.8755501186925,,,2.681
UGA,2016,0.237414982677972,4.781000292544817,752.6965717256556,5.9,69.0999984741211,58.8633638178484,,,3.002
UGA,2017,,3.1314055172359616,765.2183322973606,7.417900085,,62.0968142578109,,,3.428
UGA,2018,,6.303923782629965,792.1657002281404,9.326299667,,58.8753608703264,,,3.249
UGA,2019,0.0752797052682096,6.438745032764388,822.1711500363574,11.72579956,,59.0598078769828,,,3.057
UGA,2020,0.077818750062982,2.951306422180977,845.7664638901235,7.4,,62.2824129624858,,,3.819
UGA,2021,0.0838841644026815,3.53658034070898,882.7917175425043,10.0,79.0476540680567,65.6220730009172,,,3.416
UGA,2022,0.0850849430150062,4.588021921817727,963.0673141171784,9.636899948,,70.1401117953081,,,2.885
UGA,2023,0.0912969650305002,5.336972955114689,1002.3091391714248,9.286999702,80.5100021362305,76.2966796632588,,,2.754
UKR,2000,,5.900000000248994,653.294311523438,0.716183762031043,,1.67592702664619,97.8325805664062,50.5071182250977,11.707
UKR,2001,,8.800000003672224,800.49072265625,1.23875954748114,99.4300003051758,4.59600703553104,99.4165725708008,52.9101104736328,11.061
UKR,2002,,5.339647207190751,903.011901855469,1.87388511643427,,7.69639725156479,100.038528442383,56.645679473877,10.136
UKR,2003,,9.516609864363645,1076.48156738281,3.14812758815439,,13.657727308332,101.250122070312,60.2553215026855,9.057
UKR,2004,,11.795352528113613,1401.01806640625,3.4894778812677,,29.0897362980988,98.8390197753906,63.4407501220703,8.59
UKR,2005,0.277231826563428,3.071230392452094,1875.33508300781,3.749799967,,64.0053648197035,95.1181106567383,66.8898620605469,7.18
UKR,2006,1.11548751663283,7.571420763229668,2366.494140625,4.50612456357379,,105.276792245749,97.1627883911133,71.939811706543,6.81
UKR,2007,1.72464510306964,8.215844451657148,3160.32763671875,6.55,,119.08760668951,97.6914291381836,76.2627563476562,6.351
UKR,2008,3.4642209843887,2.24349159628288,4017.806640625,11.0,,120.558086000585,97.740348815918,79.7325210571289,6.363
UKR,2009,4.14770623244446,-15.13646791015016,2607.08764648438,17.9,,119.456421121144,97.3778762817383,82.4992523193359,8.84
UKR,2010,6.45490404640707,4.092004366680868,3039.63232421875,23.3,,117.767819669863,98.1416817681323,81.9082510858655,8.1
UKR,2011,6.95621082243456,5.4452808104847605,3656.69799804688,28.7082628400713,,121.941606633464,96.1171826388401,84.7981059629784,7.851
UKR,2012,8.03755151150735,0.1523149672006525,3951.34228515625,35.27,,130.859020572585,99.4775493061556,83.8798999891598,7.529
UKR,2013,8.85842948316205,0.045439094492707,4129.89697265625,40.954128997,,138.441124320457,99.4303801060075,81.5320112568844,7.17
UKR,2014,9.3062102695115,-10.078894984095273,3054.908203125,46.2359754571651,,144.278847394403,98.2963249258606,83.7842174613245,9.27
UKR,2015,11.6437042355302,-9.772987212867603,2094.47387695313,48.8846436813218,,142.003037907188,90.502896110392,76.8646556476929,9.14
UKR,2016,12.0342584918375,2.440981944920665,2158.46118164063,53.0009695981884,,133.168953931474,88.5457508688536,77.0398374695438,9.35
UKR,2017,12.3535432124088,2.35997228099491,2604.28759765625,58.8894794459775,,131.356511508927,86.788702271804,80.1990246943391,9.5
UKR,2018,12.8032560497243,3.488362340226587,3059.0517578125,62.5531553933869,,127.753861022152,85.8331876808318,81.4946716210446,8.799
UKR,2019,16.1591311845578,3.199503863541338,3619.86157226563,70.1248442995263,,130.629436256062,84.4568283620119,84.48135621115,8.194
UKR,2020,18.617022844321,-3.752817939831616,3709.76928710938,75.03790912,,129.341230786476,84.4283338575221,82.1345992180731,9.475
UKR,2021,18.2677942438439,3.4456206594594363,4775.94580078125,79.21829353,,135.025688989835,84.6516335033103,75.9079435107907,9.834
UKR,2022,17.5398140646824,-28.75858421550849,4199.6708984375,80.47429657,,120.261144906234,,,
UKR,2023,21.3774151510902,5.534733549633344,5139.59814453125,81.58059692,,133.38012811971,87.0823822021484,82.5533599853516,
URY,2000,,-1.9299306354923544,6987.7009876625725,10.5390577480141,,12.5768858424729,96.8511276245117,33.8414497375488,12.627
URY,2001,,-3.8441299594037446,6382.761047408588,11.1214376832783,,15.8812198576102,100.673240661621,37.7791595458984,15.052
URY,2002,,-7.732007215400444,4149.761403126869,11.4194701966853,,15.6617514525597,105.918418884277,39.5832290649414,16.648
URY,2003,,0.8052839158938241,3671.1232925688273,15.9371367159756,,15.163114800563,109.803192138672,41.7629699707031,16.661
URY,2004,0.822381446099902,5.004160355644572,4168.660654383865,17.0630983403661,,18.2680768579424,108.258857727051,42.7656097412109,12.98
URY,2005,1.47724841445128,7.4601321302473025,5284.25677987129,20.0881895579305,,35.1492237286165,102.750953674316,44.3836708068848,12.009
URY,2006,3.24006096964103,4.098577354454008,6001.332947831721,29.39999962,97.7900009155273,70.8316385499829,102.318283081055,45.3399810791016,10.844
URY,2007,5.00790099883071,6.541510845048165,7222.054036458771,34.0,97.8600006103516,91.1740061842348,92.9150619506836,50.3921318054199,9.403
URY,2008,7.40514515121388,7.1761446645510745,9423.965625958926,39.3,98.1600036621094,106.227376666968,88.0473403930664,51.0627593994141,8.025
URY,2009,9.59139794041916,4.243494194624262,9881.395731270806,41.8,98.2600021362305,124.212899282829,89.2928771972656,50.9438095092773,7.74
URY,2010,11.5576240440188,7.803409650716901,12641.057684900788,46.4,98.0699996948242,133.706525080004,98.6642990112305,51.8884303512712,7.158
URY,2011,14.2140328992358,5.162133024636063,15132.26757255872,51.4046610563616,98.3399963378906,143.001961329496,101.560180664062,52.5558159999377,6.307
URY,2012,17.4092710291806,3.5381787205686948,16259.594081425614,54.453768680746,98.4000015258789,149.770867131119,102.977226257324,54.7069093768187,6.451
URY,2013,22.0329969745948,4.637538629024164,18335.25947723224,57.69,98.3600006103516,157.471339957678,104.664520263672,59.9512588300598,6.444
URY,2014,25.0350829208297,3.238791229523642,18322.427676715724,61.4624951684405,98.4400024414062,163.782686705197,106.469367980957,59.826704311423,6.547
URY,2015,26.7496571424669,0.3707412576813453,17125.901680029787,64.5707870971624,98.5199966430664,153.368406394623,108.043296813965,57.7897211461691,7.488
URY,2016,27.2743360055965,1.689798229717752,17009.75842072758,66.40000153,98.5599975585938,151.414841550708,112.032577514648,59.6462945758069,7.841
URY,2017,28.1333463973666,1.7403764914198945,19184.66261142716,70.3223543994698,98.620002746582,150.440084782428,116.472846984863,59.7518904286933,7.89
URY,2018,28.7930537740968,0.1647776088467054,19249.94046775007,80.7268428795854,98.6999969482422,131.363332934653,117.769058227539,60.2781342968002,8.336
URY,2019,29.8012543248776,0.9283510275463414,18315.73503774368,83.3515337667548,98.7699966430664,133.236724531865,119.848533190039,61.9644279466795,8.836
URY,2020,31.2948224284548,-7.357327068973007,15757.534199035645,85.47100067,98.9596198051761,133.90170192835,116.991828918457,64.9332150107214,10.413
URY,2021,32.5451063460216,5.8442732501808194,17881.811961675325,87.64440155,,138.112989243956,119.826342137062,75.1713873701582,9.328
URY,2022,33.4865565704576,4.606230009207323,21009.28837987253,89.87304314,98.8499984741211,139.828801269747,121.137930191204,76.3977408357972,7.877
URY,2023,32.4032099586757,0.7617492413216809,23378.63997335161,90.92590332,98.8254937778285,141.71948663565,119.105005958635,79.9536903496537,8.355
USA,2000,2.51164212166547,4.0775857599779926,36329.97025957508,43.0791626375201,,38.8931449211963,,,3.992
USA,2001,4.50008028890173,0.9555383375998474,37133.6203973517,49.0808315896951,,45.2019710071462,,,4.731
USA,2002,6.92533390658183,1.7004473307828505,37997.7424300242,58.7854038836952,,49.3931508029532,,,5.783
USA,2003,9.57004719771541,2.795605963786045,39490.30239031761,61.6971171244207,,55.4096280855899,,,5.989
USA,2004,12.7576071681207,3.847771692671273,41724.64119826138,64.7582564759896,,63.1242068595345,,,5.529
USA,2005,17.2991096639721,3.4835499371031204,44123.39964700257,67.9681015,,68.8835039746019,95.0524826049805,80.6348266601562,5.084
USA,2006,20.1645830201257,2.7845396367423945,46301.98764855189,68.93119812,,76.8586480652849,,,4.623
USA,2007,23.7552995298973,2.003858303949599,48050.22741219505,75.0,,82.5922706237223,,,4.622
USA,2008,25.290984615215,0.1135872475012576,48570.05942696015,74.0,,85.680465188068,,,5.784
USA,2009,25.9694510145971,-2.576500236665197,47194.95008938721,71.0,,89.0461412720864,,,9.254
USA,2010,27.1720060120338,2.6951925867352458,48642.6312088213,71.69,,91.6593077558393,,,9.633
USA,2011,28.117023946999,1.5644068520541907,50024.8812320773,69.7294607619268,,94.682964660635,,,8.949
USA,2012,29.1736109719443,2.2891133900976683,51708.39406140819,74.7,,96.1284261999864,,,8.069
USA,2013,29.9996164764959,2.1178300944347086,53297.38629015953,71.4,,97.0595305732914,96.1864929199219,88.7264175415039,7.375
USA,2014,30.270920842,2.523819817578456,55153.3940182967,73.0,,99.839569071329,96.9245376586914,88.6268692016602,6.168
USA,2015,31.3412129772455,2.945550452273366,56849.46979231594,74.5542024462761,,101.831958781319,97.6525497436523,88.8894119262695,5.28
USA,2016,32.1144006365866,1.819451479090887,57976.62820429104,85.5444212887222,,102.751864866695,98.7699279785156,88.8350524902344,4.869
USA,2017,32.5702836317829,2.457622301264493,60047.71907283069,87.2748891687657,,102.380562632686,98.9523391723633,88.1673889160156,4.355
USA,2018,33.0559177307939,2.966505067019426,62875.66613827284,88.498903165152,,103.935307364,99.2755813598633,88.2991790771484,3.896
USA,2019,33.835216356436,2.583825330522245,65227.95659110383,89.4302848575712,,105.32074052965,100.063430786133,87.8887100219727,3.669
USA,2020,35.7156999293054,-2.081375977796,64465.297141574825,90.34470367,,103.855170008567,100.509819030762,87.5676574707031,8.055
USA,2021,37.0074278936277,6.152022478675264,71441.23198059468,91.2684021,,106.324514306135,101.192489624023,84.8550872802734,5.349
USA,2022,37.4887954801437,2.524213850732224,78008.6895811877,92.72850037,,108.785640656159,97.4734878540039,79.361930847168,3.65
USA,2023,38.0939254696383,2.934363224401551,82586.78477078943,93.52559662,,112.410910606372,,,3.638
UZB,2000,,3.835000000140255,555.149231099186,0.484347307694947,98.6399993896484,0.214337694185037,85.3468933105469,13.0081100463867,12.301
UZB,2001,,4.163838249989027,454.4158122567783,0.597567993875805,,0.510205484728889,,13.297869682312,11.279
UZB,2002,,3.973488192357081,381.4092968892826,1.08193974248733,,0.735827351045158,,13.7379999160767,10.256
UZB,2003,0.01072292881496,4.232627381543821,394.1640288972349,1.91259517784997,,1.24776075726202,95.4466171264648,13.8350601196289,9.22
UZB,2004,0.0211837790801537,7.449000605596495,462.17149286788526,2.59372542084924,,2.09033264372718,96.2950973510742,13.8527898788452,8.152
UZB,2005,0.0313806876547859,6.950007195691072,542.8358086922086,3.34350988825952,,2.73172471423598,87.8653335571289,9.84444999694824,7.092
UZB,2006,0.0323569650043262,7.451418476217668,649.118167003925,6.38832196706805,,9.47736216612708,88.7272109985352,9.96053028106689,6.035
UZB,2007,0.0708376212623368,9.47300530544537,824.0281923347682,7.49060468138629,,21.020299595125,89.7682189941406,9.83143043518066,4.99
UZB,2008,0.239900135203875,9.029161017847812,1074.7292879670074,9.0801145234501,,45.0095498148121,88.2303695678711,9.89933967590332,4.89
UZB,2009,0.317598905743188,8.050933327339635,1205.7993547037972,11.9,,58.7627376005608,89.0436019897461,9.8161096572876,5.04
UZB,2010,0.415705113729521,7.597167961001602,1956.7812725567303,15.89999962,,73.8123181598383,89.9835586547852,8.85653237012253,5.36
UZB,2011,0.512642664609435,8.127936816256451,2338.5546281730585,18.6,,88.2684522563008,89.7831726074219,8.58497947573208,4.96
UZB,2012,0.753795814305037,7.356821388994831,2573.955867850559,23.60000038,,69.2849333824939,92.0473722973161,7.84954008903504,4.87
UZB,2013,1.03047816642845,7.921774926102103,2781.388694703151,26.79999924,99.9899978637695,72.3319640163618,92.0626676426806,7.97676963416095,4.86
UZB,2014,2.71465494120139,7.713739117079783,3021.003316680485,35.5,99.9800033569336,71.5984657244746,91.7418371921357,7.99231869405469,5.09
UZB,2015,5.81406186655157,7.944776593116387,3172.8989939108315,42.79999924,99.9800033569336,70.8415066778981,92.2428124917835,8.05320814639575,5.15
UZB,2016,8.77864127770599,6.711080226280004,3128.4230717009887,46.79130173,99.9899978637695,74.3669818295078,92.8148657883702,8.33958377998093,5.16
UZB,2017,10.4346190212708,4.700274019560609,2271.4730109510992,48.6999988524556,,76.2604866788199,93.8775736591193,8.64750307019382,5.83
UZB,2018,12.7372983265011,5.72368380757618,1894.0908874140791,55.2000006732722,99.9899978637695,71.744368617656,94.9465096520158,9.95855522351711,5.392
UZB,2019,10.5554301857614,6.7933109848452204,2128.660671383342,70.3999986481458,100.0,101.259829415713,96.2074737548828,13.0316667432446,4.936
UZB,2020,15.8070422134311,1.621622816404482,2087.9637471179203,71.09999824,,99.4063901870675,90.0642970154019,15.9720957084892,5.293
UZB,2021,21.8944210928633,8.204485123538774,2370.3648055566923,76.59043014,100.0,102.410090312681,97.2589036917117,22.0939011675309,5.364
UZB,2022,25.7992232452287,6.08592335737373,2698.6026295336947,83.90000012,100.0,105.471643327627,97.3779819618405,31.701936179599,4.456
UZB,2023,30.2699233460544,6.316030042019264,3015.977050694574,89.01361047,,106.884847592051,97.3839945834102,45.7591768686293,4.434
VCT,2000,,1.6390319039446697,3768.955366040222,3.24503741064558,,2.07935179884627,78.9735565185547,,20.8
VCT,2001,0.0713650099999119,1.7482310202889837,4071.086010989624,5.09480977832946,,6.60082290023876,,,21.1
VCT,2002,0.958119756147053,5.342127074367184,4303.279767897269,5.54959487957379,,8.80658508826877,85.5541229248047,,20.623
VCT,2003,1.01289541368735,6.691336653527969,4499.614541933418,6.46227416659743,,55.6040692587126,85.5010681152344,,19.985
VCT,2004,1.16984978065317,4.114698804447372,4873.489477424427,7.37116584201749,,63.8099880356272,94.3642807006836,,19.545
VCT,2005,3.24321920853713,2.488557339381316,5157.393738781021,9.19827808234299,,62.8012449977768,89.9227676391602,,19.461
VCT,2006,5.01544449800918,6.99692626758825,5744.8278621257,12.0,,78.2348634992055,,,19.162
VCT,2007,7.14778850723117,3.3229685982929027,6398.191235321719,16.0,,99.067523827456,104.393867492676,,18.934
VCT,2008,8.43390856360558,0.4046408086388879,6598.905314508585,21.0,,117.175847533955,108.906349182129,,18.79
VCT,2009,10.4128207912549,-1.3781936056056026,6463.78777336717,31.0,,109.597495203967,111.075256347656,,19.365
VCT,2010,11.3696923398721,-4.47046793507802,6551.968359924052,33.70000076,,119.85467310543,110.652717590332,13.4546976354886,19.924
VCT,2011,12.1162516346743,-0.6062766514832703,6527.68996854448,36.70000076,,120.539739732416,108.306083679199,20.6017072662919,20.006
VCT,2012,12.5220718069453,1.169112183764781,6713.807686438646,40.0,,116.789287816363,105.851867675781,19.8016733808491,19.833
VCT,2013,13.505340546539,2.4624841721544044,7072.46737188939,43.5,,115.945808480141,108.723846435547,19.7655115169122,19.356
VCT,2014,13.684846794067,1.1457271877622048,7168.828753429115,47.4,,106.957734691031,111.371963500977,23.9405403137207,19.237
VCT,2015,15.8563949139865,2.785097917635511,7353.735560541842,49.40000153,,105.99382946896,114.022842407227,23.6186294555664,19.135
VCT,2016,20.5596667575624,4.149681004698095,7656.900428811777,51.5,,105.923892091134,,23.6683079677708,19.029
VCT,2017,18.2400651126695,1.5481017323995587,7988.044450192978,53.70000076,,109.635350122559,,25.7215423689679,19.024
VCT,2018,23.4574843222843,3.175611442399102,8428.126771530695,56.0,,107.164096601414,,26.0140359224456,19.005
VCT,2019,20.8463332917335,0.6684284810842342,8740.594252320614,59.57630157,,92.5177839430914,127.1875,29.6853960093035,19.248
VCT,2020,23.8906168498735,-4.268924344226491,8351.203240409815,63.38100052,,96.9437629194598,127.844391153744,33.6692278624512,20.635
VCT,2021,27.1020312910221,2.0934012446545864,8641.279040244432,68.83339691,,95.5173520288601,130.489101541733,35.7032258064516,20.356
VCT,2022,28.9967269662701,3.110833003435204,9693.558678330251,74.75479889,,102.334241420536,128.182294394971,41.4983277591973,19.277
VCT,2023,30.4935700680004,5.326364720987172,10582.365672522892,75.53679657,,101.631416361537,125.381038491346,,18.348
VEN,2000,0.0182372620084196,3.535353535353522,4776.281676393798,3.3595974645036,,22.2091444151412,59.0772895812988,27.8114891052246,13.99
VEN,2001,0.146661787014387,3.41463414634147,4920.393136004533,4.63600094778677,92.9800033569336,25.9111457593823,63.1789817810059,,13.04
VEN,2002,0.307249610202931,-8.726415094339615,3652.0989650186502,4.91044632720325,,25.7193686771621,67.2197189331055,37.518970489502,16.17
VEN,2003,0.451853172687301,-7.751937984496138,3229.5055708207888,7.49996346522407,,27.0930423911324,68.4049072265625,39.2063407897949,16.78
VEN,2004,0.798034595558425,18.207282913165272,4269.089708723917,8.40446959241215,,31.9692942191133,71.0196380615234,41.2058296203613,15.07
VEN,2005,1.32980141271847,10.189573459715646,5432.485418465401,12.5529979098299,94.3707013803128,46.6505354851398,73.3435287475586,,10.663
VEN,2006,1.97478127020455,9.892473118279568,6739.380653422185,15.2247114771787,94.6620701964151,69.0162817672167,75.8546676635742,,8.606
VEN,2007,3.10246568790753,8.806262230919756,8331.620969918438,20.83,95.1500015258789,86.1507478490553,78.2070236206055,,7.279
VEN,2008,3.97495217742432,5.215827338129486,11262.451425675888,25.88,95.3116995541662,97.7210881589364,79.8805770874023,78.2515029907227,6.245
VEN,2009,4.92838214157542,-3.07692307692308,11596.602192173088,32.7,95.5100021362305,98.8932952316626,80.7918167114258,78.2699203491211,6.097
VEN,2010,5.80665024566429,-1.587301587301596,13646.304662266411,37.37,95.3924213233743,96.7619972595105,80.7240982055664,,7.112
VEN,2011,6.22108895422792,4.121863799283148,10843.922970316738,40.22,94.7699966430664,98.6184338835709,81.6782836914062,,6.902
VEN,2012,6.89152396038334,5.679862306368321,12582.012568603715,49.0500830729861,95.9871889937429,103.435247267139,83.8216934204102,,6.601
VEN,2013,7.4666228138768,1.302931596091213,8642.373800070265,54.90000153,,103.28923003251,91.4725494384766,,7.54
VEN,2014,7.9330889563685,-3.858520900321537,7101.150063829856,57.0,,100.905474597326,90.8081207275391,,6.821
VEN,2015,8.47031913288859,-6.187290969899664,4096.619891374734,58.0,96.6100006103516,95.1577930404332,88.8302230834961,,6.139
VEN,2016,8.49644019382612,-17.11229946524064,3671.2300409338336,60.0,97.129997253418,89.713138519105,85.1329498291016,,5.319
VEN,2017,8.53198574083448,-15.6989247311828,3791.632620495765,,97.1837183128414,80.1355411817503,83.9518280029297,,5.045
VEN,2018,8.73796850144755,-19.64285714285714,3421.513416075931,,,69.5499623049054,,,5.468
VEN,2019,8.85037434042832,-27.61904761904762,2523.1152754957848,49.05009842,,63.8474442929871,,,5.89
VEN,2020,9.00606477756336,-29.82456140350878,1506.04169391285,72.44110107,,58.1625657953324,,,7.53
VEN,2021,9.2424360147272,0.6250000000000142,2004.9357292113584,74.11219788,,60.2344883065715,,,7.027
VEN,2022,9.58036143387288,8.07453416149069,3155.041909235837,75.82180023,,66.4667731210739,96.7906723022461,,5.646
VEN,2023,10.638053537183,4.022988505747122,3617.4703839652807,76.33190155,,70.2197325918151,97.229606628418,,5.407
VGB,2000,,,,,,,96.0634918212891,49.8008003234863,
VGB,2001,,,,,,,95.9459533691406,43.8400993347168,
VGB,2002,,,,18.8857412653447,,37.3308446103593,93.7610397338867,47.8233413696289,
VGB,2003,,,,,,,94.2840576171875,,
VGB,2004,,,,,,,97.431510925293,65.4377899169922,
VGB,2005,,,,,,,106.810440063477,,
VGB,2006,,,,,,,110.118041992188,,
VGB,2007,,,,,,81.6052984309706,107.31844329834,,
VGB,2008,,,,,,87.492391965916,,,
VGB,2009,28.2533617459034,,,36.0,,172.793739437137,104.85961151123,70.4889373779297,
VGB,2010,24.8563685636856,,,37.0,,171.721770551039,105.89769744873,,
VGB,2011,25.4301637060258,,,37.4,,162.302333681644,98.2626469085335,,
VGB,2012,24.5015653320152,,,37.6,,160.497610809029,97.9949874686717,,
VGB,2013,19.4997318865722,,,,,168.457243793963,96.7221135029354,,
VGB,2014,19.3950609793095,,,,,166.142831138887,96.8795709410044,,
VGB,2015,19.3054669835933,,,,,165.792219838831,99.2168379833578,40.3414634146341,
VGB,2016,18.3540941023673,,,77.7014296797074,,117.152724481965,98.6420950533463,39.173320807891,
VGB,2017,15.3001620844674,,,77.7042682926829,,134.692192421787,88.7795275590551,,
VGB,2018,13.6047551721153,,,,,115.28406959633,65.9177456207159,17.7551020408163,
VGB,2019,16.290699271878,,,,,108.624811100426,71.8634001484781,24.2532322781988,
VGB,2020,19.0925003366097,,,,,94.6896458866299,73.9501779359431,30.475763016158,
VGB,2021,20.8865614007247,,,,,99.5556613504721,75.2016129032258,30.3667262969589,
VGB,2022,20.5485529371852,,,,,92.8912549909966,72.2840270996094,29.0409725348942,
VGB,2023,23.5269975631653,,,,,90.8246761574965,70.4463994786575,26.6493055555556,
VIR,2000,,,,13.8150805419196,,32.2345941664594,,,9.834
VIR,2001,,,,18.3757660397468,,37.7793135222299,,,9.969
VIR,2002,,,30062.022505045665,27.4944323774436,,41.6443763950635,,,10.227
VIR,2003,,-0.3960808838857588,31731.256624118705,27.4290729887632,,45.5764075067024,,,10.574
VIR,2004,1.37617656604998,3.2858936793637668,35006.36144045139,27.3770087880198,,59.5354013075532,,,10.266
VIR,2005,2.75728119249856,3.485309017223898,40828.74609277752,27.3443196733265,,74.6240915934056,,,10.228
VIR,2006,,3.504993146661434,41377.14660096522,27.3326105376325,,,,,9.734
VIR,2007,5.53301812009811,4.010594021944769,44158.505404432464,27.3393358364014,,,,,9.523
VIR,2008,6.93343305908751,1.2186249545289058,39152.3750657306,27.3617774210613,,,,,9.605
VIR,2009,8.43020260586929,-6.594788858939808,38753.18253938969,27.3965096846662,,,,,10.864
VIR,2010,8.55979155496609,0.5963832243170515,39905.12841809943,31.22,,,,,11.059
VIR,2011,,-8.204245553643148,38997.13731646505,35.6,,,,,11.337
VIR,2012,,-14.8125,37795.319259067546,40.5479,,,,,11.387
VIR,2013,8.82150508448288,-6.285155294693084,34597.97669403282,45.3,,,,,11.802
VIR,2014,8.9216560946676,-1.7745302713987456,33045.36437959993,50.07,,,,,11.871
VIR,2015,8.97773521666268,-0.4250797024442079,34007.35294117647,54.839137296,,,,,11.649
VIR,2016,,1.6008537886873029,35324.97488745861,59.60831579895,,,,,11.734
VIR,2017,,-0.735294117647058,35365.069303977405,64.3774942980087,,,,,11.445
VIR,2018,,1.8783068783068728,36663.20875505837,,,,,,11.703
VIR,2019,,2.908335497273427,38633.52989153362,,,89.5124925872467,,,11.774
VIR,2020,,-1.6149381781478669,39787.37416502023,,,91.2127880328822,,,14.366
VIR,2021,,3.667607078738144,42571.07773684707,,,91.7189273471447,,,13.508
VIR,2022,10.0662374143133,-1.311232063334984,44320.90918577405,,,91.4619626157421,,,12.092
VIR,2023,,,,,,,,,11.358
VNM,2000,,6.787316404631511,404.0297840551184,0.254248275754934,90.1600036621094,1.02205833472481,,9.24740982055664,2.26
VNM,2001,,6.192893312333766,419.2056775809007,1.26565123612317,,1.60472650276049,,9.30103015899658,2.76
VNM,2002,0.0013659637183787,6.320820991608329,445.1328618173133,1.85499923592581,,2.41504924375374,,9.55722999572754,2.12
VNM,2003,0.0115379137921016,6.899063490552578,497.1170892492557,3.78028081370641,,3.44629189737938,,9.91792964935303,2.25
VNM,2004,0.0656082587863865,7.536410608903864,565.452284586212,7.64240852842363,,6.17384058852335,,,2.14
VNM,2005,0.25900649826073,7.547247728959178,710.7467599948609,12.7399292907031,,11.8305581224757,,15.8760204315185,2.078
VNM,2006,0.628674967791862,6.9779548105671125,807.7566451170537,17.2545617186662,,22.9925319860626,,16.8052501678467,2.046
VNM,2007,1.54736192339482,7.129504486054387,925.6403383487174,20.7554447679753,,53.8350245939495,,18.9504508972168,2.026
VNM,2008,2.40555802078403,5.6617712089136205,1163.8319577287318,23.92,,87.903278335388,,20.0552005767822,1.889
VNM,2009,3.71753218927158,5.3978975401418126,1226.1697605153618,26.55,93.5199966430664,113.606245143275,,21.5007190704346,1.737
VNM,2010,4.19566019392431,6.423244822394821,1683.1618244397855,30.65,,127.574189111237,,23.9250975429329,1.114
VNM,2011,4.33850926558858,6.413168896816828,1950.925041749125,35.07,,143.91372373164,,25.8674734818525,0.999
VNM,2012,5.33498939497012,5.504544704118899,2185.117676542914,36.79999924,,147.104457946743,,25.7487091222031,1.027
VNM,2013,5.68885880294,5.553510810260718,2359.517364728279,38.5,,136.614018439735,,25.6249412769592,1.316
VNM,2014,6.54510757019409,6.422243121185673,2546.384644599033,41.0,,148.504309214861,,31.3306389293887,1.256
VNM,2015,8.24967739226207,6.98715430598611,2577.568853401125,45.0,,129.627056599416,89.4548341262217,29.7250797402999,1.848
VNM,2016,9.679017739946,6.690008926604236,2735.060438041602,53.0,,128.297962650408,90.1583347107672,29.0811980839409,1.848
VNM,2017,11.8410316814328,6.94019037359206,2956.109921277532,58.1400000036297,,126.097912313395,91.0725198149335,25.9526307046456,1.874
VNM,2018,13.5025072757898,7.465006855727509,3222.3100312536644,69.8479286837965,,146.137840768403,92.8377710790826,,1.161
VNM,2019,15.2328957557438,7.359262701050056,3440.9002537543365,68.6615802057338,95.75,140.192561828615,94.654621676317,30.2241191864014,1.681
VNM,2020,17.0262915402718,2.865413209122721,3534.0395348264683,70.30000012,,141.655558720912,93.1921389514105,,2.103
VNM,2021,19.5362327330994,2.553728526481308,3704.193559003796,74.20999985,,136.806313165021,92.7690209240401,41.9554971195048,2.383
VNM,2022,21.3681380805533,8.537500412181416,4147.69777213621,78.58999918,96.129997253418,137.852422819653,93.4123434096522,44.7536854027422,1.57
VNM,2023,22.6806675035061,4.978659594832251,4322.825722615656,78.08,,130.991428667547,,32.8415128147815,1.645
VUT,2000,,5.924809056529185,1460.2381769222932,2.10833689115184,,0.195940541440082,34.476390838623,4.54419994354248,8.266
VUT,2001,,-3.397582489382657,1350.1833823852155,2.83057223877678,,0.183216336615523,34.9720115661621,4.5063099861145,8.415
VUT,2002,,-5.198318759360248,1340.7153752828683,3.51003871071264,,2.50174867126512,38.2522010803223,5.41701984405518,8.598
VUT,2003,0.0074721289589829,4.2883351169545705,1566.513967908582,3.90329584542948,,3.88550705867116,38.7092895507812,4.86402988433838,8.659
VUT,2004,0.0111807341367258,3.9873928021695946,1774.318675858938,4.74660261917533,,5.10619266835512,40.8122901916504,4.87792015075684,8.432
VUT,2005,0.0279939267413171,5.30532647259227,1873.9914264061863,5.082300186,,6.02201556272537,,,8.121
VUT,2006,0.0439971656562756,8.460697472054264,2034.792896243511,5.850599766,,6.94692089309615,,,8.006
VUT,2007,0.0587501581735028,2.875892287753757,2333.7050674891443,6.800000191,,11.7500316347006,,,6.855
VUT,2008,0.088146110993583,5.600991821472249,2603.608831367241,7.26911992337492,,15.8662999788449,,,5.663
VUT,2009,0.214840309198173,3.0373035409963904,2546.383245659856,7.5,,56.5812031916676,,,4.565
VUT,2010,0.209865350391189,1.2588672032925388,2815.1882898577883,8.0,,71.3269366374534,55.240120859084,,4.681
VUT,2011,0.138413136515603,3.139802900234372,3163.1861645138,9.199999809,,56.2507701027625,,,4.811
VUT,2012,0.124556518524769,1.0100476869201742,3004.784166642932,10.59799957,,58.6958530715236,,,4.936
VUT,2013,0.121816081294551,0.4633904151354358,3392.5667509168206,11.30000019,,50.0011788653029,,,5.038
VUT,2014,1.75568705810022,3.1051294727331538,3378.364119651348,18.79999924,,59.9642637565324,,,5.137
VUT,2015,1.61480039533861,3.5010126896209783,3214.4194858714127,22.35140038,,65.6961078688167,57.2510185241699,,5.168
VUT,2016,1.61198440204787,3.619808306709274,3339.834364710426,,,80.3430520385024,,,5.197
VUT,2017,,4.223321925199656,3585.317980812164,,,81.8708326900222,,,5.247
VUT,2018,,2.5153278949197926,3626.1886252247286,,,88.1402514907505,,,5.353
VUT,2019,2.70150863914242,3.276772573803143,3635.6234487818474,,92.4744486976738,90.8330907409627,,,5.444
VUT,2020,0.931880692502794,-5.725302820738506,3404.303591676244,,89.7930993872856,82.3909682859418,59.1688003540039,,4.046
VUT,2021,1.03214458524592,-1.1633248862609094,3576.1377095436333,,,81.6914485987419,62.9433097839355,,4.776
VUT,2022,1.1263520377197,5.591957297508031,3679.53524327491,,,81.6202730589115,81.9551276325385,,5.077
VUT,2023,1.23342353055002,5.829730132697193,3708.1894241125287,,87.9599990844727,89.2943082123161,134.670675170038,,5.011
WSM,2000,,5.093044692444181,1424.7524000247056,0.566392532680849,,1.37600792580565,77.3879165649414,7.18760013580322,4.733
WSM,2001,,7.390129061729894,1453.8702132460612,1.68990283058724,,1.36488212877936,78.0200500488281,,4.96
WSM,2002,,5.651959198903484,1527.5579045593702,2.24483267578443,,1.46364469211963,78.0871734619141,,4.975
WSM,2003,,5.212628926341495,1798.1242971404845,2.79963044878076,,5.66251415628539,81.3155212402344,,5.038
WSM,2004,0.0171813003022835,3.0872602379674987,2189.2604260799185,3.07552941044897,,8.59065015114175,81.9052886962891,,5.162
WSM,2005,0.0347634481061943,6.639203613007339,2550.0422143751075,3.35259211246829,,12.8357346853641,81.7751388549805,,5.212
WSM,2006,0.0522084716236302,2.132127146773513,2663.2913593953203,4.46917387320954,,24.2396475395426,81.539176940918,,5.321
WSM,2007,0.0688730775139998,0.4859825500172547,3038.619040933768,4.75,,45.5621897400306,80.4865264892578,,5.425
WSM,2008,0.0841631291851431,3.556104673950003,3373.606398842629,5.031599998,,,,,5.538
WSM,2009,0.104431552949408,-0.5416776018345928,3279.1826947729483,6.0,,,82.5911865234375,,5.646
WSM,2010,0.103614595151873,6.124719922612499,3524.247924620296,7.0,,46.6265678183429,84.0352967940982,,5.621
WSM,2011,,3.849077946603956,3821.506782644792,11.0,98.9700012207031,,82.7630728993357,,5.68
WSM,2012,0.551659558875917,-3.73213020890266,3934.603207999815,12.92249966,,51.0447943490519,82.3821348963746,,8.752
WSM,2013,0.624407367805193,0.1072932764889316,4023.5254013824974,15.30000019,,50.3797889725019,,,8.772
WSM,2014,1.01031309207797,0.6599237687828605,3982.680802020837,21.20000076,,53.2521483525548,87.4514117977902,,8.72
WSM,2015,1.03279777185279,3.850361816649397,4084.3608381993263,,,59.7263383255196,87.5602107303153,,8.901
WSM,2016,1.06585290345407,7.9838628784712995,4147.070976748883,,99.4000015258789,74.2057700529241,87.3532286947715,,9.063
WSM,2017,0.823698366721028,1.4062823997130067,4307.59381964907,,99.7071903264793,60.4683202297787,,13.2596995097127,9.4
WSM,2018,0.815099575107668,-0.6096471033801407,4231.8140946919375,,,48.1737337534083,,14.1633542972529,8.649
WSM,2019,0.806559252550291,4.451858916886906,4351.942349437056,,97.9899978637695,40.0419487081705,,13.5792119039657,7.858
WSM,2020,0.798324085607519,-3.108644858639906,4099.596605485832,,,32.5557694485336,,17.3303454643177,7.467
WSM,2021,0.791471566430753,-5.043505897082866,4021.559348942834,,,32.2763227445165,,19.1409681560724,6.664
WSM,2022,0.87753935919651,2.2670531078066887,4132.447177344436,,,62.398669522115,,18.5508413272527,5.048
WSM,2023,,15.233606465518037,4822.740846500188,,,,,14.6106638814429,4.92
XKX,2005,,,,,,30.9070731001774,,,
XKX,2006,,,,,,30.9969946152374,,,
XKX,2007,,,,,,31.0996550262466,,,
XKX,2008,,,2889.146770869513,,,31.2073467202855,,,
XKX,2009,,5.034854138398927,2805.9469298537138,,,31.3147573301328,,,
XKX,2010,,4.939950959613952,2987.545234931277,,,31.41871135205,,,
XKX,2011,,6.319810228967612,3538.9480976252407,,,,,,
XKX,2012,,1.7121959589054825,3410.654979830112,,,,,,
XKX,2013,,5.3407991190027815,3704.558124111669,,,,,,
XKX,2014,,3.348804784316229,3902.493222619012,,,,,,
XKX,2015,,5.916231283452106,3520.6268532445147,,,,,,
XKX,2016,,5.571775047316322,3759.447775253321,,,,,,
XKX,2017,,4.825655652980544,4009.32022064732,83.8935968102791,,,,,
XKX,2018,,3.406632270562852,4384.187964405467,89.4430319734879,,,,,
XKX,2019,,4.75680057007834,4415.699274462303,,,,,,
XKX,2020,,-5.34027547826166,4320.583825472882,,,,,,
XKX,2021,,10.745656081958302,5269.699461814393,,,,,,
XKX,2022,,4.278498958275435,5298.147387102696,,,34.5402009143477,,,
XKX,2023,,4.067627014364376,6220.332139193437,,,,,,
YEM,2000,,6.1819155928913005,493.23518263481367,0.0825003865143108,,0.163278484393279,,,11.557
YEM,2001,,3.803645871881273,487.1412579463175,0.0908024587169292,,0.730920229146955,39.9282608032227,,11.724
YEM,2002,,3.935231505277798,513.2414865706028,0.518796032123435,,2.3358050933891,,9.18375968933105,11.839
YEM,2003,,3.747398184891111,548.9058830499728,0.604734100431821,,3.14667260491624,40.8348007202148,8.78116989135742,12.014
YEM,2004,,3.9726964011830006,627.6320233957623,0.881222988679516,,6.68019390846876,41.5881881713867,8.35861015319824,12.131
YEM,2005,0.0065730338434455,5.59174807563268,734.1599084509268,1.048599958,,9.99363977799995,40.5307083129883,8.33720016479492,12.213
YEM,2006,0.0118123866784992,3.1704093592236404,809.7131276247031,1.24782404904485,,12.6482202861877,,8.00743007659912,12.349
YEM,2007,0.0452338305298913,3.338427956050964,890.3057681149879,5.01,,17.8838117249543,,9.04864025115967,12.486
YEM,2008,0.103536401268225,3.647569470126328,1071.6358328210472,6.89,,25.6650810066812,37.9779014587402,9.20860004425049,12.656
YEM,2009,0.208271269780564,3.866229515877421,969.2435098644784,9.96,,32.0622049201079,,9.69779014587402,12.762
YEM,2010,0.313967200967826,7.70128607527964,1155.203052614175,12.35,,41.4324574134328,39.0662307739258,9.26154041290283,12.777
YEM,2011,0.39517241426816,-12.714896903513347,1186.475005812153,14.90499973,,42.3015755016596,40.6695289611816,8.80690002441406,13.311
YEM,2012,0.588387412982935,2.3929902136469394,1245.0506827207792,17.44650078,,48.8857444140036,40.9747505187988,,13.473
YEM,2013,0.876063250129158,4.823519084939122,1378.750029549281,20.0,,57.4650413919417,42.7084617614746,,13.673
YEM,2014,1.12484789327073,-0.1886902419545038,1430.1642096402572,22.54999924,,56.5732322792042,,,13.467
YEM,2015,1.26767609842289,-27.99454625025413,1362.1738120601008,24.08539963,,48.2100525815999,,,17.9
YEM,2016,0.860253866438112,-9.375123797367522,975.3594170032254,24.57920074,,51.1789525743709,43.6906890869141,,18.42
YEM,2017,1.11512157670075,-5.07179568062152,811.165970405745,,,46.4111228575355,,,18.611
YEM,2018,1.13342507603451,0.7524475929625538,633.8872024515454,,,44.8810541777362,,,17.593
YEM,2019,1.08796548403869,,,17.49099922,,43.3990001198471,,,17.213
YEM,2020,1.08205751326634,,,,,42.0037568704771,,,17.963
YEM,2021,1.09217148089821,,,,,47.8090200303014,,,18.312
YEM,2022,1.27124133725573,,,,,46.4534353720531,,,17.224
YEM,2023,,,,,,50.8937810578557,,,16.944
ZAF,2000,,4.2000000006782585,3217.8469344846712,5.34855973203537,,17.6824632903347,74.3193817138672,,22.788
ZAF,2001,,2.70000000019104,2847.1519194590805,6.34661931839768,,22.6775818427979,73.9493103027344,,22.652
ZAF,2002,0.0055581685033022,3.700374404066679,2688.236760328064,6.71032243705404,,28.5342918067619,74.4450225830078,,22.579
ZAF,2003,0.0418821737114134,2.94907546754213,4062.217559937858,7.00769172611251,,34.762637167057,75.5357818603516,,22.679
ZAF,2004,0.122470421913257,4.554559907217737,5221.463337317212,8.4251186825406,,42.5360187041727,78.2966613769531,,22.567
ZAF,2005,0.333986441269902,5.277051972954666,5836.876633251265,7.48854252992921,,68.6197925954101,80.4203414916992,,22.472
ZAF,2006,0.670247096714953,5.603806458958886,6077.382933888757,7.60713967477381,,79.3267335992398,83.7833480834961,,22.304
ZAF,2007,0.748091416929475,5.360474053941616,6591.85535960564,8.06537517355504,88.7200012207031,83.7149918944889,85.5366287231445,,22.26
ZAF,2008,0.833421387107038,3.1910438863287998,6184.754743283988,8.43,,88.0374704690533,84.0473480224609,,22.407
ZAF,2009,0.929854627958011,-1.5380891352558308,6374.705600429925,10.0,92.8899993896484,89.7686684071896,85.9605407714844,,23.523
ZAF,2010,1.41945452406807,3.039732881279562,7973.471957715169,24.0,92.879997253418,96.2325212467793,86.5922045596808,,24.683
ZAF,2011,1.71147559482032,3.168556278588184,8646.055710716348,33.97,93.0999984741211,120.765642853915,88.9442291259766,,24.639
ZAF,2012,2.0586596396561,2.396232384657452,8076.976784797406,41.0,93.7300033569336,127.16760060932,92.1625137329102,17.9447234835981,24.727
ZAF,2013,2.95399728205402,2.485468008265883,7331.654673849192,46.5,,140.576037974212,,18.6088225305342,24.561
ZAF,2014,3.06919322257941,1.4138264522379274,6856.731370925222,49.0,94.1399993896484,142.60448245213,101.163200378418,18.4813356370067,24.89
ZAF,2015,2.48458942184794,1.3218622367822943,6112.273824859742,51.91910172,94.370002746582,155.137526067883,104.622812990742,19.0332949537661,25.149
ZAF,2016,2.00974331775672,0.6645523078581164,5651.205851657492,54.0,91.7399978637695,143.92861725374,103.855987548828,18.9292980324153,26.536
ZAF,2017,1.94879126044618,1.157946951817351,6618.335082557006,56.16740036,,153.547950468153,105.623168945312,21.0902909603212,27.035
ZAF,2018,1.88868165955195,1.5567838472167637,6914.178031807599,62.40000153,,157.691905248121,101.399612936693,22.3515425184231,26.906
ZAF,2019,2.09833928490665,0.2599355768763303,6533.711210328561,69.69689941,95.0199966430664,162.73854828041,103.78912033531,22.2442465104023,28.468
ZAF,2020,2.15159473337087,-6.1689177146757,5580.603830751887,72.1128006,,158.447269436121,103.501178102472,22.6148742572009,29.217
ZAF,2021,2.75540858002384,4.858648650601481,6828.756245900167,74.96859741,90.0,163.12806305125,106.443303990911,22.3431289991291,34.007
ZAF,2022,3.12297476001713,2.058136616921928,6534.248677833969,78.29319763,,160.728511675754,104.535066506498,23.7271036201865,33.268
ZAF,2023,3.4056617766544,0.8061045509580396,6034.272089646732,78.33670044,,171.508619260428,104.133480684239,23.493768799339,32.098
ZMB,2000,0.0002096304006406,3.897322943418956,359.4295009882214,0.191071642503428,,0.986790190215631,,,12.93
ZMB,2001,0.0003002367512059,5.316868274184188,396.5489529935036,0.233129556342332,,1.17382884665021,,,13.404
ZMB,2002,0.000450791039664,4.506014280326042,393.86462551861615,0.477750906947484,69.1500015258789,1.30627973518656,,,14.131
ZMB,2003,0.0008285083344751,6.9449739822122325,446.2901048390412,0.980483039426114,,2.19418141328044,,,14.704
ZMB,2004,0.0022049359166244,7.032395115152184,548.6859745662773,1.1,,4.095483250513,,,15.332
ZMB,2005,0.0021333207723406,7.235599006555432,710.9820681716964,1.299999952,,8.10285575705197,,,15.9
ZMB,2006,0.0192834806031187,7.903694444800791,1051.717148956864,1.600000024,,13.7130197625584,,,13.229
ZMB,2007,0.0318342454507868,8.352436244474063,1118.7316262695265,1.899999976,,21.0028503587521,,,10.559
ZMB,2008,0.0437973895742092,7.773895815423629,1375.5021100699742,2.200000048,,27.1785188664379,,,7.93
ZMB,2009,0.0793305515504408,9.220348405866304,1136.2416831684773,2.5,,32.6653441943001,,,10.583
ZMB,2010,0.0735163860556164,10.298223324121269,1451.1061601715494,3.0,83.1399993896484,39.0029310604332,,,13.19
ZMB,2011,0.113694638710784,5.569252192630188,1624.8681776344254,3.5,,56.5498570557445,,3.99062158481189,10.548
ZMB,2012,0.100572436125372,7.597381049019944,1710.0506134372813,4.099999905,,70.5708583739075,,3.96159738763825,7.85
ZMB,2013,0.0873238692104427,5.0575369504725245,1820.718548273905,4.8,,67.5095981900639,,,7.272
ZMB,2014,0.129100933199499,4.693283163767049,1707.485731366938,6.5,,63.6342658198343,,,6.576
ZMB,2015,0.142629874135082,2.920375112179613,1295.877886800678,8.8,,70.4778478853307,,,5.951
ZMB,2016,0.18791063697532,3.7551003167898784,1239.0852787771328,10.30000019,,71.0460770668914,,,5.244
ZMB,2017,0.205901846878562,3.5258627714992627,1483.4657732806522,12.19999981,,77.0500111230113,,,4.529
ZMB,2018,0.401856748651311,4.034493896671648,1463.8999785559306,14.2999970950012,71.129997253418,86.0723321005416,,,5.032
ZMB,2019,0.48013272665923,1.44130602603785,1258.9861984446204,14.47189999,,93.0147820773422,,,5.538
ZMB,2020,0.431897234933218,-2.7850550654516724,951.6443166559574,14.64579964,81.7530087399265,100.235122888213,,,6.032
ZMB,2021,0.411108017009319,6.234922047264476,1127.1607787285725,14.82190037,79.9494621864846,103.28257957834,,,5.197
ZMB,2022,0.428949863290405,5.211223603562473,1447.1231013803465,15.0,79.9841479741156,98.4372601156219,,,5.993
ZMB,2023,0.681389878819039,5.36794285493059,1330.7278057670908,16.45070076,,102.06156495632,,,5.861
ZWE,2000,,-3.0591178057559887,562.8337574960761,0.401433535211582,,2.24049586047155,40.0179290771484,,5.685
ZWE,2001,0.0064400799839557,1.4395172772195792,566.3887464488722,0.799846045633137,,2.62282489639699,42.1351890563965,,5.313
ZWE,2002,0.023552959371021,-8.894012857927521,524.936478570323,1.1,,2.80268634448722,41.4578285217285,,5.005
ZWE,2003,0.0522059464911121,-16.995073335576322,468.4719329272126,1.8,,2.97286950320066,39.1011009216309,,4.738
ZWE,2004,0.0725139528910804,-5.807539641962052,469.7192989493038,2.1,,3.44289649532877,,,4.39
ZWE,2005,0.0815881401845262,-5.711125412413637,461.2713875479115,2.400000095,,5.18375075059487,,,4.632
ZWE,2006,0.0807189047235991,-3.461402903369631,431.0349944149641,2.400000095,,6.71981716376718,,,4.767
ZWE,2007,0.118790464710485,-3.653250914872004,413.52124459292514,3.0,,9.57238712914296,,,5.008
ZWE,2008,0.138898009429477,-17.668998795849063,340.9174475885724,3.5,,12.7687473922863,,,5.401
ZWE,2009,0.358599658063471,13.272054616797874,735.821693871697,4.0,,30.3664594808256,,,5.476
ZWE,2010,0.24706982672469,19.675407701932254,902.0107590673878,6.400000095,,57.6496262357609,,6.9457720142893,5.469
ZWE,2011,0.250084145959699,14.193915680113903,1037.775651572176,8.399999619,,67.6698277302716,,7.111226643716,5.368
ZWE,2012,0.520376234079784,16.665429041033747,1239.2270974570858,12.0,,91.2870035773198,75.8648109767885,7.12874147164551,5.057
ZWE,2013,0.741525786567077,1.9894855402519769,1362.9949832336792,15.5,,97.2838146490947,52.4158515930176,7.31873655658947,4.948
ZWE,2014,1.0715151211425,2.3769856166341725,1372.9152617316138,16.3647399572904,,83.0460608477621,,,4.774
ZWE,2015,1.13887667161631,1.779853563921762,1387.1263259502578,22.74279976,,88.5991977366782,,11.0489020370076,5.399
ZWE,2016,1.17009972538909,0.7557940585522402,1408.1394525343117,23.12000084,,88.2100456333277,,,5.896
ZWE,2017,1.26454162104636,4.734411177584818,3445.449410201338,24.39999962,,95.136682697741,,,6.35
ZWE,2018,1.35060459802592,5.009921542976031,2270.895318743022,25.0,,85.8627371320218,,,6.788
ZWE,2019,1.33860961244598,-6.332449760285712,2184.521553888009,26.5883007,93.2300033569336,86.4094297249598,,,7.373
ZWE,2020,1.31037848666133,-7.816950601887285,2059.6370402527414,29.29856532,,84.9604118996672,,,8.617
ZWE,2021,1.29980547197891,8.468016768080005,2613.6167414057018,32.5923996,,90.2538486226365,,,9.54
ZWE,2022,1.62150159909829,6.139263275702135,2536.401970875053,36.25650024,,88.9958314912836,,,10.087
ZWE,2023,1.5745780720211,5.350868790983299,2195.225020101743,38.67480087,,91.6344110473757,,,9.348
